Source,Target,Type,Label,rol,ano,Weight,fuente
ex.2,p.2547,Undirected,apoyo,apoyo,1956,1,MLT_DB_07_2016
ex.3,p.621,Undirected,artista,artista,1956,1,MLT_DB_07_2016
ex.3,p.1334,Undirected,artista,artista,1956,1,MLT_DB_07_2016
ex.3,p.23,Undirected,artista,artista,1956,1,MLT_DB_07_2016
ex.3,p.1024,Undirected,artista,artista,1956,1,MLT_DB_07_2016
ex.3,p.1228,Undirected,artista,artista,1956,1,MLT_DB_07_2016
ex.3,p.2331,Undirected,artista,artista,1956,1,MLT_DB_07_2016
ex.3,p.1178,Undirected,artista,artista,1956,1,MLT_DB_07_2016
ex.3,p.1558,Undirected,artista,artista,1956,1,MLT_DB_07_2016
ex.3,p.1094,Undirected,artista,artista,1956,1,MLT_DB_07_2016
ex.3,p.2465,Undirected,artista,artista,1956,1,MLT_DB_07_2016
ex.3,p.2259,Undirected,artista,artista,1956,1,MLT_DB_07_2016
ex.3,p.2089,Undirected,artista,artista,1956,1,MLT_DB_07_2016
ex.3,p.1497,Undirected,artista,artista,1956,1,MLT_DB_07_2016
ex.3,p.868,Undirected,artista,artista,1956,1,MLT_DB_07_2016
ex.3,p.2214,Undirected,artista,artista,1956,1,MLT_DB_07_2016
ex.3,p.1533,Undirected,artista,artista,1956,1,MLT_DB_07_2016
ex.4,p.41,Undirected,artista,artista,1956,1,MLT_DB_07_2016
ex.4,p.1334,Undirected,presentador,presentador,1956,1,MLT_DB_07_2016
ex.6,p.17,Undirected,artista,artista,1956,1,MLT_DB_07_2016
ex.6,p.3253,Undirected,presentador,presentador,1956,1,MLT_DB_07_2016
ex.7,p.1094,Undirected,artista,artista,1956,1,MLT_DB_07_2016
ex.7,p.3254,Undirected,presentador,presentador,1956,1,MLT_DB_07_2016
ex.8,p.41,Undirected,artista,artista,1956,1,MLT_DB_07_2016
ex.8,p.3255,Undirected,presentador,presentador,1956,1,MLT_DB_07_2016
ex.9,p.3256,Undirected,presentador,presentador,1956,1,MLT_DB_07_2016
ex.10,p.704,Undirected,artista,artista,1956,1,MLT_DB_07_2016
ex.10,p.3257,Undirected,presentador,presentador,1956,1,MLT_DB_07_2016
ex.11,p.23,Undirected,artista,artista,1956,1,MLT_DB_07_2016
ex.11,p.2453,Undirected,artista,artista,1956,1,MLT_DB_07_2016
ex.11,p.569,Undirected,presentador,presentador,1956,1,MLT_DB_07_2016
ex.12,p.2344,Undirected,artista,artista,1956,1,MLT_DB_07_2016
ex.12,p.3259,Undirected,presentador,presentador,1956,1,MLT_DB_07_2016
ex.13,p.621,Undirected,artista,artista,1957,1,MLT_DB_07_2016
ex.13,p.3260,Undirected,presentador,presentador,1957,1,MLT_DB_07_2016
ex.17,p.1094,Undirected,artista,artista,1957,1,MLT_DB_07_2016
ex.17,p.3263,Undirected,presentador,presentador,1957,1,MLT_DB_07_2016
ex.14,p.2366,Undirected,artista,artista,1957,1,MLT_DB_07_2016
ex.14,p.3261,Undirected,presentador,presentador,1957,1,MLT_DB_07_2016
ex.15,p.1089,Undirected,artista,artista,1957,1,MLT_DB_07_2016
ex.15,p.3262,Undirected,presentador,presentador,1957,1,MLT_DB_07_2016
ex.16,p.17,Undirected,artista,artista,1957,1,MLT_DB_07_2016
ex.16,p.1094,Undirected,artista,artista,1957,1,MLT_DB_07_2016
ex.16,p.1533,Undirected,artista,artista,1957,1,MLT_DB_07_2016
ex.16,p.2157,Undirected,artista,artista,1957,1,MLT_DB_07_2016
ex.16,p.1179,Undirected,artista,artista,1957,1,MLT_DB_07_2016
ex.16,p.23,Undirected,artista,artista,1957,1,MLT_DB_07_2016
ex.16,p.1997,Undirected,artista,artista,1957,1,MLT_DB_07_2016
ex.16,p.1334,Undirected,artista,artista,1957,1,MLT_DB_07_2016
ex.16,p.1529,Undirected,artista,artista,1957,1,MLT_DB_07_2016
ex.16,p.3263,Undirected,presentador,presentador,1957,1,MLT_DB_07_2016
ex.18,p.40,Undirected,artista,artista,1957,1,MLT_DB_07_2016
ex.18,p.3264,Undirected,presentador,presentador,1957,1,MLT_DB_07_2016
ex.19,p.4,Undirected,artista,artista,1957,1,MLT_DB_07_2016
ex.19,p.3265,Undirected,presentador,presentador,1957,1,MLT_DB_07_2016
ex.19,o.153,Undirected,apoyo,apoyo,1957,1,MLT_DB_07_2016
ex.20,p.590,Undirected,artista,artista,1957,1,MLT_DB_07_2016
ex.20,p.17,Undirected,artista,artista,1957,1,MLT_DB_07_2016
ex.20,p.3266,Undirected,presentador,presentador,1957,1,MLT_DB_07_2016
ex.21,p.2356,Undirected,artista,artista,1958,1,MLT_DB_07_2016
ex.21,p.1094,Undirected,presentador,presentador,1958,1,MLT_DB_07_2016
ex.21,o.153,Undirected,apoyo,apoyo,1958,1,MLT_DB_07_2016
ex.22,p.3264,Undirected,presentador,presentador,1958,1,MLT_DB_07_2016
ex.23,p.997,Undirected,artista,artista,1958,1,MLT_DB_07_2016
ex.24,p.2360,Undirected,artista,artista,1958,1,MLT_DB_07_2016
ex.24,p.3262,Undirected,presentador,presentador,1958,1,MLT_DB_07_2016
ex.25,p.666,Undirected,artista,artista,1958,1,MLT_DB_07_2016
ex.25,p.569,Undirected,presentador,presentador,1958,1,MLT_DB_07_2016
ex.28,p.1997,Undirected,artista,artista,1958,1,MLT_DB_07_2016
ex.28,p.3268,Undirected,presentador,presentador,1958,1,MLT_DB_07_2016
ex.30,p.3269,Undirected,presentador,presentador,1958,1,MLT_DB_07_2016
ex.31,p.17,Undirected,artista,artista,1958,1,MLT_DB_07_2016
ex.31,p.44,Undirected,artista,artista,1958,1,MLT_DB_07_2016
ex.31,p.3270,Undirected,presentador,presentador,1958,1,MLT_DB_07_2016
ex.32,p.23,Undirected,artista,artista,1959,1,MLT_DB_07_2016
ex.33,p.2324,Undirected,artista,artista,1959,1,MLT_DB_07_2016
ex.34,p.3271,Undirected,presentador,presentador,1959,1,MLT_DB_07_2016
ex.35,p.1300,Undirected,artista,artista,1959,1,MLT_DB_07_2016
ex.35,o.153,Undirected,apoyo,apoyo,1959,1,MLT_DB_07_2016
ex.36,p.685,Undirected,artista,artista,1959,1,MLT_DB_07_2016
ex.38,p.687,Undirected,artista,artista,1960,1,MLT_DB_07_2016
ex.39,p.1026,Undirected,artista,artista,1960,1,MLT_DB_07_2016
ex.40,p.20,Undirected,artista,artista,1960,1,MLT_DB_07_2016
ex.41,p.24,Undirected,artista,artista,1960,1,MLT_DB_07_2016
ex.50,p.17,Undirected,artista,artista,1960,1,MLT_DB_07_2016
ex.50,p.2705,Undirected,artista,artista,1960,1,MLT_DB_07_2016
ex.50,p.2945,Undirected,artista,artista,1960,1,MLT_DB_07_2016
ex.50,p.24,Undirected,artista,artista,1960,1,MLT_DB_07_2016
ex.50,p.23,Undirected,artista,artista,1960,1,MLT_DB_07_2016
ex.50,p.1300,Undirected,artista,artista,1960,1,MLT_DB_07_2016
ex.50,p.2563,Undirected,artista,artista,1960,1,MLT_DB_07_2016
ex.50,p.2360,Undirected,artista,artista,1960,1,MLT_DB_07_2016
ex.50,p.2747,Undirected,artista,artista,1960,1,MLT_DB_07_2016
ex.50,p.3273,Undirected,presentador,presentador,1960,1,MLT_DB_07_2016
ex.42,p.218,Undirected,artista,artista,1960,1,MLT_DB_07_2016
ex.43,p.1184,Undirected,artista,artista,1960,1,MLT_DB_07_2016
ex.44,p.23,Undirected,artista,artista,1960,1,MLT_DB_07_2016
ex.45,p.1456,Undirected,artista,artista,1960,1,MLT_DB_07_2016
ex.45,p.858,Undirected,artista,artista,1960,1,MLT_DB_07_2016
ex.46,p.1998,Undirected,artista,artista,1960,1,MLT_DB_07_2016
ex.47,p.272,Undirected,artista,artista,1960,1,MLT_DB_07_2016
ex.48,p.1300,Undirected,artista,artista,1960,1,MLT_DB_07_2016
ex.48,o.153,Undirected,apoyo,apoyo,1960,1,MLT_DB_07_2016
ex.49,p.1794,Undirected,artista,artista,1960,1,MLT_DB_07_2016
ex.49,p.3272,Undirected,presentador,presentador,1960,1,MLT_DB_07_2016
ex.51,p.848,Undirected,artista,artista,1961,1,MLT_DB_07_2016
ex.51,p.3260,Undirected,presentador,presentador,1961,1,MLT_DB_07_2016
ex.52,o.38,Undirected,apoyo,apoyo,1961,1,MLT_DB_07_2016
ex.53,p.2474,Undirected,artista,artista,1961,1,MLT_DB_07_2016
ex.54,p.1533,Undirected,artista,artista,1961,1,MLT_DB_07_2016
ex.55,p.1731,Undirected,artista,artista,1961,1,MLT_DB_07_2016
ex.56,p.1,Undirected,artista,artista,1961,1,MLT_DB_07_2016
ex.57,p.41,Undirected,artista,artista,1961,1,MLT_DB_07_2016
ex.57,p.1334,Undirected,artista,artista,1961,1,MLT_DB_07_2016
ex.58,p.1,Undirected,artista,artista,1961,1,MLT_DB_07_2016
ex.58,o.270,Undirected,apoyo,apoyo,1961,1,MLT_DB_07_2016
ex.58,o.53,Undirected,apoyo,apoyo,1961,1,MLT_DB_07_2016
ex.59,p.674,Undirected,artista,artista,1961,1,MLT_DB_07_2016
ex.60,p.3274,Undirected,presentador,presentador,1961,1,MLT_DB_07_2016
ex.61,p.108,Undirected,artista,artista,1961,1,MLT_DB_07_2016
ex.62,p.1300,Undirected,artista,artista,1961,1,MLT_DB_07_2016
ex.63,p.126,Undirected,artista,artista,1961,1,MLT_DB_07_2016
ex.63,p.685,Undirected,artista,artista,1961,1,MLT_DB_07_2016
ex.63,p.985,Undirected,artista,artista,1961,1,MLT_DB_07_2016
ex.63,o.53,Undirected,apoyo,apoyo,1961,1,MLT_DB_07_2016
ex.64,p.932,Undirected,artista,artista,1962,1,MLT_DB_07_2016
ex.65,p.1642,Undirected,artista,artista,1962,1,MLT_DB_07_2016
ex.71,p.1642,Undirected,artista,artista,1962,1,MLT_DB_07_2016
ex.66,p.2080,Undirected,artista,artista,1962,1,MLT_DB_07_2016
ex.66,p.2140,Undirected,artista,artista,1962,1,MLT_DB_07_2016
ex.66,o.73,Undirected,apoyo,apoyo,1962,1,MLT_DB_07_2016
ex.67,p.154,Undirected,artista,artista,1962,1,MLT_DB_07_2016
ex.70,p.687,Undirected,artista,artista,1962,1,MLT_DB_07_2016
ex.72,p.17,Undirected,artista,artista,1962,1,MLT_DB_07_2016
ex.72,p.68,Undirected,artista,artista,1962,1,MLT_DB_07_2016
ex.73,p.2546,Undirected,apoyo,apoyo,1963,1,MLT_DB_07_2016
ex.73,p.3247,Undirected,apoyo,apoyo,1963,1,MLT_DB_07_2016
ex.74,p.68,Undirected,artista,artista,1963,1,MLT_DB_07_2016
ex.75,p.674,Undirected,artista,artista,1963,1,MLT_DB_07_2016
ex.76,p.1642,Undirected,artista,artista,1963,1,MLT_DB_07_2016
ex.77,p.2449,Undirected,artista,artista,1963,1,MLT_DB_07_2016
ex.77,p.685,Undirected,artista,artista,1963,1,MLT_DB_07_2016
ex.77,p.68,Undirected,artista,artista,1963,1,MLT_DB_07_2016
ex.77,p.621,Undirected,artista,artista,1963,1,MLT_DB_07_2016
ex.77,p.21,Undirected,artista,artista,1963,1,MLT_DB_07_2016
ex.77,p.116,Undirected,artista,artista,1963,1,MLT_DB_07_2016
ex.77,p.626,Undirected,artista,artista,1963,1,MLT_DB_07_2016
ex.77,p.12,Undirected,artista,artista,1963,1,MLT_DB_07_2016
ex.77,p.687,Undirected,artista,artista,1963,1,MLT_DB_07_2016
ex.77,p.35,Undirected,artista,artista,1963,1,MLT_DB_07_2016
ex.77,p.7,Undirected,artista,artista,1963,1,MLT_DB_07_2016
ex.77,p.44,Undirected,artista,artista,1963,1,MLT_DB_07_2016
ex.77,p.41,Undirected,artista,artista,1963,1,MLT_DB_07_2016
ex.77,p.128,Undirected,artista,artista,1963,1,MLT_DB_07_2016
ex.77,p.405,Undirected,artista,artista,1963,1,MLT_DB_07_2016
ex.77,p.218,Undirected,artista,artista,1963,1,MLT_DB_07_2016
ex.77,p.20,Undirected,artista,artista,1963,1,MLT_DB_07_2016
ex.77,p.1179,Undirected,artista,artista,1963,1,MLT_DB_07_2016
ex.77,p.560,Undirected,artista,artista,1963,1,MLT_DB_07_2016
ex.77,p.23,Undirected,artista,artista,1963,1,MLT_DB_07_2016
ex.77,p.17,Undirected,artista,artista,1963,1,MLT_DB_07_2016
ex.77,p.1300,Undirected,artista,artista,1963,1,MLT_DB_07_2016
ex.77,p.2080,Undirected,artista,artista,1963,1,MLT_DB_07_2016
ex.77,p.517,Undirected,artista,artista,1963,1,MLT_DB_07_2016
ex.77,p.157,Undirected,artista,artista,1963,1,MLT_DB_07_2016
ex.77,p.1334,Undirected,artista,artista,1963,1,MLT_DB_07_2016
ex.77,p.2,Undirected,artista,artista,1963,1,MLT_DB_07_2016
ex.77,p.39,Undirected,artista,artista,1963,1,MLT_DB_07_2016
ex.78,p.2575,Undirected,artista,artista,1964,1,MLT_DB_07_2016
ex.78,p.2583,Undirected,artista,artista,1964,1,MLT_DB_07_2016
ex.78,p.2625,Undirected,artista,artista,1964,1,MLT_DB_07_2016
ex.78,p.2648,Undirected,artista,artista,1964,1,MLT_DB_07_2016
ex.78,p.2659,Undirected,artista,artista,1964,1,MLT_DB_07_2016
ex.78,p.2668,Undirected,artista,artista,1964,1,MLT_DB_07_2016
ex.78,p.2686,Undirected,artista,artista,1964,1,MLT_DB_07_2016
ex.78,p.2706,Undirected,artista,artista,1964,1,MLT_DB_07_2016
ex.78,p.2732,Undirected,artista,artista,1964,1,MLT_DB_07_2016
ex.78,p.2758,Undirected,artista,artista,1964,1,MLT_DB_07_2016
ex.78,p.2767,Undirected,artista,artista,1964,1,MLT_DB_07_2016
ex.78,p.2772,Undirected,artista,artista,1964,1,MLT_DB_07_2016
ex.78,p.2799,Undirected,artista,artista,1964,1,MLT_DB_07_2016
ex.78,p.2886,Undirected,artista,artista,1964,1,MLT_DB_07_2016
ex.78,p.3020,Undirected,artista,artista,1964,1,MLT_DB_07_2016
ex.78,p.3100,Undirected,artista,artista,1964,1,MLT_DB_07_2016
ex.78,p.3112,Undirected,artista,artista,1964,1,MLT_DB_07_2016
ex.78,p.3121,Undirected,artista,artista,1964,1,MLT_DB_07_2016
ex.78,p.2982,Undirected,artista,artista,1964,1,MLT_DB_07_2016
ex.78,p.2618,Undirected,artista,artista,1964,1,MLT_DB_07_2016
ex.78,p.2754,Undirected,artista,artista,1964,1,MLT_DB_07_2016
ex.78,p.3101,Undirected,artista,artista,1964,1,MLT_DB_07_2016
ex.78,p.3143,Undirected,artista,artista,1964,1,MLT_DB_07_2016
ex.78,o.237,Undirected,apoyo,apoyo,1964,1,MLT_DB_07_2016
ex.79,o.179,Undirected,apoyo,apoyo,1964,1,MLT_DB_07_2016
ex.80,p.44,Undirected,artista,artista,1964,1,MLT_DB_07_2016
ex.81,p.12,Undirected,artista,artista,1964,1,MLT_DB_07_2016
ex.81,p.41,Undirected,artista,artista,1964,1,MLT_DB_07_2016
ex.81,p.17,Undirected,artista,artista,1964,1,MLT_DB_07_2016
ex.81,p.20,Undirected,artista,artista,1964,1,MLT_DB_07_2016
ex.81,p.1959,Undirected,artista,artista,1964,1,MLT_DB_07_2016
ex.81,p.108,Undirected,artista,artista,1964,1,MLT_DB_07_2016
ex.81,p.1770,Undirected,artista,artista,1964,1,MLT_DB_07_2016
ex.81,p.1412,Undirected,artista,artista,1964,1,MLT_DB_07_2016
ex.82,p.7,Undirected,artista,artista,1964,1,MLT_DB_07_2016
ex.83,p.455,Undirected,artista,artista,1964,1,MLT_DB_07_2016
ex.84,p.2899,Undirected,artista,artista,1964,1,MLT_DB_07_2016
ex.84,p.2955,Undirected,artista,artista,1964,1,MLT_DB_07_2016
ex.84,p.2946,Undirected,artista,artista,1964,1,MLT_DB_07_2016
ex.84,p.157,Undirected,artista,artista,1964,1,MLT_DB_07_2016
ex.84,p.2928,Undirected,artista,artista,1964,1,MLT_DB_07_2016
ex.84,p.312,Undirected,artista,artista,1964,1,MLT_DB_07_2016
ex.84,p.2704,Undirected,artista,artista,1964,1,MLT_DB_07_2016
ex.84,p.2766,Undirected,artista,artista,1964,1,MLT_DB_07_2016
ex.84,p.17,Undirected,artista,artista,1964,1,MLT_DB_07_2016
ex.84,p.44,Undirected,artista,artista,1964,1,MLT_DB_07_2016
ex.84,p.2944,Undirected,artista,artista,1964,1,MLT_DB_07_2016
ex.84,p.2938,Undirected,artista,artista,1964,1,MLT_DB_07_2016
ex.84,p.1194,Undirected,artista,artista,1964,1,MLT_DB_07_2016
ex.84,p.2449,Undirected,artista,artista,1964,1,MLT_DB_07_2016
ex.84,p.2802,Undirected,artista,artista,1964,1,MLT_DB_07_2016
ex.84,p.560,Undirected,artista,artista,1964,1,MLT_DB_07_2016
ex.84,p.3068,Undirected,artista,artista,1964,1,MLT_DB_07_2016
ex.84,p.2854,Undirected,artista,artista,1964,1,MLT_DB_07_2016
ex.84,p.9,Undirected,artista,artista,1964,1,MLT_DB_07_2016
ex.84,p.2798,Undirected,artista,artista,1964,1,MLT_DB_07_2016
ex.84,p.2940,Undirected,artista,artista,1964,1,MLT_DB_07_2016
ex.84,p.2642,Undirected,artista,artista,1964,1,MLT_DB_07_2016
ex.84,p.2900,Undirected,artista,artista,1964,1,MLT_DB_07_2016
ex.85,p.154,Undirected,artista,artista,1964,1,MLT_DB_07_2016
ex.86,p.157,Undirected,artista,artista,1964,1,MLT_DB_07_2016
ex.87,p.17,Undirected,artista,artista,1964,1,MLT_DB_07_2016
ex.88,p.2449,Undirected,artista,artista,1964,1,MLT_DB_07_2016
ex.89,p.68,Undirected,artista,artista,1964,1,MLT_DB_07_2016
ex.89,p.687,Undirected,artista,artista,1964,1,MLT_DB_07_2016
ex.90,p.12,Undirected,artista,artista,1965,1,MLT_DB_07_2016
ex.91,p.218,Undirected,artista,artista,1965,1,MLT_DB_07_2016
ex.92,p.23,Undirected,artista,artista,1965,1,MLT_DB_07_2016
ex.93,p.41,Undirected,artista,artista,1965,1,MLT_DB_07_2016
ex.94,p.2224,Undirected,artista,artista,1965,1,MLT_DB_07_2016
ex.95,p.17,Undirected,artista,artista,1965,1,MLT_DB_07_2016
ex.96,p.68,Undirected,artista,artista,1965,1,MLT_DB_07_2016
ex.97,p.9,Undirected,artista,artista,1965,1,MLT_DB_07_2016
ex.98,p.7,Undirected,artista,artista,1965,1,MLT_DB_07_2016
ex.100,o.41,Undirected,apoyo,apoyo,1966,1,MLT_DB_07_2016
ex.101,p.261,Undirected,artista,artista,1966,1,MLT_DB_07_2016
ex.101,p.2302,Undirected,artista,artista,1966,1,MLT_DB_07_2016
ex.102,p.654,Undirected,artista,artista,1966,1,MLT_DB_07_2016
ex.103,p.1390,Undirected,artista,artista,1966,1,MLT_DB_07_2016
ex.104,p.1481,Undirected,artista,artista,1966,1,MLT_DB_07_2016
ex.105,p.4,Undirected,artista,artista,1966,1,MLT_DB_07_2016
ex.106,p.533,Undirected,artista,artista,1966,1,MLT_DB_07_2016
ex.108,p.68,Undirected,artista,artista,1966,1,MLT_DB_07_2016
ex.109,p.12,Undirected,artista,artista,1966,1,MLT_DB_07_2016
ex.110,p.1174,Undirected,artista,artista,1966,1,MLT_DB_07_2016
ex.112,p.2064,Undirected,artista,artista,1966,1,MLT_DB_07_2016
ex.113,p.44,Undirected,artista,artista,1967,1,MLT_DB_07_2016
ex.114,p.17,Undirected,artista,artista,1967,1,MLT_DB_07_2016
ex.115,p.1064,Undirected,artista,artista,1967,1,MLT_DB_07_2016
ex.116,p.41,Undirected,artista,artista,1967,1,MLT_DB_07_2016
ex.117,p.16,Undirected,artista,artista,1967,1,MLT_DB_07_2016
ex.118,p.68,Undirected,artista,artista,1967,1,MLT_DB_07_2016
ex.825,p.2565,Undirected,artista,artista,1967,1,MLT_DB_07_2016
ex.125,p.2804,Undirected,artista,artista,1967,1,MLT_DB_07_2016
ex.119,p.24,Undirected,artista,artista,1967,1,MLT_DB_07_2016
ex.120,p.1968,Undirected,artista,artista,1967,1,MLT_DB_07_2016
ex.120,p.2298,Undirected,artista,artista,1967,1,MLT_DB_07_2016
ex.120,p.2296,Undirected,artista,artista,1967,1,MLT_DB_07_2016
ex.120,p.2516,Undirected,artista,artista,1967,1,MLT_DB_07_2016
ex.120,p.1166,Undirected,artista,artista,1967,1,MLT_DB_07_2016
ex.120,p.1100,Undirected,artista,artista,1967,1,MLT_DB_07_2016
ex.120,p.2393,Undirected,artista,artista,1967,1,MLT_DB_07_2016
ex.120,p.2528,Undirected,artista,artista,1967,1,MLT_DB_07_2016
ex.120,p.2493,Undirected,artista,artista,1967,1,MLT_DB_07_2016
ex.121,p.2321,Undirected,artista,artista,1967,1,MLT_DB_07_2016
ex.122,p.160,Undirected,artista,artista,1968,1,MLT_DB_07_2016
ex.124,p.748,Undirected,artista,artista,1968,1,MLT_DB_07_2016
ex.124,p.642,Undirected,artista,artista,1968,1,MLT_DB_07_2016
ex.124,p.1759,Undirected,artista,artista,1968,1,MLT_DB_07_2016
ex.124,p.1397,Undirected,artista,artista,1968,1,MLT_DB_07_2016
ex.124,p.201,Undirected,artista,artista,1968,1,MLT_DB_07_2016
ex.124,p.140,Undirected,artista,artista,1968,1,MLT_DB_07_2016
ex.124,p.2205,Undirected,artista,artista,1968,1,MLT_DB_07_2016
ex.124,p.2765,Undirected,artista,artista,1968,1,MLT_DB_07_2016
ex.124,p.2675,Undirected,artista,artista,1968,1,MLT_DB_07_2016
ex.124,p.2000,Undirected,artista,artista,1968,1,MLT_DB_07_2016
ex.124,p.55,Undirected,artista,artista,1968,1,MLT_DB_07_2016
ex.124,p.181,Undirected,artista,artista,1968,1,MLT_DB_07_2016
ex.124,p.2261,Undirected,artista,artista,1968,1,MLT_DB_07_2016
ex.124,p.515,Undirected,artista,artista,1968,1,MLT_DB_07_2016
ex.124,p.893,Undirected,artista,artista,1968,1,MLT_DB_07_2016
ex.124,p.2192,Undirected,artista,artista,1968,1,MLT_DB_07_2016
ex.124,p.755,Undirected,artista,artista,1968,1,MLT_DB_07_2016
ex.124,p.1404,Undirected,artista,artista,1968,1,MLT_DB_07_2016
ex.124,p.1625,Undirected,artista,artista,1968,1,MLT_DB_07_2016
ex.124,p.7,Undirected,artista,artista,1968,1,MLT_DB_07_2016
ex.124,p.68,Undirected,artista,artista,1968,1,MLT_DB_07_2016
ex.124,p.200,Undirected,artista,artista,1968,1,MLT_DB_07_2016
ex.124,p.16,Undirected,artista,artista,1968,1,MLT_DB_07_2016
ex.124,p.22,Undirected,artista,artista,1968,1,MLT_DB_07_2016
ex.124,p.217,Undirected,artista,artista,1968,1,MLT_DB_07_2016
ex.124,p.9,Undirected,artista,artista,1968,1,MLT_DB_07_2016
ex.124,p.12,Undirected,artista,artista,1968,1,MLT_DB_07_2016
ex.124,p.136,Undirected,artista,artista,1968,1,MLT_DB_07_2016
ex.124,p.160,Undirected,artista,artista,1968,1,MLT_DB_07_2016
ex.124,p.687,Undirected,artista,artista,1968,1,MLT_DB_07_2016
ex.124,p.35,Undirected,artista,artista,1968,1,MLT_DB_07_2016
ex.124,p.108,Undirected,artista,artista,1968,1,MLT_DB_07_2016
ex.124,p.178,Undirected,artista,artista,1968,1,MLT_DB_07_2016
ex.124,p.24,Undirected,artista,artista,1968,1,MLT_DB_07_2016
ex.124,p.2573,Undirected,artista,artista,1968,1,MLT_DB_07_2016
ex.124,p.1051,Undirected,artista,artista,1968,1,MLT_DB_07_2016
ex.124,p.44,Undirected,artista,artista,1968,1,MLT_DB_07_2016
ex.124,p.41,Undirected,artista,artista,1968,1,MLT_DB_07_2016
ex.124,p.1,Undirected,artista,artista,1968,1,MLT_DB_07_2016
ex.124,p.4,Undirected,artista,artista,1968,1,MLT_DB_07_2016
ex.124,p.218,Undirected,artista,artista,1968,1,MLT_DB_07_2016
ex.124,p.2602,Undirected,artista,artista,1968,1,MLT_DB_07_2016
ex.124,p.40,Undirected,artista,artista,1968,1,MLT_DB_07_2016
ex.124,p.127,Undirected,artista,artista,1968,1,MLT_DB_07_2016
ex.124,p.17,Undirected,artista,artista,1968,1,MLT_DB_07_2016
ex.124,p.23,Undirected,artista,artista,1968,1,MLT_DB_07_2016
ex.124,p.2080,Undirected,artista,artista,1968,1,MLT_DB_07_2016
ex.124,o.352,Undirected,apoyo,apoyo,1968,1,MLT_DB_07_2016
ex.124,o.310,Undirected,apoyo,apoyo,1968,1,MLT_DB_07_2016
ex.124,o.30,Undirected,apoyo,apoyo,1968,1,MLT_DB_07_2016
ex.126,p.22,Undirected,artista,artista,1968,1,MLT_DB_07_2016
ex.127,p.427,Undirected,artista,artista,1968,1,MLT_DB_07_2016
ex.128,p.2770,Undirected,artista,artista,1968,1,MLT_DB_07_2016
ex.128,p.2836,Undirected,artista,artista,1968,1,MLT_DB_07_2016
ex.128,p.2545,Undirected,apoyo,apoyo,1968,1,MLT_DB_07_2016
ex.129,o.338,Undirected,apoyo,apoyo,1968,1,MLT_DB_07_2016
ex.130,p.2137,Undirected,artista,artista,1968,1,MLT_DB_07_2016
ex.130,p.1785,Undirected,artista,artista,1968,1,MLT_DB_07_2016
ex.130,p.368,Undirected,artista,artista,1968,1,MLT_DB_07_2016
ex.130,p.1205,Undirected,artista,artista,1968,1,MLT_DB_07_2016
ex.130,p.1174,Undirected,artista,artista,1968,1,MLT_DB_07_2016
ex.130,p.146,Undirected,artista,artista,1968,1,MLT_DB_07_2016
ex.130,p.1039,Undirected,artista,artista,1968,1,MLT_DB_07_2016
ex.130,p.797,Undirected,artista,artista,1968,1,MLT_DB_07_2016
ex.130,p.757,Undirected,artista,artista,1968,1,MLT_DB_07_2016
ex.130,p.743,Undirected,artista,artista,1968,1,MLT_DB_07_2016
ex.130,p.587,Undirected,artista,artista,1968,1,MLT_DB_07_2016
ex.130,p.1695,Undirected,artista,artista,1968,1,MLT_DB_07_2016
ex.130,p.1596,Undirected,artista,artista,1968,1,MLT_DB_07_2016
ex.130,p.1514,Undirected,artista,artista,1968,1,MLT_DB_07_2016
ex.130,p.1215,Undirected,artista,artista,1968,1,MLT_DB_07_2016
ex.130,p.970,Undirected,artista,artista,1968,1,MLT_DB_07_2016
ex.130,p.409,Undirected,artista,artista,1968,1,MLT_DB_07_2016
ex.130,p.880,Undirected,artista,artista,1968,1,MLT_DB_07_2016
ex.130,p.2094,Undirected,artista,artista,1968,1,MLT_DB_07_2016
ex.130,p.2757,Undirected,artista,artista,1968,1,MLT_DB_07_2016
ex.130,p.167,Undirected,artista,artista,1968,1,MLT_DB_07_2016
ex.130,p.2848,Undirected,artista,artista,1968,1,MLT_DB_07_2016
ex.130,p.1142,Undirected,artista,artista,1968,1,MLT_DB_07_2016
ex.130,p.1362,Undirected,artista,artista,1968,1,MLT_DB_07_2016
ex.130,p.2274,Undirected,artista,artista,1968,1,MLT_DB_07_2016
ex.130,o.174,Undirected,apoyo,apoyo,1968,1,MLT_DB_07_2016
ex.130,o.277,Undirected,apoyo,apoyo,1968,1,MLT_DB_07_2016
ex.131,p.163,Undirected,artista,artista,1969,1,MLT_DB_07_2016
ex.132,p.2,Undirected,artista,artista,1969,1,MLT_DB_07_2016
ex.133,p.17,Undirected,artista,artista,1969,1,MLT_DB_07_2016
ex.134,p.8,Undirected,artista,artista,1969,1,MLT_DB_07_2016
ex.135,p.1624,Undirected,artista,artista,1969,1,MLT_DB_07_2016
ex.136,p.88,Undirected,artista,artista,1969,1,MLT_DB_07_2016
ex.136,p.1281,Undirected,artista,artista,1969,1,MLT_DB_07_2016
ex.136,o.160,Undirected,apoyo,apoyo,1969,1,MLT_DB_07_2016
ex.136,o.133,Undirected,apoyo,apoyo,1969,1,MLT_DB_07_2016
ex.137,p.12,Undirected,artista,artista,1969,1,MLT_DB_07_2016
ex.137,o.160,Undirected,apoyo,apoyo,1969,1,MLT_DB_07_2016
ex.138,p.7,Undirected,artista,artista,1969,1,MLT_DB_07_2016
ex.138,p.2176,Undirected,artista,artista,1969,1,MLT_DB_07_2016
ex.138,p.1222,Undirected,artista,artista,1969,1,MLT_DB_07_2016
ex.138,p.1557,Undirected,artista,artista,1969,1,MLT_DB_07_2016
ex.138,p.1681,Undirected,artista,artista,1969,1,MLT_DB_07_2016
ex.138,p.654,Undirected,artista,artista,1969,1,MLT_DB_07_2016
ex.138,p.2479,Undirected,artista,artista,1969,1,MLT_DB_07_2016
ex.138,p.626,Undirected,artista,artista,1969,1,MLT_DB_07_2016
ex.138,p.674,Undirected,artista,artista,1969,1,MLT_DB_07_2016
ex.138,p.1166,Undirected,artista,artista,1969,1,MLT_DB_07_2016
ex.138,p.35,Undirected,artista,artista,1969,1,MLT_DB_07_2016
ex.138,p.831,Undirected,artista,artista,1969,1,MLT_DB_07_2016
ex.138,p.352,Undirected,artista,artista,1969,1,MLT_DB_07_2016
ex.138,p.1291,Undirected,artista,artista,1969,1,MLT_DB_07_2016
ex.138,p.953,Undirected,artista,artista,1969,1,MLT_DB_07_2016
ex.138,p.1958,Undirected,artista,artista,1969,1,MLT_DB_07_2016
ex.138,p.1475,Undirected,artista,artista,1969,1,MLT_DB_07_2016
ex.138,p.703,Undirected,artista,artista,1969,1,MLT_DB_07_2016
ex.138,p.336,Undirected,artista,artista,1969,1,MLT_DB_07_2016
ex.138,p.39,Undirected,artista,artista,1969,1,MLT_DB_07_2016
ex.138,p.1735,Undirected,artista,artista,1969,1,MLT_DB_07_2016
ex.138,p.40,Undirected,artista,artista,1969,1,MLT_DB_07_2016
ex.138,p.4,Undirected,artista,artista,1969,1,MLT_DB_07_2016
ex.138,p.157,Undirected,artista,artista,1969,1,MLT_DB_07_2016
ex.138,o.19,Undirected,apoyo,apoyo,1969,1,MLT_DB_07_2016
ex.139,p.1520,Undirected,artista,artista,1969,1,MLT_DB_07_2016
ex.139,p.2398,Undirected,artista,artista,1969,1,MLT_DB_07_2016
ex.139,p.1631,Undirected,artista,artista,1969,1,MLT_DB_07_2016
ex.139,p.1911,Undirected,artista,artista,1969,1,MLT_DB_07_2016
ex.139,p.1586,Undirected,artista,artista,1969,1,MLT_DB_07_2016
ex.139,p.861,Undirected,artista,artista,1969,1,MLT_DB_07_2016
ex.139,p.827,Undirected,artista,artista,1969,1,MLT_DB_07_2016
ex.139,p.1521,Undirected,artista,artista,1969,1,MLT_DB_07_2016
ex.139,p.2318,Undirected,artista,artista,1969,1,MLT_DB_07_2016
ex.139,p.763,Undirected,artista,artista,1969,1,MLT_DB_07_2016
ex.139,p.1313,Undirected,artista,artista,1969,1,MLT_DB_07_2016
ex.139,p.2063,Undirected,artista,artista,1969,1,MLT_DB_07_2016
ex.139,p.1665,Undirected,artista,artista,1969,1,MLT_DB_07_2016
ex.139,p.1718,Undirected,artista,artista,1969,1,MLT_DB_07_2016
ex.139,p.966,Undirected,artista,artista,1969,1,MLT_DB_07_2016
ex.139,p.762,Undirected,artista,artista,1969,1,MLT_DB_07_2016
ex.139,p.2072,Undirected,artista,artista,1969,1,MLT_DB_07_2016
ex.139,p.789,Undirected,artista,artista,1969,1,MLT_DB_07_2016
ex.139,p.1555,Undirected,artista,artista,1969,1,MLT_DB_07_2016
ex.139,p.1667,Undirected,artista,artista,1969,1,MLT_DB_07_2016
ex.139,p.1539,Undirected,artista,artista,1969,1,MLT_DB_07_2016
ex.139,p.711,Undirected,artista,artista,1969,1,MLT_DB_07_2016
ex.139,p.2293,Undirected,artista,artista,1969,1,MLT_DB_07_2016
ex.139,p.1029,Undirected,artista,artista,1969,1,MLT_DB_07_2016
ex.139,p.1261,Undirected,artista,artista,1969,1,MLT_DB_07_2016
ex.139,p.725,Undirected,artista,artista,1969,1,MLT_DB_07_2016
ex.139,p.2039,Undirected,artista,artista,1969,1,MLT_DB_07_2016
ex.139,p.1585,Undirected,artista,artista,1969,1,MLT_DB_07_2016
ex.139,p.764,Undirected,artista,artista,1969,1,MLT_DB_07_2016
ex.139,p.2034,Undirected,artista,artista,1969,1,MLT_DB_07_2016
ex.139,p.1460,Undirected,artista,artista,1969,1,MLT_DB_07_2016
ex.139,p.1243,Undirected,artista,artista,1969,1,MLT_DB_07_2016
ex.139,p.2399,Undirected,artista,artista,1969,1,MLT_DB_07_2016
ex.139,p.1007,Undirected,artista,artista,1969,1,MLT_DB_07_2016
ex.139,o.159,Undirected,apoyo,apoyo,1969,1,MLT_DB_07_2016
ex.139,o.129,Undirected,apoyo,apoyo,1969,1,MLT_DB_07_2016
ex.140,p.455,Undirected,artista,artista,1969,1,MLT_DB_07_2016
ex.142,p.56,Undirected,artista,artista,1969,1,MLT_DB_07_2016
ex.142,p.2370,Undirected,artista,artista,1969,1,MLT_DB_07_2016
ex.142,p.38,Undirected,artista,artista,1969,1,MLT_DB_07_2016
ex.142,p.182,Undirected,artista,artista,1969,1,MLT_DB_07_2016
ex.142,p.905,Undirected,artista,artista,1969,1,MLT_DB_07_2016
ex.142,p.1416,Undirected,artista,artista,1969,1,MLT_DB_07_2016
ex.142,p.1519,Undirected,artista,artista,1969,1,MLT_DB_07_2016
ex.142,p.1945,Undirected,artista,artista,1969,1,MLT_DB_07_2016
ex.142,p.2538,Undirected,artista,artista,1969,1,MLT_DB_07_2016
ex.142,p.289,Undirected,artista,artista,1969,1,MLT_DB_07_2016
ex.142,p.955,Undirected,artista,artista,1969,1,MLT_DB_07_2016
ex.142,p.1062,Undirected,artista,artista,1969,1,MLT_DB_07_2016
ex.142,p.824,Undirected,artista,artista,1969,1,MLT_DB_07_2016
ex.142,p.1419,Undirected,artista,artista,1969,1,MLT_DB_07_2016
ex.142,p.2492,Undirected,artista,artista,1969,1,MLT_DB_07_2016
ex.142,p.57,Undirected,artista,artista,1969,1,MLT_DB_07_2016
ex.142,p.1264,Undirected,artista,artista,1969,1,MLT_DB_07_2016
ex.142,p.252,Undirected,artista,artista,1969,1,MLT_DB_07_2016
ex.142,p.914,Undirected,artista,artista,1969,1,MLT_DB_07_2016
ex.142,p.1999,Undirected,artista,artista,1969,1,MLT_DB_07_2016
ex.142,p.238,Undirected,artista,artista,1969,1,MLT_DB_07_2016
ex.142,p.2533,Undirected,artista,artista,1969,1,MLT_DB_07_2016
ex.142,p.22,Undirected,artista,artista,1969,1,MLT_DB_07_2016
ex.142,p.26,Undirected,artista,artista,1969,1,MLT_DB_07_2016
ex.142,p.12,Undirected,artista,artista,1969,1,MLT_DB_07_2016
ex.142,p.213,Undirected,artista,artista,1969,1,MLT_DB_07_2016
ex.142,p.4,Undirected,artista,artista,1969,1,MLT_DB_07_2016
ex.142,p.127,Undirected,artista,artista,1969,1,MLT_DB_07_2016
ex.142,p.17,Undirected,artista,artista,1969,1,MLT_DB_07_2016
ex.142,p.2225,Undirected,artista,artista,1969,1,MLT_DB_07_2016
ex.142,p.180,Undirected,artista,artista,1969,1,MLT_DB_07_2016
ex.142,p.699,Undirected,artista,artista,1969,1,MLT_DB_07_2016
ex.142,p.1357,Undirected,artista,artista,1969,1,MLT_DB_07_2016
ex.142,p.2521,Undirected,artista,artista,1969,1,MLT_DB_07_2016
ex.142,p.169,Undirected,artista,artista,1969,1,MLT_DB_07_2016
ex.141,p.1133,Undirected,artista,artista,1969,1,MLT_DB_07_2016
ex.141,p.8,Undirected,artista,artista,1969,1,MLT_DB_07_2016
ex.141,p.22,Undirected,artista,artista,1969,1,MLT_DB_07_2016
ex.141,p.2424,Undirected,artista,artista,1969,1,MLT_DB_07_2016
ex.141,p.497,Undirected,artista,artista,1969,1,MLT_DB_07_2016
ex.141,p.9,Undirected,artista,artista,1969,1,MLT_DB_07_2016
ex.141,p.626,Undirected,artista,artista,1969,1,MLT_DB_07_2016
ex.141,p.12,Undirected,artista,artista,1969,1,MLT_DB_07_2016
ex.141,p.35,Undirected,artista,artista,1969,1,MLT_DB_07_2016
ex.141,p.674,Undirected,artista,artista,1969,1,MLT_DB_07_2016
ex.141,p.77,Undirected,artista,artista,1969,1,MLT_DB_07_2016
ex.141,p.108,Undirected,artista,artista,1969,1,MLT_DB_07_2016
ex.141,p.24,Undirected,artista,artista,1969,1,MLT_DB_07_2016
ex.141,p.455,Undirected,artista,artista,1969,1,MLT_DB_07_2016
ex.141,p.4,Undirected,artista,artista,1969,1,MLT_DB_07_2016
ex.141,p.218,Undirected,artista,artista,1969,1,MLT_DB_07_2016
ex.141,p.20,Undirected,artista,artista,1969,1,MLT_DB_07_2016
ex.141,p.40,Undirected,artista,artista,1969,1,MLT_DB_07_2016
ex.141,p.127,Undirected,artista,artista,1969,1,MLT_DB_07_2016
ex.141,p.23,Undirected,artista,artista,1969,1,MLT_DB_07_2016
ex.141,p.17,Undirected,artista,artista,1969,1,MLT_DB_07_2016
ex.141,p.41,Undirected,artista,artista,1969,1,MLT_DB_07_2016
ex.141,p.44,Undirected,artista,artista,1969,1,MLT_DB_07_2016
ex.141,p.68,Undirected,artista,artista,1969,1,MLT_DB_07_2016
ex.141,p.739,Undirected,artista,artista,1969,1,MLT_DB_07_2016
ex.141,p.2071,Undirected,artista,artista,1969,1,MLT_DB_07_2016
ex.141,p.1771,Undirected,artista,artista,1969,1,MLT_DB_07_2016
ex.141,p.1354,Undirected,artista,artista,1969,1,MLT_DB_07_2016
ex.141,p.1357,Undirected,artista,artista,1969,1,MLT_DB_07_2016
ex.141,p.2143,Undirected,artista,artista,1969,1,MLT_DB_07_2016
ex.141,p.2450,Undirected,artista,artista,1969,1,MLT_DB_07_2016
ex.141,p.535,Undirected,artista,artista,1969,1,MLT_DB_07_2016
ex.141,p.201,Undirected,artista,artista,1969,1,MLT_DB_07_2016
ex.141,p.1106,Undirected,artista,artista,1969,1,MLT_DB_07_2016
ex.141,p.1955,Undirected,artista,artista,1969,1,MLT_DB_07_2016
ex.141,p.2172,Undirected,artista,artista,1969,1,MLT_DB_07_2016
ex.141,p.172,Undirected,artista,artista,1969,1,MLT_DB_07_2016
ex.141,p.2077,Undirected,artista,artista,1969,1,MLT_DB_07_2016
ex.141,p.140,Undirected,artista,artista,1969,1,MLT_DB_07_2016
ex.141,o.178,Undirected,apoyo,apoyo,1969,1,MLT_DB_07_2016
ex.141,o.67,Undirected,apoyo,apoyo,1969,1,MLT_DB_07_2016
ex.141,o.66,Undirected,apoyo,apoyo,1969,1,MLT_DB_07_2016
ex.141,o.257,Undirected,apoyo,apoyo,1969,1,MLT_DB_07_2016
ex.141,o.258,Undirected,apoyo,apoyo,1969,1,MLT_DB_07_2016
ex.141,o.63,Undirected,apoyo,apoyo,1969,1,MLT_DB_07_2016
ex.141,o.93,Undirected,apoyo,apoyo,1969,1,MLT_DB_07_2016
ex.141,o.295,Undirected,apoyo,apoyo,1969,1,MLT_DB_07_2016
ex.141,o.97,Undirected,apoyo,apoyo,1969,1,MLT_DB_07_2016
ex.141,o.267,Undirected,apoyo,apoyo,1969,1,MLT_DB_07_2016
ex.141,o.75,Undirected,apoyo,apoyo,1969,1,MLT_DB_07_2016
ex.141,o.268,Undirected,apoyo,apoyo,1969,1,MLT_DB_07_2016
ex.141,o.121,Undirected,apoyo,apoyo,1969,1,MLT_DB_07_2016
ex.141,o.94,Undirected,apoyo,apoyo,1969,1,MLT_DB_07_2016
ex.141,o.120,Undirected,apoyo,apoyo,1969,1,MLT_DB_07_2016
ex.141,o.85,Undirected,apoyo,apoyo,1969,1,MLT_DB_07_2016
ex.141,o.375,Undirected,apoyo,apoyo,1969,1,MLT_DB_07_2016
ex.141,o.262,Undirected,apoyo,apoyo,1969,1,MLT_DB_07_2016
ex.141,o.194,Undirected,apoyo,apoyo,1969,1,MLT_DB_07_2016
ex.141,o.191,Undirected,apoyo,apoyo,1969,1,MLT_DB_07_2016
ex.141,o.89,Undirected,apoyo,apoyo,1969,1,MLT_DB_07_2016
ex.141,o.349,Undirected,apoyo,apoyo,1969,1,MLT_DB_07_2016
ex.141,o.53,Undirected,apoyo,apoyo,1969,1,MLT_DB_07_2016
ex.141,o.117,Undirected,apoyo,apoyo,1969,1,MLT_DB_07_2016
ex.141,o.360,Undirected,apoyo,apoyo,1969,1,MLT_DB_07_2016
ex.141,o.256,Undirected,apoyo,apoyo,1969,1,MLT_DB_07_2016
ex.141,o.305,Undirected,apoyo,apoyo,1969,1,MLT_DB_07_2016
ex.141,o.187,Undirected,apoyo,apoyo,1969,1,MLT_DB_07_2016
ex.141,o.239,Undirected,apoyo,apoyo,1969,1,MLT_DB_07_2016
ex.141,o.50,Undirected,apoyo,apoyo,1969,1,MLT_DB_07_2016
ex.141,o.96,Undirected,apoyo,apoyo,1969,1,MLT_DB_07_2016
ex.141,o.395,Undirected,apoyo,apoyo,1969,1,MLT_DB_07_2016
ex.141,o.294,Undirected,apoyo,apoyo,1969,1,MLT_DB_07_2016
ex.141,o.388,Undirected,apoyo,apoyo,1969,1,MLT_DB_07_2016
ex.141,o.260,Undirected,apoyo,apoyo,1969,1,MLT_DB_07_2016
ex.141,o.126,Undirected,apoyo,apoyo,1969,1,MLT_DB_07_2016
ex.141,o.112,Undirected,apoyo,apoyo,1969,1,MLT_DB_07_2016
ex.141,o.377,Undirected,apoyo,apoyo,1969,1,MLT_DB_07_2016
ex.141,o.124,Undirected,apoyo,apoyo,1969,1,MLT_DB_07_2016
ex.141,o.48,Undirected,apoyo,apoyo,1969,1,MLT_DB_07_2016
ex.141,o.193,Undirected,apoyo,apoyo,1969,1,MLT_DB_07_2016
ex.141,p.3249,Undirected,apoyo,apoyo,1969,1,MLT_DB_07_2016
ex.141,o.291,Undirected,apoyo,apoyo,1969,1,MLT_DB_07_2016
ex.141,o.314,Undirected,apoyo,apoyo,1969,1,MLT_DB_07_2016
ex.141,o.297,Undirected,apoyo,apoyo,1969,1,MLT_DB_07_2016
ex.141,p.2548,Undirected,apoyo,apoyo,1969,1,MLT_DB_07_2016
ex.141,o.283,Undirected,apoyo,apoyo,1969,1,MLT_DB_07_2016
ex.141,o.57,Undirected,apoyo,apoyo,1969,1,MLT_DB_07_2016
ex.141,o.396,Undirected,apoyo,apoyo,1969,1,MLT_DB_07_2016
ex.141,o.142,Undirected,apoyo,apoyo,1969,1,MLT_DB_07_2016
ex.141,o.406,Undirected,apoyo,apoyo,1969,1,MLT_DB_07_2016
ex.141,o.296,Undirected,apoyo,apoyo,1969,1,MLT_DB_07_2016
ex.141,o.64,Undirected,apoyo,apoyo,1969,1,MLT_DB_07_2016
ex.141,o.242,Undirected,apoyo,apoyo,1969,1,MLT_DB_07_2016
ex.141,o.196,Undirected,apoyo,apoyo,1969,1,MLT_DB_07_2016
ex.141,o.79,Undirected,apoyo,apoyo,1969,1,MLT_DB_07_2016
ex.141,o.189,Undirected,apoyo,apoyo,1969,1,MLT_DB_07_2016
ex.141,o.342,Undirected,apoyo,apoyo,1969,1,MLT_DB_07_2016
ex.141,o.52,Undirected,apoyo,apoyo,1969,1,MLT_DB_07_2016
ex.141,o.343,Undirected,apoyo,apoyo,1969,1,MLT_DB_07_2016
ex.141,o.114,Undirected,apoyo,apoyo,1969,1,MLT_DB_07_2016
ex.141,o.341,Undirected,apoyo,apoyo,1969,1,MLT_DB_07_2016
ex.144,p.68,Undirected,artista,artista,1969,1,MLT_DB_07_2016
ex.145,o.171,Undirected,apoyo,apoyo,1969,1,MLT_DB_07_2016
ex.146,p.581,Undirected,artista,artista,1969,1,MLT_DB_07_2016
ex.146,p.3275,Undirected,presentador,presentador,1969,1,MLT_DB_07_2016
ex.146,o.160,Undirected,apoyo,apoyo,1969,1,MLT_DB_07_2016
ex.147,p.1580,Undirected,artista,artista,1970,1,MLT_DB_07_2016
ex.148,p.73,Undirected,artista,artista,1970,1,MLT_DB_07_2016
ex.826,p.2739,Undirected,artista,artista,1970,1,MLT_DB_07_2016
ex.149,p.571,Undirected,artista,artista,1970,1,MLT_DB_07_2016
ex.149,o.237,Undirected,apoyo,apoyo,1970,1,MLT_DB_07_2016
ex.150,p.7,Undirected,artista,artista,1970,1,MLT_DB_07_2016
ex.151,p.1568,Undirected,artista,artista,1970,1,MLT_DB_07_2016
ex.151,p.294,Undirected,artista,artista,1970,1,MLT_DB_07_2016
ex.151,p.1872,Undirected,artista,artista,1970,1,MLT_DB_07_2016
ex.151,p.1369,Undirected,artista,artista,1970,1,MLT_DB_07_2016
ex.151,p.426,Undirected,artista,artista,1970,1,MLT_DB_07_2016
ex.151,p.567,Undirected,artista,artista,1970,1,MLT_DB_07_2016
ex.151,p.355,Undirected,artista,artista,1970,1,MLT_DB_07_2016
ex.151,p.1298,Undirected,artista,artista,1970,1,MLT_DB_07_2016
ex.151,p.937,Undirected,artista,artista,1970,1,MLT_DB_07_2016
ex.151,p.2537,Undirected,artista,artista,1970,1,MLT_DB_07_2016
ex.151,p.1572,Undirected,artista,artista,1970,1,MLT_DB_07_2016
ex.151,p.185,Undirected,artista,artista,1970,1,MLT_DB_07_2016
ex.151,p.716,Undirected,artista,artista,1970,1,MLT_DB_07_2016
ex.151,p.2048,Undirected,artista,artista,1970,1,MLT_DB_07_2016
ex.151,p.1725,Undirected,artista,artista,1970,1,MLT_DB_07_2016
ex.151,p.1648,Undirected,artista,artista,1970,1,MLT_DB_07_2016
ex.151,p.1457,Undirected,artista,artista,1970,1,MLT_DB_07_2016
ex.151,p.1103,Undirected,artista,artista,1970,1,MLT_DB_07_2016
ex.151,p.1467,Undirected,artista,artista,1970,1,MLT_DB_07_2016
ex.151,p.501,Undirected,artista,artista,1970,1,MLT_DB_07_2016
ex.151,p.913,Undirected,artista,artista,1970,1,MLT_DB_07_2016
ex.151,p.321,Undirected,artista,artista,1970,1,MLT_DB_07_2016
ex.151,p.837,Undirected,artista,artista,1970,1,MLT_DB_07_2016
ex.151,p.2049,Undirected,artista,artista,1970,1,MLT_DB_07_2016
ex.151,p.2480,Undirected,artista,artista,1970,1,MLT_DB_07_2016
ex.151,p.1424,Undirected,artista,artista,1970,1,MLT_DB_07_2016
ex.151,p.1828,Undirected,artista,artista,1970,1,MLT_DB_07_2016
ex.151,p.2253,Undirected,artista,artista,1970,1,MLT_DB_07_2016
ex.151,p.468,Undirected,artista,artista,1970,1,MLT_DB_07_2016
ex.151,p.2189,Undirected,artista,artista,1970,1,MLT_DB_07_2016
ex.151,p.964,Undirected,artista,artista,1970,1,MLT_DB_07_2016
ex.151,p.1462,Undirected,artista,artista,1970,1,MLT_DB_07_2016
ex.151,p.1370,Undirected,artista,artista,1970,1,MLT_DB_07_2016
ex.151,p.746,Undirected,artista,artista,1970,1,MLT_DB_07_2016
ex.151,p.2207,Undirected,artista,artista,1970,1,MLT_DB_07_2016
ex.151,p.912,Undirected,artista,artista,1970,1,MLT_DB_07_2016
ex.151,p.2068,Undirected,artista,artista,1970,1,MLT_DB_07_2016
ex.151,p.2011,Undirected,artista,artista,1970,1,MLT_DB_07_2016
ex.151,p.2206,Undirected,artista,artista,1970,1,MLT_DB_07_2016
ex.151,p.1293,Undirected,artista,artista,1970,1,MLT_DB_07_2016
ex.151,p.1372,Undirected,artista,artista,1970,1,MLT_DB_07_2016
ex.151,p.1005,Undirected,artista,artista,1970,1,MLT_DB_07_2016
ex.151,p.709,Undirected,artista,artista,1970,1,MLT_DB_07_2016
ex.151,p.1751,Undirected,artista,artista,1970,1,MLT_DB_07_2016
ex.151,p.220,Undirected,artista,artista,1970,1,MLT_DB_07_2016
ex.151,p.904,Undirected,artista,artista,1970,1,MLT_DB_07_2016
ex.151,p.802,Undirected,artista,artista,1970,1,MLT_DB_07_2016
ex.151,p.2314,Undirected,artista,artista,1970,1,MLT_DB_07_2016
ex.151,p.916,Undirected,artista,artista,1970,1,MLT_DB_07_2016
ex.151,p.1562,Undirected,artista,artista,1970,1,MLT_DB_07_2016
ex.151,p.1948,Undirected,artista,artista,1970,1,MLT_DB_07_2016
ex.151,p.1578,Undirected,artista,artista,1970,1,MLT_DB_07_2016
ex.151,p.713,Undirected,artista,artista,1970,1,MLT_DB_07_2016
ex.151,p.1938,Undirected,artista,artista,1970,1,MLT_DB_07_2016
ex.151,p.745,Undirected,artista,artista,1970,1,MLT_DB_07_2016
ex.151,p.838,Undirected,artista,artista,1970,1,MLT_DB_07_2016
ex.151,p.180,Undirected,artista,artista,1970,1,MLT_DB_07_2016
ex.151,p.1910,Undirected,artista,artista,1970,1,MLT_DB_07_2016
ex.151,p.611,Undirected,artista,artista,1970,1,MLT_DB_07_2016
ex.151,p.1560,Undirected,artista,artista,1970,1,MLT_DB_07_2016
ex.151,p.1304,Undirected,artista,artista,1970,1,MLT_DB_07_2016
ex.151,p.1139,Undirected,artista,artista,1970,1,MLT_DB_07_2016
ex.151,p.1882,Undirected,artista,artista,1970,1,MLT_DB_07_2016
ex.151,p.1446,Undirected,artista,artista,1970,1,MLT_DB_07_2016
ex.151,p.708,Undirected,artista,artista,1970,1,MLT_DB_07_2016
ex.151,p.2477,Undirected,artista,artista,1970,1,MLT_DB_07_2016
ex.151,p.1486,Undirected,artista,artista,1970,1,MLT_DB_07_2016
ex.151,p.1488,Undirected,artista,artista,1970,1,MLT_DB_07_2016
ex.151,p.1597,Undirected,artista,artista,1970,1,MLT_DB_07_2016
ex.151,p.2323,Undirected,artista,artista,1970,1,MLT_DB_07_2016
ex.151,p.1522,Undirected,artista,artista,1970,1,MLT_DB_07_2016
ex.151,p.920,Undirected,artista,artista,1970,1,MLT_DB_07_2016
ex.151,p.1489,Undirected,artista,artista,1970,1,MLT_DB_07_2016
ex.151,p.942,Undirected,artista,artista,1970,1,MLT_DB_07_2016
ex.151,p.2255,Undirected,artista,artista,1970,1,MLT_DB_07_2016
ex.151,p.983,Undirected,artista,artista,1970,1,MLT_DB_07_2016
ex.151,p.1463,Undirected,artista,artista,1970,1,MLT_DB_07_2016
ex.151,p.1769,Undirected,artista,artista,1970,1,MLT_DB_07_2016
ex.151,p.1061,Undirected,artista,artista,1970,1,MLT_DB_07_2016
ex.151,o.88,Undirected,apoyo,apoyo,1970,1,MLT_DB_07_2016
ex.152,p.24,Undirected,artista,artista,1970,1,MLT_DB_07_2016
ex.152,p.218,Undirected,artista,artista,1970,1,MLT_DB_07_2016
ex.153,p.590,Undirected,artista,artista,1970,1,MLT_DB_07_2016
ex.153,o.88,Undirected,apoyo,apoyo,1970,1,MLT_DB_07_2016
ex.154,p.56,Undirected,artista,artista,1970,1,MLT_DB_07_2016
ex.154,p.1191,Undirected,artista,artista,1970,1,MLT_DB_07_2016
ex.154,p.1378,Undirected,artista,artista,1970,1,MLT_DB_07_2016
ex.154,p.1989,Undirected,artista,artista,1970,1,MLT_DB_07_2016
ex.154,p.2396,Undirected,artista,artista,1970,1,MLT_DB_07_2016
ex.154,p.1197,Undirected,artista,artista,1970,1,MLT_DB_07_2016
ex.154,p.1844,Undirected,artista,artista,1970,1,MLT_DB_07_2016
ex.154,p.2231,Undirected,artista,artista,1970,1,MLT_DB_07_2016
ex.154,p.1483,Undirected,artista,artista,1970,1,MLT_DB_07_2016
ex.154,p.2362,Undirected,artista,artista,1970,1,MLT_DB_07_2016
ex.154,p.2353,Undirected,artista,artista,1970,1,MLT_DB_07_2016
ex.154,p.2086,Undirected,artista,artista,1970,1,MLT_DB_07_2016
ex.154,p.138,Undirected,artista,artista,1970,1,MLT_DB_07_2016
ex.154,p.1063,Undirected,artista,artista,1970,1,MLT_DB_07_2016
ex.154,p.821,Undirected,artista,artista,1970,1,MLT_DB_07_2016
ex.154,p.2520,Undirected,artista,artista,1970,1,MLT_DB_07_2016
ex.154,p.847,Undirected,artista,artista,1970,1,MLT_DB_07_2016
ex.154,p.744,Undirected,artista,artista,1970,1,MLT_DB_07_2016
ex.154,p.841,Undirected,artista,artista,1970,1,MLT_DB_07_2016
ex.154,p.1709,Undirected,artista,artista,1970,1,MLT_DB_07_2016
ex.154,p.144,Undirected,artista,artista,1970,1,MLT_DB_07_2016
ex.154,p.2312,Undirected,artista,artista,1970,1,MLT_DB_07_2016
ex.154,p.1727,Undirected,artista,artista,1970,1,MLT_DB_07_2016
ex.154,p.643,Undirected,artista,artista,1970,1,MLT_DB_07_2016
ex.154,p.1508,Undirected,artista,artista,1970,1,MLT_DB_07_2016
ex.154,p.866,Undirected,artista,artista,1970,1,MLT_DB_07_2016
ex.154,p.2215,Undirected,artista,artista,1970,1,MLT_DB_07_2016
ex.154,p.69,Undirected,artista,artista,1970,1,MLT_DB_07_2016
ex.154,p.892,Undirected,artista,artista,1970,1,MLT_DB_07_2016
ex.154,p.2450,Undirected,artista,artista,1970,1,MLT_DB_07_2016
ex.154,p.154,Undirected,artista,artista,1970,1,MLT_DB_07_2016
ex.154,p.1619,Undirected,artista,artista,1970,1,MLT_DB_07_2016
ex.154,p.2071,Undirected,artista,artista,1970,1,MLT_DB_07_2016
ex.154,p.982,Undirected,artista,artista,1970,1,MLT_DB_07_2016
ex.154,p.2082,Undirected,artista,artista,1970,1,MLT_DB_07_2016
ex.154,p.647,Undirected,artista,artista,1970,1,MLT_DB_07_2016
ex.154,p.180,Undirected,artista,artista,1970,1,MLT_DB_07_2016
ex.154,p.1277,Undirected,artista,artista,1970,1,MLT_DB_07_2016
ex.154,p.2509,Undirected,artista,artista,1970,1,MLT_DB_07_2016
ex.154,p.412,Undirected,artista,artista,1970,1,MLT_DB_07_2016
ex.154,p.631,Undirected,artista,artista,1970,1,MLT_DB_07_2016
ex.154,p.1723,Undirected,artista,artista,1970,1,MLT_DB_07_2016
ex.154,p.1161,Undirected,artista,artista,1970,1,MLT_DB_07_2016
ex.154,p.247,Undirected,artista,artista,1970,1,MLT_DB_07_2016
ex.154,p.1069,Undirected,artista,artista,1970,1,MLT_DB_07_2016
ex.154,p.1353,Undirected,artista,artista,1970,1,MLT_DB_07_2016
ex.154,p.652,Undirected,artista,artista,1970,1,MLT_DB_07_2016
ex.154,p.2098,Undirected,artista,artista,1970,1,MLT_DB_07_2016
ex.154,p.535,Undirected,artista,artista,1970,1,MLT_DB_07_2016
ex.154,p.2174,Undirected,artista,artista,1970,1,MLT_DB_07_2016
ex.154,p.303,Undirected,artista,artista,1970,1,MLT_DB_07_2016
ex.154,p.1143,Undirected,artista,artista,1970,1,MLT_DB_07_2016
ex.154,p.366,Undirected,artista,artista,1970,1,MLT_DB_07_2016
ex.154,p.111,Undirected,artista,artista,1970,1,MLT_DB_07_2016
ex.154,p.2219,Undirected,artista,artista,1970,1,MLT_DB_07_2016
ex.154,p.29,Undirected,artista,artista,1970,1,MLT_DB_07_2016
ex.154,p.76,Undirected,artista,artista,1970,1,MLT_DB_07_2016
ex.154,p.25,Undirected,artista,artista,1970,1,MLT_DB_07_2016
ex.154,p.756,Undirected,artista,artista,1970,1,MLT_DB_07_2016
ex.154,p.55,Undirected,artista,artista,1970,1,MLT_DB_07_2016
ex.154,p.2521,Undirected,artista,artista,1970,1,MLT_DB_07_2016
ex.154,p.2217,Undirected,artista,artista,1970,1,MLT_DB_07_2016
ex.154,p.1354,Undirected,artista,artista,1970,1,MLT_DB_07_2016
ex.154,p.850,Undirected,artista,artista,1970,1,MLT_DB_07_2016
ex.154,p.1074,Undirected,artista,artista,1970,1,MLT_DB_07_2016
ex.154,p.1762,Undirected,artista,artista,1970,1,MLT_DB_07_2016
ex.154,p.515,Undirected,artista,artista,1970,1,MLT_DB_07_2016
ex.154,p.1899,Undirected,artista,artista,1970,1,MLT_DB_07_2016
ex.154,p.893,Undirected,artista,artista,1970,1,MLT_DB_07_2016
ex.154,p.2241,Undirected,artista,artista,1970,1,MLT_DB_07_2016
ex.154,p.74,Undirected,artista,artista,1970,1,MLT_DB_07_2016
ex.154,p.2091,Undirected,artista,artista,1970,1,MLT_DB_07_2016
ex.154,p.2319,Undirected,artista,artista,1970,1,MLT_DB_07_2016
ex.154,p.796,Undirected,artista,artista,1970,1,MLT_DB_07_2016
ex.154,p.1977,Undirected,artista,artista,1970,1,MLT_DB_07_2016
ex.154,p.48,Undirected,artista,artista,1970,1,MLT_DB_07_2016
ex.154,p.8,Undirected,artista,artista,1970,1,MLT_DB_07_2016
ex.154,p.68,Undirected,artista,artista,1970,1,MLT_DB_07_2016
ex.154,p.1201,Undirected,artista,artista,1970,1,MLT_DB_07_2016
ex.154,p.200,Undirected,artista,artista,1970,1,MLT_DB_07_2016
ex.154,p.1641,Undirected,artista,artista,1970,1,MLT_DB_07_2016
ex.154,p.16,Undirected,artista,artista,1970,1,MLT_DB_07_2016
ex.154,p.2424,Undirected,artista,artista,1970,1,MLT_DB_07_2016
ex.154,p.1525,Undirected,artista,artista,1970,1,MLT_DB_07_2016
ex.154,p.22,Undirected,artista,artista,1970,1,MLT_DB_07_2016
ex.154,p.2422,Undirected,artista,artista,1970,1,MLT_DB_07_2016
ex.154,p.11,Undirected,artista,artista,1970,1,MLT_DB_07_2016
ex.154,p.1384,Undirected,artista,artista,1970,1,MLT_DB_07_2016
ex.154,p.1383,Undirected,artista,artista,1970,1,MLT_DB_07_2016
ex.154,p.1874,Undirected,artista,artista,1970,1,MLT_DB_07_2016
ex.154,p.210,Undirected,artista,artista,1970,1,MLT_DB_07_2016
ex.154,p.621,Undirected,artista,artista,1970,1,MLT_DB_07_2016
ex.154,p.1634,Undirected,artista,artista,1970,1,MLT_DB_07_2016
ex.154,p.37,Undirected,artista,artista,1970,1,MLT_DB_07_2016
ex.154,p.1589,Undirected,artista,artista,1970,1,MLT_DB_07_2016
ex.154,p.1985,Undirected,artista,artista,1970,1,MLT_DB_07_2016
ex.154,p.1580,Undirected,artista,artista,1970,1,MLT_DB_07_2016
ex.154,p.397,Undirected,artista,artista,1970,1,MLT_DB_07_2016
ex.154,p.2433,Undirected,artista,artista,1970,1,MLT_DB_07_2016
ex.154,p.26,Undirected,artista,artista,1970,1,MLT_DB_07_2016
ex.154,p.666,Undirected,artista,artista,1970,1,MLT_DB_07_2016
ex.154,p.46,Undirected,artista,artista,1970,1,MLT_DB_07_2016
ex.154,p.9,Undirected,artista,artista,1970,1,MLT_DB_07_2016
ex.154,p.626,Undirected,artista,artista,1970,1,MLT_DB_07_2016
ex.154,p.1157,Undirected,artista,artista,1970,1,MLT_DB_07_2016
ex.154,p.12,Undirected,artista,artista,1970,1,MLT_DB_07_2016
ex.154,p.227,Undirected,artista,artista,1970,1,MLT_DB_07_2016
ex.154,p.687,Undirected,artista,artista,1970,1,MLT_DB_07_2016
ex.154,p.35,Undirected,artista,artista,1970,1,MLT_DB_07_2016
ex.154,p.2147,Undirected,artista,artista,1970,1,MLT_DB_07_2016
ex.154,p.108,Undirected,artista,artista,1970,1,MLT_DB_07_2016
ex.154,p.150,Undirected,artista,artista,1970,1,MLT_DB_07_2016
ex.154,p.2148,Undirected,artista,artista,1970,1,MLT_DB_07_2016
ex.154,p.2324,Undirected,artista,artista,1970,1,MLT_DB_07_2016
ex.154,p.1734,Undirected,artista,artista,1970,1,MLT_DB_07_2016
ex.154,p.1920,Undirected,artista,artista,1970,1,MLT_DB_07_2016
ex.154,p.645,Undirected,artista,artista,1970,1,MLT_DB_07_2016
ex.154,p.2345,Undirected,artista,artista,1970,1,MLT_DB_07_2016
ex.154,p.24,Undirected,artista,artista,1970,1,MLT_DB_07_2016
ex.154,p.2122,Undirected,artista,artista,1970,1,MLT_DB_07_2016
ex.154,p.1740,Undirected,artista,artista,1970,1,MLT_DB_07_2016
ex.154,p.455,Undirected,artista,artista,1970,1,MLT_DB_07_2016
ex.154,p.1373,Undirected,artista,artista,1970,1,MLT_DB_07_2016
ex.154,p.2426,Undirected,artista,artista,1970,1,MLT_DB_07_2016
ex.154,p.1123,Undirected,artista,artista,1970,1,MLT_DB_07_2016
ex.154,p.44,Undirected,artista,artista,1970,1,MLT_DB_07_2016
ex.154,p.41,Undirected,artista,artista,1970,1,MLT_DB_07_2016
ex.154,p.1564,Undirected,artista,artista,1970,1,MLT_DB_07_2016
ex.154,p.414,Undirected,artista,artista,1970,1,MLT_DB_07_2016
ex.154,p.2511,Undirected,artista,artista,1970,1,MLT_DB_07_2016
ex.154,p.39,Undirected,artista,artista,1970,1,MLT_DB_07_2016
ex.154,p.128,Undirected,artista,artista,1970,1,MLT_DB_07_2016
ex.154,p.1643,Undirected,artista,artista,1970,1,MLT_DB_07_2016
ex.154,p.2191,Undirected,artista,artista,1970,1,MLT_DB_07_2016
ex.154,p.1694,Undirected,artista,artista,1970,1,MLT_DB_07_2016
ex.154,p.40,Undirected,artista,artista,1970,1,MLT_DB_07_2016
ex.154,p.127,Undirected,artista,artista,1970,1,MLT_DB_07_2016
ex.154,p.1884,Undirected,artista,artista,1970,1,MLT_DB_07_2016
ex.154,p.1960,Undirected,artista,artista,1970,1,MLT_DB_07_2016
ex.154,p.23,Undirected,artista,artista,1970,1,MLT_DB_07_2016
ex.154,p.17,Undirected,artista,artista,1970,1,MLT_DB_07_2016
ex.154,p.457,Undirected,artista,artista,1970,1,MLT_DB_07_2016
ex.154,p.382,Undirected,artista,artista,1970,1,MLT_DB_07_2016
ex.154,p.1530,Undirected,artista,artista,1970,1,MLT_DB_07_2016
ex.154,p.157,Undirected,artista,artista,1970,1,MLT_DB_07_2016
ex.154,p.1903,Undirected,artista,artista,1970,1,MLT_DB_07_2016
ex.154,p.182,Undirected,artista,artista,1970,1,MLT_DB_07_2016
ex.154,p.38,Undirected,artista,artista,1970,1,MLT_DB_07_2016
ex.154,p.426,Undirected,artista,artista,1970,1,MLT_DB_07_2016
ex.154,p.289,Undirected,artista,artista,1970,1,MLT_DB_07_2016
ex.154,p.1452,Undirected,artista,artista,1970,1,MLT_DB_07_2016
ex.154,p.294,Undirected,artista,artista,1970,1,MLT_DB_07_2016
ex.154,p.575,Undirected,artista,artista,1970,1,MLT_DB_07_2016
ex.154,p.469,Undirected,artista,artista,1970,1,MLT_DB_07_2016
ex.154,p.1114,Undirected,artista,artista,1970,1,MLT_DB_07_2016
ex.154,p.57,Undirected,artista,artista,1970,1,MLT_DB_07_2016
ex.154,p.252,Undirected,artista,artista,1970,1,MLT_DB_07_2016
ex.154,p.291,Undirected,artista,artista,1970,1,MLT_DB_07_2016
ex.154,p.611,Undirected,artista,artista,1970,1,MLT_DB_07_2016
ex.154,p.346,Undirected,artista,artista,1970,1,MLT_DB_07_2016
ex.154,p.238,Undirected,artista,artista,1970,1,MLT_DB_07_2016
ex.154,p.99,Undirected,artista,artista,1970,1,MLT_DB_07_2016
ex.154,p.45,Undirected,artista,artista,1970,1,MLT_DB_07_2016
ex.154,p.220,Undirected,artista,artista,1970,1,MLT_DB_07_2016
ex.154,p.65,Undirected,artista,artista,1970,1,MLT_DB_07_2016
ex.154,p.1536,Undirected,artista,artista,1970,1,MLT_DB_07_2016
ex.154,p.169,Undirected,artista,artista,1970,1,MLT_DB_07_2016
ex.154,p.487,Undirected,artista,artista,1970,1,MLT_DB_07_2016
ex.154,p.381,Undirected,artista,artista,1970,1,MLT_DB_07_2016
ex.154,p.32,Undirected,artista,artista,1970,1,MLT_DB_07_2016
ex.154,p.1982,Undirected,artista,artista,1970,1,MLT_DB_07_2016
ex.154,p.409,Undirected,artista,artista,1970,1,MLT_DB_07_2016
ex.154,p.1173,Undirected,artista,artista,1970,1,MLT_DB_07_2016
ex.154,p.262,Undirected,artista,artista,1970,1,MLT_DB_07_2016
ex.154,p.170,Undirected,artista,artista,1970,1,MLT_DB_07_2016
ex.154,p.1040,Undirected,artista,artista,1970,1,MLT_DB_07_2016
ex.154,p.1687,Undirected,artista,artista,1970,1,MLT_DB_07_2016
ex.154,p.1639,Undirected,artista,artista,1970,1,MLT_DB_07_2016
ex.154,p.368,Undirected,artista,artista,1970,1,MLT_DB_07_2016
ex.154,p.167,Undirected,artista,artista,1970,1,MLT_DB_07_2016
ex.154,p.940,Undirected,artista,artista,1970,1,MLT_DB_07_2016
ex.154,p.2137,Undirected,artista,artista,1970,1,MLT_DB_07_2016
ex.154,p.1142,Undirected,artista,artista,1970,1,MLT_DB_07_2016
ex.154,p.418,Undirected,artista,artista,1970,1,MLT_DB_07_2016
ex.154,p.115,Undirected,artista,artista,1970,1,MLT_DB_07_2016
ex.154,p.494,Undirected,artista,artista,1970,1,MLT_DB_07_2016
ex.154,p.160,Undirected,artista,artista,1970,1,MLT_DB_07_2016
ex.154,p.172,Undirected,artista,artista,1970,1,MLT_DB_07_2016
ex.154,p.2097,Undirected,artista,artista,1970,1,MLT_DB_07_2016
ex.154,p.430,Undirected,artista,artista,1970,1,MLT_DB_07_2016
ex.154,p.72,Undirected,artista,artista,1970,1,MLT_DB_07_2016
ex.154,p.1683,Undirected,artista,artista,1970,1,MLT_DB_07_2016
ex.154,p.1924,Undirected,artista,artista,1970,1,MLT_DB_07_2016
ex.154,p.219,Undirected,artista,artista,1970,1,MLT_DB_07_2016
ex.154,p.1816,Undirected,artista,artista,1970,1,MLT_DB_07_2016
ex.154,p.2077,Undirected,artista,artista,1970,1,MLT_DB_07_2016
ex.154,p.1995,Undirected,artista,artista,1970,1,MLT_DB_07_2016
ex.154,p.259,Undirected,artista,artista,1970,1,MLT_DB_07_2016
ex.154,p.1885,Undirected,artista,artista,1970,1,MLT_DB_07_2016
ex.154,p.429,Undirected,artista,artista,1970,1,MLT_DB_07_2016
ex.154,o.88,Undirected,apoyo,apoyo,1970,1,MLT_DB_07_2016
ex.155,p.993,Undirected,artista,artista,1971,1,MLT_DB_07_2016
ex.155,p.748,Undirected,artista,artista,1971,1,MLT_DB_07_2016
ex.156,p.69,Undirected,artista,artista,1971,1,MLT_DB_07_2016
ex.156,p.1918,Undirected,artista,artista,1971,1,MLT_DB_07_2016
ex.157,p.2428,Undirected,artista,artista,1971,1,MLT_DB_07_2016
ex.157,p.1809,Undirected,artista,artista,1971,1,MLT_DB_07_2016
ex.157,p.2489,Undirected,artista,artista,1971,1,MLT_DB_07_2016
ex.157,p.604,Undirected,artista,artista,1971,1,MLT_DB_07_2016
ex.157,p.1200,Undirected,artista,artista,1971,1,MLT_DB_07_2016
ex.157,p.69,Undirected,artista,artista,1971,1,MLT_DB_07_2016
ex.157,o.161,Undirected,apoyo,apoyo,1971,1,MLT_DB_07_2016
ex.158,p.328,Undirected,artista,artista,1971,1,MLT_DB_07_2016
ex.159,p.22,Undirected,artista,artista,1971,1,MLT_DB_07_2016
ex.159,p.21,Undirected,artista,artista,1971,1,MLT_DB_07_2016
ex.159,p.687,Undirected,artista,artista,1971,1,MLT_DB_07_2016
ex.159,p.674,Undirected,artista,artista,1971,1,MLT_DB_07_2016
ex.159,p.1055,Undirected,artista,artista,1971,1,MLT_DB_07_2016
ex.159,p.178,Undirected,artista,artista,1971,1,MLT_DB_07_2016
ex.159,p.4,Undirected,artista,artista,1971,1,MLT_DB_07_2016
ex.159,p.218,Undirected,artista,artista,1971,1,MLT_DB_07_2016
ex.159,p.2302,Undirected,artista,artista,1971,1,MLT_DB_07_2016
ex.159,p.1595,Undirected,artista,artista,1971,1,MLT_DB_07_2016
ex.159,p.157,Undirected,artista,artista,1971,1,MLT_DB_07_2016
ex.159,p.1412,Undirected,artista,artista,1971,1,MLT_DB_07_2016
ex.159,p.261,Undirected,artista,artista,1971,1,MLT_DB_07_2016
ex.159,p.1251,Undirected,artista,artista,1971,1,MLT_DB_07_2016
ex.159,p.247,Undirected,artista,artista,1971,1,MLT_DB_07_2016
ex.159,p.1033,Undirected,artista,artista,1971,1,MLT_DB_07_2016
ex.159,p.517,Undirected,artista,artista,1971,1,MLT_DB_07_2016
ex.159,o.67,Undirected,apoyo,apoyo,1971,1,MLT_DB_07_2016
ex.160,p.7,Undirected,artista,artista,1971,1,MLT_DB_07_2016
ex.160,p.48,Undirected,artista,artista,1971,1,MLT_DB_07_2016
ex.160,p.1641,Undirected,artista,artista,1971,1,MLT_DB_07_2016
ex.160,p.46,Undirected,artista,artista,1971,1,MLT_DB_07_2016
ex.160,p.687,Undirected,artista,artista,1971,1,MLT_DB_07_2016
ex.160,p.1729,Undirected,artista,artista,1971,1,MLT_DB_07_2016
ex.160,p.1734,Undirected,artista,artista,1971,1,MLT_DB_07_2016
ex.160,p.1400,Undirected,artista,artista,1971,1,MLT_DB_07_2016
ex.160,p.455,Undirected,artista,artista,1971,1,MLT_DB_07_2016
ex.160,p.2,Undirected,artista,artista,1971,1,MLT_DB_07_2016
ex.160,p.1606,Undirected,artista,artista,1971,1,MLT_DB_07_2016
ex.160,p.4,Undirected,artista,artista,1971,1,MLT_DB_07_2016
ex.160,p.1643,Undirected,artista,artista,1971,1,MLT_DB_07_2016
ex.160,p.1179,Undirected,artista,artista,1971,1,MLT_DB_07_2016
ex.160,p.1730,Undirected,artista,artista,1971,1,MLT_DB_07_2016
ex.160,p.23,Undirected,artista,artista,1971,1,MLT_DB_07_2016
ex.160,p.17,Undirected,artista,artista,1971,1,MLT_DB_07_2016
ex.160,p.160,Undirected,artista,artista,1971,1,MLT_DB_07_2016
ex.160,p.68,Undirected,artista,artista,1971,1,MLT_DB_07_2016
ex.160,p.44,Undirected,artista,artista,1971,1,MLT_DB_07_2016
ex.162,o.12,Undirected,curador,curador,1971,1,MLT_DB_07_2016
ex.162,o.269,Undirected,apoyo,apoyo,1971,1,MLT_DB_07_2016
ex.161,o.246,Undirected,apoyo,apoyo,1971,1,MLT_DB_07_2016
ex.164,p.1232,Undirected,artista,artista,1971,1,MLT_DB_07_2016
ex.164,o.380,Undirected,apoyo,apoyo,1971,1,MLT_DB_07_2016
ex.165,p.835,Undirected,artista,artista,1971,1,MLT_DB_07_2016
ex.165,p.730,Undirected,artista,artista,1971,1,MLT_DB_07_2016
ex.165,p.2060,Undirected,artista,artista,1971,1,MLT_DB_07_2016
ex.165,p.1451,Undirected,artista,artista,1971,1,MLT_DB_07_2016
ex.165,p.271,Undirected,artista,artista,1971,1,MLT_DB_07_2016
ex.165,p.1896,Undirected,artista,artista,1971,1,MLT_DB_07_2016
ex.165,p.501,Undirected,artista,artista,1971,1,MLT_DB_07_2016
ex.165,p.2013,Undirected,artista,artista,1971,1,MLT_DB_07_2016
ex.165,p.1701,Undirected,artista,artista,1971,1,MLT_DB_07_2016
ex.165,p.1126,Undirected,artista,artista,1971,1,MLT_DB_07_2016
ex.165,p.786,Undirected,artista,artista,1971,1,MLT_DB_07_2016
ex.165,p.240,Undirected,artista,artista,1971,1,MLT_DB_07_2016
ex.165,p.1498,Undirected,artista,artista,1971,1,MLT_DB_07_2016
ex.165,p.92,Undirected,artista,artista,1971,1,MLT_DB_07_2016
ex.165,p.1255,Undirected,artista,artista,1971,1,MLT_DB_07_2016
ex.165,p.1258,Undirected,artista,artista,1971,1,MLT_DB_07_2016
ex.165,p.273,Undirected,artista,artista,1971,1,MLT_DB_07_2016
ex.165,p.1439,Undirected,artista,artista,1971,1,MLT_DB_07_2016
ex.165,p.1652,Undirected,artista,artista,1971,1,MLT_DB_07_2016
ex.165,p.805,Undirected,artista,artista,1971,1,MLT_DB_07_2016
ex.165,p.1082,Undirected,artista,artista,1971,1,MLT_DB_07_2016
ex.165,p.1646,Undirected,artista,artista,1971,1,MLT_DB_07_2016
ex.165,p.366,Undirected,artista,artista,1971,1,MLT_DB_07_2016
ex.165,p.1092,Undirected,artista,artista,1971,1,MLT_DB_07_2016
ex.165,p.1466,Undirected,artista,artista,1971,1,MLT_DB_07_2016
ex.165,p.1101,Undirected,artista,artista,1971,1,MLT_DB_07_2016
ex.165,p.252,Undirected,artista,artista,1971,1,MLT_DB_07_2016
ex.165,p.814,Undirected,artista,artista,1971,1,MLT_DB_07_2016
ex.165,p.862,Undirected,artista,artista,1971,1,MLT_DB_07_2016
ex.165,p.1921,Undirected,artista,artista,1971,1,MLT_DB_07_2016
ex.165,p.911,Undirected,artista,artista,1971,1,MLT_DB_07_2016
ex.165,p.1833,Undirected,artista,artista,1971,1,MLT_DB_07_2016
ex.165,p.2073,Undirected,artista,artista,1971,1,MLT_DB_07_2016
ex.165,p.346,Undirected,artista,artista,1971,1,MLT_DB_07_2016
ex.165,p.293,Undirected,artista,artista,1971,1,MLT_DB_07_2016
ex.165,p.1524,Undirected,artista,artista,1971,1,MLT_DB_07_2016
ex.165,p.238,Undirected,artista,artista,1971,1,MLT_DB_07_2016
ex.165,p.1333,Undirected,artista,artista,1971,1,MLT_DB_07_2016
ex.165,p.1366,Undirected,artista,artista,1971,1,MLT_DB_07_2016
ex.165,p.611,Undirected,artista,artista,1971,1,MLT_DB_07_2016
ex.165,p.1068,Undirected,artista,artista,1971,1,MLT_DB_07_2016
ex.165,p.1468,Undirected,artista,artista,1971,1,MLT_DB_07_2016
ex.165,p.3082,Undirected,artista,artista,1971,1,MLT_DB_07_2016
ex.165,p.1326,Undirected,artista,artista,1971,1,MLT_DB_07_2016
ex.165,p.1421,Undirected,artista,artista,1971,1,MLT_DB_07_2016
ex.165,p.1939,Undirected,artista,artista,1971,1,MLT_DB_07_2016
ex.165,p.724,Undirected,artista,artista,1971,1,MLT_DB_07_2016
ex.165,p.990,Undirected,artista,artista,1971,1,MLT_DB_07_2016
ex.165,p.728,Undirected,artista,artista,1971,1,MLT_DB_07_2016
ex.165,p.537,Undirected,artista,artista,1971,1,MLT_DB_07_2016
ex.165,p.42,Undirected,artista,artista,1971,1,MLT_DB_07_2016
ex.165,p.1114,Undirected,artista,artista,1971,1,MLT_DB_07_2016
ex.165,p.469,Undirected,artista,artista,1971,1,MLT_DB_07_2016
ex.165,p.1488,Undirected,artista,artista,1971,1,MLT_DB_07_2016
ex.165,p.1112,Undirected,artista,artista,1971,1,MLT_DB_07_2016
ex.165,p.185,Undirected,artista,artista,1971,1,MLT_DB_07_2016
ex.165,p.289,Undirected,artista,artista,1971,1,MLT_DB_07_2016
ex.165,p.1377,Undirected,artista,artista,1971,1,MLT_DB_07_2016
ex.165,p.7,Undirected,artista,artista,1971,1,MLT_DB_07_2016
ex.165,p.2114,Undirected,artista,artista,1971,1,MLT_DB_07_2016
ex.165,p.312,Undirected,artista,artista,1971,1,MLT_DB_07_2016
ex.165,p.1641,Undirected,artista,artista,1971,1,MLT_DB_07_2016
ex.165,p.1655,Undirected,artista,artista,1971,1,MLT_DB_07_2016
ex.165,p.68,Undirected,artista,artista,1971,1,MLT_DB_07_2016
ex.165,p.2070,Undirected,artista,artista,1971,1,MLT_DB_07_2016
ex.165,p.50,Undirected,artista,artista,1971,1,MLT_DB_07_2016
ex.165,p.666,Undirected,artista,artista,1971,1,MLT_DB_07_2016
ex.165,p.26,Undirected,artista,artista,1971,1,MLT_DB_07_2016
ex.165,p.1686,Undirected,artista,artista,1971,1,MLT_DB_07_2016
ex.165,p.1590,Undirected,artista,artista,1971,1,MLT_DB_07_2016
ex.165,p.397,Undirected,artista,artista,1971,1,MLT_DB_07_2016
ex.165,p.2433,Undirected,artista,artista,1971,1,MLT_DB_07_2016
ex.165,p.1985,Undirected,artista,artista,1971,1,MLT_DB_07_2016
ex.165,p.22,Undirected,artista,artista,1971,1,MLT_DB_07_2016
ex.165,p.108,Undirected,artista,artista,1971,1,MLT_DB_07_2016
ex.165,p.95,Undirected,artista,artista,1971,1,MLT_DB_07_2016
ex.165,p.2306,Undirected,artista,artista,1971,1,MLT_DB_07_2016
ex.165,p.136,Undirected,artista,artista,1971,1,MLT_DB_07_2016
ex.165,p.35,Undirected,artista,artista,1971,1,MLT_DB_07_2016
ex.165,p.1474,Undirected,artista,artista,1971,1,MLT_DB_07_2016
ex.165,p.687,Undirected,artista,artista,1971,1,MLT_DB_07_2016
ex.165,p.227,Undirected,artista,artista,1971,1,MLT_DB_07_2016
ex.165,p.654,Undirected,artista,artista,1971,1,MLT_DB_07_2016
ex.165,p.626,Undirected,artista,artista,1971,1,MLT_DB_07_2016
ex.165,p.1157,Undirected,artista,artista,1971,1,MLT_DB_07_2016
ex.165,p.46,Undirected,artista,artista,1971,1,MLT_DB_07_2016
ex.165,p.668,Undirected,artista,artista,1971,1,MLT_DB_07_2016
ex.165,p.1526,Undirected,artista,artista,1971,1,MLT_DB_07_2016
ex.165,p.1021,Undirected,artista,artista,1971,1,MLT_DB_07_2016
ex.165,p.414,Undirected,artista,artista,1971,1,MLT_DB_07_2016
ex.165,p.1481,Undirected,artista,artista,1971,1,MLT_DB_07_2016
ex.165,p.1123,Undirected,artista,artista,1971,1,MLT_DB_07_2016
ex.165,p.123,Undirected,artista,artista,1971,1,MLT_DB_07_2016
ex.165,p.1217,Undirected,artista,artista,1971,1,MLT_DB_07_2016
ex.165,p.150,Undirected,artista,artista,1971,1,MLT_DB_07_2016
ex.165,p.1740,Undirected,artista,artista,1971,1,MLT_DB_07_2016
ex.165,p.78,Undirected,artista,artista,1971,1,MLT_DB_07_2016
ex.165,p.1400,Undirected,artista,artista,1971,1,MLT_DB_07_2016
ex.165,p.1920,Undirected,artista,artista,1971,1,MLT_DB_07_2016
ex.165,p.1032,Undirected,artista,artista,1971,1,MLT_DB_07_2016
ex.165,p.1734,Undirected,artista,artista,1971,1,MLT_DB_07_2016
ex.165,p.2147,Undirected,artista,artista,1971,1,MLT_DB_07_2016
ex.165,p.455,Undirected,artista,artista,1971,1,MLT_DB_07_2016
ex.165,p.1663,Undirected,artista,artista,1971,1,MLT_DB_07_2016
ex.165,p.157,Undirected,artista,artista,1971,1,MLT_DB_07_2016
ex.165,p.2044,Undirected,artista,artista,1971,1,MLT_DB_07_2016
ex.165,p.457,Undirected,artista,artista,1971,1,MLT_DB_07_2016
ex.165,p.382,Undirected,artista,artista,1971,1,MLT_DB_07_2016
ex.165,p.23,Undirected,artista,artista,1971,1,MLT_DB_07_2016
ex.165,p.1584,Undirected,artista,artista,1971,1,MLT_DB_07_2016
ex.165,p.2116,Undirected,artista,artista,1971,1,MLT_DB_07_2016
ex.165,p.2046,Undirected,artista,artista,1971,1,MLT_DB_07_2016
ex.165,p.2040,Undirected,artista,artista,1971,1,MLT_DB_07_2016
ex.165,p.2386,Undirected,artista,artista,1971,1,MLT_DB_07_2016
ex.165,p.2079,Undirected,artista,artista,1971,1,MLT_DB_07_2016
ex.165,p.1179,Undirected,artista,artista,1971,1,MLT_DB_07_2016
ex.165,p.40,Undirected,artista,artista,1971,1,MLT_DB_07_2016
ex.165,p.1735,Undirected,artista,artista,1971,1,MLT_DB_07_2016
ex.165,p.20,Undirected,artista,artista,1971,1,MLT_DB_07_2016
ex.165,p.2511,Undirected,artista,artista,1971,1,MLT_DB_07_2016
ex.165,p.218,Undirected,artista,artista,1971,1,MLT_DB_07_2016
ex.165,p.1643,Undirected,artista,artista,1971,1,MLT_DB_07_2016
ex.165,p.1967,Undirected,artista,artista,1971,1,MLT_DB_07_2016
ex.165,p.1972,Undirected,artista,artista,1971,1,MLT_DB_07_2016
ex.165,p.4,Undirected,artista,artista,1971,1,MLT_DB_07_2016
ex.165,p.137,Undirected,artista,artista,1971,1,MLT_DB_07_2016
ex.165,p.118,Undirected,artista,artista,1971,1,MLT_DB_07_2016
ex.165,p.39,Undirected,artista,artista,1971,1,MLT_DB_07_2016
ex.165,p.1846,Undirected,artista,artista,1971,1,MLT_DB_07_2016
ex.165,p.80,Undirected,artista,artista,1971,1,MLT_DB_07_2016
ex.165,p.1606,Undirected,artista,artista,1971,1,MLT_DB_07_2016
ex.165,p.1406,Undirected,artista,artista,1971,1,MLT_DB_07_2016
ex.165,p.2458,Undirected,artista,artista,1971,1,MLT_DB_07_2016
ex.165,p.800,Undirected,artista,artista,1971,1,MLT_DB_07_2016
ex.165,p.850,Undirected,artista,artista,1971,1,MLT_DB_07_2016
ex.165,p.2265,Undirected,artista,artista,1971,1,MLT_DB_07_2016
ex.165,p.1354,Undirected,artista,artista,1971,1,MLT_DB_07_2016
ex.165,p.196,Undirected,artista,artista,1971,1,MLT_DB_07_2016
ex.165,p.181,Undirected,artista,artista,1971,1,MLT_DB_07_2016
ex.165,p.456,Undirected,artista,artista,1971,1,MLT_DB_07_2016
ex.165,p.63,Undirected,artista,artista,1971,1,MLT_DB_07_2016
ex.165,p.55,Undirected,artista,artista,1971,1,MLT_DB_07_2016
ex.165,p.1517,Undirected,artista,artista,1971,1,MLT_DB_07_2016
ex.165,p.74,Undirected,artista,artista,1971,1,MLT_DB_07_2016
ex.165,p.1715,Undirected,artista,artista,1971,1,MLT_DB_07_2016
ex.165,p.220,Undirected,artista,artista,1971,1,MLT_DB_07_2016
ex.165,p.172,Undirected,artista,artista,1971,1,MLT_DB_07_2016
ex.165,p.160,Undirected,artista,artista,1971,1,MLT_DB_07_2016
ex.165,p.99,Undirected,artista,artista,1971,1,MLT_DB_07_2016
ex.165,p.177,Undirected,artista,artista,1971,1,MLT_DB_07_2016
ex.165,p.169,Undirected,artista,artista,1971,1,MLT_DB_07_2016
ex.165,p.1863,Undirected,artista,artista,1971,1,MLT_DB_07_2016
ex.165,p.28,Undirected,artista,artista,1971,1,MLT_DB_07_2016
ex.165,p.45,Undirected,artista,artista,1971,1,MLT_DB_07_2016
ex.165,p.262,Undirected,artista,artista,1971,1,MLT_DB_07_2016
ex.165,p.1040,Undirected,artista,artista,1971,1,MLT_DB_07_2016
ex.165,p.1982,Undirected,artista,artista,1971,1,MLT_DB_07_2016
ex.165,p.381,Undirected,artista,artista,1971,1,MLT_DB_07_2016
ex.165,p.2313,Undirected,artista,artista,1971,1,MLT_DB_07_2016
ex.165,p.1297,Undirected,artista,artista,1971,1,MLT_DB_07_2016
ex.165,p.1257,Undirected,artista,artista,1971,1,MLT_DB_07_2016
ex.165,p.1220,Undirected,artista,artista,1971,1,MLT_DB_07_2016
ex.165,p.115,Undirected,artista,artista,1971,1,MLT_DB_07_2016
ex.165,p.1622,Undirected,artista,artista,1971,1,MLT_DB_07_2016
ex.165,p.676,Undirected,artista,artista,1971,1,MLT_DB_07_2016
ex.165,p.352,Undirected,artista,artista,1971,1,MLT_DB_07_2016
ex.165,p.900,Undirected,artista,artista,1971,1,MLT_DB_07_2016
ex.165,p.1106,Undirected,artista,artista,1971,1,MLT_DB_07_2016
ex.165,p.1955,Undirected,artista,artista,1971,1,MLT_DB_07_2016
ex.165,p.2219,Undirected,artista,artista,1971,1,MLT_DB_07_2016
ex.165,p.25,Undirected,artista,artista,1971,1,MLT_DB_07_2016
ex.165,p.76,Undirected,artista,artista,1971,1,MLT_DB_07_2016
ex.165,p.111,Undirected,artista,artista,1971,1,MLT_DB_07_2016
ex.165,p.2378,Undirected,artista,artista,1971,1,MLT_DB_07_2016
ex.165,p.54,Undirected,artista,artista,1971,1,MLT_DB_07_2016
ex.165,p.1900,Undirected,artista,artista,1971,1,MLT_DB_07_2016
ex.165,p.535,Undirected,artista,artista,1971,1,MLT_DB_07_2016
ex.165,p.2172,Undirected,artista,artista,1971,1,MLT_DB_07_2016
ex.165,p.88,Undirected,artista,artista,1971,1,MLT_DB_07_2016
ex.165,p.29,Undirected,artista,artista,1971,1,MLT_DB_07_2016
ex.165,p.1155,Undirected,artista,artista,1971,1,MLT_DB_07_2016
ex.165,p.642,Undirected,artista,artista,1971,1,MLT_DB_07_2016
ex.165,p.201,Undirected,artista,artista,1971,1,MLT_DB_07_2016
ex.165,p.2372,Undirected,artista,artista,1971,1,MLT_DB_07_2016
ex.165,p.38,Undirected,artista,artista,1971,1,MLT_DB_07_2016
ex.165,p.844,Undirected,artista,artista,1971,1,MLT_DB_07_2016
ex.165,p.1391,Undirected,artista,artista,1971,1,MLT_DB_07_2016
ex.165,p.2353,Undirected,artista,artista,1971,1,MLT_DB_07_2016
ex.165,p.350,Undirected,artista,artista,1971,1,MLT_DB_07_2016
ex.165,p.1378,Undirected,artista,artista,1971,1,MLT_DB_07_2016
ex.165,p.2362,Undirected,artista,artista,1971,1,MLT_DB_07_2016
ex.165,p.3,Undirected,artista,artista,1971,1,MLT_DB_07_2016
ex.165,p.1711,Undirected,artista,artista,1971,1,MLT_DB_07_2016
ex.165,p.505,Undirected,artista,artista,1971,1,MLT_DB_07_2016
ex.165,p.1236,Undirected,artista,artista,1971,1,MLT_DB_07_2016
ex.165,p.1662,Undirected,artista,artista,1971,1,MLT_DB_07_2016
ex.165,p.1079,Undirected,artista,artista,1971,1,MLT_DB_07_2016
ex.165,p.631,Undirected,artista,artista,1971,1,MLT_DB_07_2016
ex.165,p.412,Undirected,artista,artista,1971,1,MLT_DB_07_2016
ex.165,p.2071,Undirected,artista,artista,1971,1,MLT_DB_07_2016
ex.165,p.1820,Undirected,artista,artista,1971,1,MLT_DB_07_2016
ex.165,p.742,Undirected,artista,artista,1971,1,MLT_DB_07_2016
ex.165,p.776,Undirected,artista,artista,1971,1,MLT_DB_07_2016
ex.165,p.154,Undirected,artista,artista,1971,1,MLT_DB_07_2016
ex.165,p.1515,Undirected,artista,artista,1971,1,MLT_DB_07_2016
ex.165,p.1816,Undirected,artista,artista,1971,1,MLT_DB_07_2016
ex.165,p.1599,Undirected,artista,artista,1971,1,MLT_DB_07_2016
ex.165,p.1738,Undirected,artista,artista,1971,1,MLT_DB_07_2016
ex.165,p.1231,Undirected,artista,artista,1971,1,MLT_DB_07_2016
ex.165,p.1924,Undirected,artista,artista,1971,1,MLT_DB_07_2016
ex.165,p.193,Undirected,artista,artista,1971,1,MLT_DB_07_2016
ex.165,p.2240,Undirected,artista,artista,1971,1,MLT_DB_07_2016
ex.165,p.1499,Undirected,artista,artista,1971,1,MLT_DB_07_2016
ex.165,p.1561,Undirected,artista,artista,1971,1,MLT_DB_07_2016
ex.165,p.1042,Undirected,artista,artista,1971,1,MLT_DB_07_2016
ex.165,p.651,Undirected,artista,artista,1971,1,MLT_DB_07_2016
ex.165,p.1995,Undirected,artista,artista,1971,1,MLT_DB_07_2016
ex.165,p.1608,Undirected,artista,artista,1971,1,MLT_DB_07_2016
ex.165,p.260,Undirected,artista,artista,1971,1,MLT_DB_07_2016
ex.165,p.2159,Undirected,artista,artista,1971,1,MLT_DB_07_2016
ex.165,p.744,Undirected,artista,artista,1971,1,MLT_DB_07_2016
ex.165,p.138,Undirected,artista,artista,1971,1,MLT_DB_07_2016
ex.165,p.865,Undirected,artista,artista,1971,1,MLT_DB_07_2016
ex.165,p.1152,Undirected,artista,artista,1971,1,MLT_DB_07_2016
ex.165,p.1182,Undirected,artista,artista,1971,1,MLT_DB_07_2016
ex.165,p.1587,Undirected,artista,artista,1971,1,MLT_DB_07_2016
ex.165,p.1093,Undirected,artista,artista,1971,1,MLT_DB_07_2016
ex.165,p.144,Undirected,artista,artista,1971,1,MLT_DB_07_2016
ex.165,p.333,Undirected,artista,artista,1971,1,MLT_DB_07_2016
ex.165,p.2132,Undirected,artista,artista,1971,1,MLT_DB_07_2016
ex.165,p.69,Undirected,artista,artista,1971,1,MLT_DB_07_2016
ex.165,p.821,Undirected,artista,artista,1971,1,MLT_DB_07_2016
ex.165,p.140,Undirected,artista,artista,1971,1,MLT_DB_07_2016
ex.165,p.2312,Undirected,artista,artista,1971,1,MLT_DB_07_2016
ex.165,p.44,Undirected,artista,artista,1971,1,MLT_DB_07_2016
ex.165,p.12,Undirected,artista,artista,1971,1,MLT_DB_07_2016
ex.166,p.7,Undirected,artista,artista,1971,1,MLT_DB_07_2016
ex.166,p.8,Undirected,artista,artista,1971,1,MLT_DB_07_2016
ex.166,p.68,Undirected,artista,artista,1971,1,MLT_DB_07_2016
ex.166,p.200,Undirected,artista,artista,1971,1,MLT_DB_07_2016
ex.166,p.73,Undirected,artista,artista,1971,1,MLT_DB_07_2016
ex.166,p.16,Undirected,artista,artista,1971,1,MLT_DB_07_2016
ex.166,p.22,Undirected,artista,artista,1971,1,MLT_DB_07_2016
ex.166,p.21,Undirected,artista,artista,1971,1,MLT_DB_07_2016
ex.166,p.46,Undirected,artista,artista,1971,1,MLT_DB_07_2016
ex.166,p.9,Undirected,artista,artista,1971,1,MLT_DB_07_2016
ex.166,p.12,Undirected,artista,artista,1971,1,MLT_DB_07_2016
ex.166,p.687,Undirected,artista,artista,1971,1,MLT_DB_07_2016
ex.166,p.136,Undirected,artista,artista,1971,1,MLT_DB_07_2016
ex.166,p.108,Undirected,artista,artista,1971,1,MLT_DB_07_2016
ex.166,p.24,Undirected,artista,artista,1971,1,MLT_DB_07_2016
ex.166,p.44,Undirected,artista,artista,1971,1,MLT_DB_07_2016
ex.166,p.2,Undirected,artista,artista,1971,1,MLT_DB_07_2016
ex.166,p.41,Undirected,artista,artista,1971,1,MLT_DB_07_2016
ex.166,p.39,Undirected,artista,artista,1971,1,MLT_DB_07_2016
ex.166,p.4,Undirected,artista,artista,1971,1,MLT_DB_07_2016
ex.166,p.20,Undirected,artista,artista,1971,1,MLT_DB_07_2016
ex.166,p.40,Undirected,artista,artista,1971,1,MLT_DB_07_2016
ex.166,p.127,Undirected,artista,artista,1971,1,MLT_DB_07_2016
ex.166,p.23,Undirected,artista,artista,1971,1,MLT_DB_07_2016
ex.166,p.17,Undirected,artista,artista,1971,1,MLT_DB_07_2016
ex.166,p.1051,Undirected,artista,artista,1971,1,MLT_DB_07_2016
ex.166,p.217,Undirected,artista,artista,1971,1,MLT_DB_07_2016
ex.166,p.626,Undirected,artista,artista,1971,1,MLT_DB_07_2016
ex.166,p.35,Undirected,artista,artista,1971,1,MLT_DB_07_2016
ex.166,p.218,Undirected,artista,artista,1971,1,MLT_DB_07_2016
ex.166,o.19,Undirected,apoyo,apoyo,1971,1,MLT_DB_07_2016
ex.167,p.42,Undirected,artista,artista,1972,1,MLT_DB_07_2016
ex.168,p.4,Undirected,artista,artista,1972,1,MLT_DB_07_2016
ex.169,p.902,Undirected,artista,artista,1972,1,MLT_DB_07_2016
ex.169,p.1317,Undirected,artista,artista,1972,1,MLT_DB_07_2016
ex.169,p.2135,Undirected,artista,artista,1972,1,MLT_DB_07_2016
ex.169,p.1651,Undirected,artista,artista,1972,1,MLT_DB_07_2016
ex.169,p.1541,Undirected,artista,artista,1972,1,MLT_DB_07_2016
ex.169,p.1917,Undirected,artista,artista,1972,1,MLT_DB_07_2016
ex.169,p.1121,Undirected,artista,artista,1972,1,MLT_DB_07_2016
ex.169,p.816,Undirected,artista,artista,1972,1,MLT_DB_07_2016
ex.169,p.988,Undirected,artista,artista,1972,1,MLT_DB_07_2016
ex.169,p.2022,Undirected,artista,artista,1972,1,MLT_DB_07_2016
ex.169,p.2038,Undirected,artista,artista,1972,1,MLT_DB_07_2016
ex.169,p.1544,Undirected,artista,artista,1972,1,MLT_DB_07_2016
ex.169,p.1806,Undirected,artista,artista,1972,1,MLT_DB_07_2016
ex.169,p.1956,Undirected,artista,artista,1972,1,MLT_DB_07_2016
ex.169,p.1116,Undirected,artista,artista,1972,1,MLT_DB_07_2016
ex.169,p.1141,Undirected,artista,artista,1972,1,MLT_DB_07_2016
ex.169,p.717,Undirected,artista,artista,1972,1,MLT_DB_07_2016
ex.169,p.1603,Undirected,artista,artista,1972,1,MLT_DB_07_2016
ex.169,p.718,Undirected,artista,artista,1972,1,MLT_DB_07_2016
ex.169,o.131,Undirected,apoyo,apoyo,1972,1,MLT_DB_07_2016
ex.170,p.39,Undirected,artista,artista,1972,1,MLT_DB_07_2016
ex.172,p.3,Undirected,artista,artista,1972,1,MLT_DB_07_2016
ex.172,o.269,Undirected,apoyo,apoyo,1972,1,MLT_DB_07_2016
ex.173,p.20,Undirected,artista,artista,1972,1,MLT_DB_07_2016
ex.174,p.666,Undirected,artista,artista,1972,1,MLT_DB_07_2016
ex.174,p.20,Undirected,artista,artista,1972,1,MLT_DB_07_2016
ex.174,p.150,Undirected,artista,artista,1972,1,MLT_DB_07_2016
ex.174,p.7,Undirected,artista,artista,1972,1,MLT_DB_07_2016
ex.174,p.22,Undirected,artista,artista,1972,1,MLT_DB_07_2016
ex.174,p.12,Undirected,artista,artista,1972,1,MLT_DB_07_2016
ex.174,p.396,Undirected,artista,artista,1972,1,MLT_DB_07_2016
ex.174,p.167,Undirected,artista,artista,1972,1,MLT_DB_07_2016
ex.174,p.229,Undirected,artista,artista,1972,1,MLT_DB_07_2016
ex.174,p.1124,Undirected,artista,artista,1972,1,MLT_DB_07_2016
ex.174,p.676,Undirected,artista,artista,1972,1,MLT_DB_07_2016
ex.174,p.1234,Undirected,artista,artista,1972,1,MLT_DB_07_2016
ex.174,p.308,Undirected,artista,artista,1972,1,MLT_DB_07_2016
ex.174,p.541,Undirected,artista,artista,1972,1,MLT_DB_07_2016
ex.174,p.287,Undirected,artista,artista,1972,1,MLT_DB_07_2016
ex.174,p.412,Undirected,artista,artista,1972,1,MLT_DB_07_2016
ex.174,p.505,Undirected,artista,artista,1972,1,MLT_DB_07_2016
ex.174,p.572,Undirected,artista,artista,1972,1,MLT_DB_07_2016
ex.174,p.1711,Undirected,artista,artista,1972,1,MLT_DB_07_2016
ex.174,p.544,Undirected,artista,artista,1972,1,MLT_DB_07_2016
ex.174,p.247,Undirected,artista,artista,1972,1,MLT_DB_07_2016
ex.174,o.88,Undirected,apoyo,apoyo,1972,1,MLT_DB_07_2016
ex.175,p.69,Undirected,artista,artista,1973,1,MLT_DB_07_2016
ex.175,o.161,Undirected,apoyo,apoyo,1973,1,MLT_DB_07_2016
ex.176,p.2292,Undirected,artista,artista,1973,1,MLT_DB_07_2016
ex.177,p.2018,Undirected,artista,artista,1973,1,MLT_DB_07_2016
ex.177,o.328,Undirected,apoyo,apoyo,1973,1,MLT_DB_07_2016
ex.178,p.426,Undirected,artista,artista,1973,1,MLT_DB_07_2016
ex.178,o.248,Undirected,apoyo,apoyo,1973,1,MLT_DB_07_2016
ex.179,p.12,Undirected,artista,artista,1973,1,MLT_DB_07_2016
ex.180,p.156,Undirected,artista,artista,1973,1,MLT_DB_07_2016
ex.180,o.311,Undirected,apoyo,apoyo,1973,1,MLT_DB_07_2016
ex.181,o.88,Undirected,apoyo,apoyo,1973,1,MLT_DB_07_2016
ex.183,p.1528,Undirected,artista,artista,1974,1,MLT_DB_07_2016
ex.184,p.122,Undirected,artista,artista,1974,1,MLT_DB_07_2016
ex.184,p.54,Undirected,artista,artista,1974,1,MLT_DB_07_2016
ex.184,p.28,Undirected,artista,artista,1974,1,MLT_DB_07_2016
ex.184,p.25,Undirected,artista,artista,1974,1,MLT_DB_07_2016
ex.185,p.16,Undirected,artista,artista,1974,1,MLT_DB_07_2016
ex.186,p.56,Undirected,artista,artista,1974,1,MLT_DB_07_2016
ex.187,o.162,Undirected,apoyo,apoyo,1974,1,MLT_DB_07_2016
ex.188,p.7,Undirected,artista,artista,1974,1,MLT_DB_07_2016
ex.188,p.4,Undirected,artista,artista,1974,1,MLT_DB_07_2016
ex.188,p.23,Undirected,artista,artista,1974,1,MLT_DB_07_2016
ex.188,p.17,Undirected,artista,artista,1974,1,MLT_DB_07_2016
ex.188,p.44,Undirected,artista,artista,1974,1,MLT_DB_07_2016
ex.188,p.68,Undirected,artista,artista,1974,1,MLT_DB_07_2016
ex.188,p.455,Undirected,artista,artista,1974,1,MLT_DB_07_2016
ex.188,p.48,Undirected,artista,artista,1974,1,MLT_DB_07_2016
ex.188,p.205,Undirected,artista,artista,1974,1,MLT_DB_07_2016
ex.188,p.150,Undirected,artista,artista,1974,1,MLT_DB_07_2016
ex.188,p.5,Undirected,artista,artista,1974,1,MLT_DB_07_2016
ex.188,p.2473,Undirected,artista,artista,1974,1,MLT_DB_07_2016
ex.188,p.2309,Undirected,artista,artista,1974,1,MLT_DB_07_2016
ex.188,p.1179,Undirected,artista,artista,1974,1,MLT_DB_07_2016
ex.188,p.14,Undirected,artista,artista,1974,1,MLT_DB_07_2016
ex.188,p.533,Undirected,artista,artista,1974,1,MLT_DB_07_2016
ex.188,p.1400,Undirected,artista,artista,1974,1,MLT_DB_07_2016
ex.188,p.160,Undirected,artista,artista,1974,1,MLT_DB_07_2016
ex.188,o.374,Undirected,apoyo,apoyo,1974,1,MLT_DB_07_2016
ex.189,p.73,Undirected,artista,artista,1974,1,MLT_DB_07_2016
ex.190,p.64,Undirected,artista,artista,1974,1,MLT_DB_07_2016
ex.190,p.207,Undirected,artista,artista,1974,1,MLT_DB_07_2016
ex.190,p.446,Undirected,artista,artista,1974,1,MLT_DB_07_2016
ex.190,p.1285,Undirected,artista,artista,1974,1,MLT_DB_07_2016
ex.190,p.2290,Undirected,artista,artista,1974,1,MLT_DB_07_2016
ex.190,p.589,Undirected,artista,artista,1974,1,MLT_DB_07_2016
ex.190,p.1682,Undirected,artista,artista,1974,1,MLT_DB_07_2016
ex.190,p.572,Undirected,artista,artista,1974,1,MLT_DB_07_2016
ex.190,p.2521,Undirected,artista,artista,1974,1,MLT_DB_07_2016
ex.190,p.2519,Undirected,artista,artista,1974,1,MLT_DB_07_2016
ex.190,p.850,Undirected,artista,artista,1974,1,MLT_DB_07_2016
ex.190,p.74,Undirected,artista,artista,1974,1,MLT_DB_07_2016
ex.190,p.45,Undirected,artista,artista,1974,1,MLT_DB_07_2016
ex.190,p.220,Undirected,artista,artista,1974,1,MLT_DB_07_2016
ex.190,p.1428,Undirected,artista,artista,1974,1,MLT_DB_07_2016
ex.190,p.2346,Undirected,artista,artista,1974,1,MLT_DB_07_2016
ex.190,p.749,Undirected,artista,artista,1974,1,MLT_DB_07_2016
ex.190,p.76,Undirected,artista,artista,1974,1,MLT_DB_07_2016
ex.190,p.2401,Undirected,artista,artista,1974,1,MLT_DB_07_2016
ex.190,p.652,Undirected,artista,artista,1974,1,MLT_DB_07_2016
ex.190,p.366,Undirected,artista,artista,1974,1,MLT_DB_07_2016
ex.190,p.29,Undirected,artista,artista,1974,1,MLT_DB_07_2016
ex.190,p.232,Undirected,artista,artista,1974,1,MLT_DB_07_2016
ex.190,p.33,Undirected,artista,artista,1974,1,MLT_DB_07_2016
ex.190,p.56,Undirected,artista,artista,1974,1,MLT_DB_07_2016
ex.190,p.22,Undirected,artista,artista,1974,1,MLT_DB_07_2016
ex.190,p.32,Undirected,artista,artista,1974,1,MLT_DB_07_2016
ex.190,p.1173,Undirected,artista,artista,1974,1,MLT_DB_07_2016
ex.190,p.115,Undirected,artista,artista,1974,1,MLT_DB_07_2016
ex.190,p.3,Undirected,artista,artista,1974,1,MLT_DB_07_2016
ex.190,p.989,Undirected,artista,artista,1974,1,MLT_DB_07_2016
ex.190,p.72,Undirected,artista,artista,1974,1,MLT_DB_07_2016
ex.190,p.1266,Undirected,artista,artista,1974,1,MLT_DB_07_2016
ex.190,p.643,Undirected,artista,artista,1974,1,MLT_DB_07_2016
ex.190,p.1618,Undirected,artista,artista,1974,1,MLT_DB_07_2016
ex.190,p.1305,Undirected,artista,artista,1974,1,MLT_DB_07_2016
ex.190,p.1204,Undirected,artista,artista,1974,1,MLT_DB_07_2016
ex.190,o.141,Undirected,apoyo,apoyo,1974,1,MLT_DB_07_2016
ex.190,o.108,Undirected,apoyo,apoyo,1974,1,MLT_DB_07_2016
ex.191,p.40,Undirected,artista,artista,1974,1,MLT_DB_07_2016
ex.192,p.38,Undirected,artista,artista,1974,1,MLT_DB_07_2016
ex.193,p.48,Undirected,artista,artista,1975,1,MLT_DB_07_2016
ex.193,p.8,Undirected,artista,artista,1975,1,MLT_DB_07_2016
ex.193,p.16,Undirected,artista,artista,1975,1,MLT_DB_07_2016
ex.193,p.9,Undirected,artista,artista,1975,1,MLT_DB_07_2016
ex.193,p.5,Undirected,artista,artista,1975,1,MLT_DB_07_2016
ex.193,p.138,Undirected,artista,artista,1975,1,MLT_DB_07_2016
ex.193,p.501,Undirected,artista,artista,1975,1,MLT_DB_07_2016
ex.193,p.1335,Undirected,artista,artista,1975,1,MLT_DB_07_2016
ex.193,p.255,Undirected,artista,artista,1975,1,MLT_DB_07_2016
ex.193,p.539,Undirected,artista,artista,1975,1,MLT_DB_07_2016
ex.193,p.300,Undirected,artista,artista,1975,1,MLT_DB_07_2016
ex.193,p.286,Undirected,artista,artista,1975,1,MLT_DB_07_2016
ex.193,p.106,Undirected,artista,artista,1975,1,MLT_DB_07_2016
ex.193,p.321,Undirected,artista,artista,1975,1,MLT_DB_07_2016
ex.193,p.1733,Undirected,artista,artista,1975,1,MLT_DB_07_2016
ex.193,p.1913,Undirected,artista,artista,1975,1,MLT_DB_07_2016
ex.193,p.1780,Undirected,artista,artista,1975,1,MLT_DB_07_2016
ex.193,p.738,Undirected,artista,artista,1975,1,MLT_DB_07_2016
ex.193,p.656,Undirected,artista,artista,1975,1,MLT_DB_07_2016
ex.193,p.172,Undirected,artista,artista,1975,1,MLT_DB_07_2016
ex.193,p.571,Undirected,artista,artista,1975,1,MLT_DB_07_2016
ex.193,p.424,Undirected,artista,artista,1975,1,MLT_DB_07_2016
ex.193,p.409,Undirected,artista,artista,1975,1,MLT_DB_07_2016
ex.193,p.523,Undirected,artista,artista,1975,1,MLT_DB_07_2016
ex.193,p.418,Undirected,artista,artista,1975,1,MLT_DB_07_2016
ex.193,p.491,Undirected,artista,artista,1975,1,MLT_DB_07_2016
ex.193,p.390,Undirected,artista,artista,1975,1,MLT_DB_07_2016
ex.193,p.55,Undirected,artista,artista,1975,1,MLT_DB_07_2016
ex.193,p.434,Undirected,artista,artista,1975,1,MLT_DB_07_2016
ex.193,p.398,Undirected,artista,artista,1975,1,MLT_DB_07_2016
ex.193,p.367,Undirected,artista,artista,1975,1,MLT_DB_07_2016
ex.193,p.707,Undirected,artista,artista,1975,1,MLT_DB_07_2016
ex.193,p.355,Undirected,artista,artista,1975,1,MLT_DB_07_2016
ex.193,p.969,Undirected,artista,artista,1975,1,MLT_DB_07_2016
ex.193,p.664,Undirected,artista,artista,1975,1,MLT_DB_07_2016
ex.193,p.74,Undirected,artista,artista,1975,1,MLT_DB_07_2016
ex.193,o.88,Undirected,apoyo,apoyo,1975,1,MLT_DB_07_2016
ex.194,p.2129,Undirected,artista,artista,1975,1,MLT_DB_07_2016
ex.194,p.665,Undirected,artista,artista,1975,1,MLT_DB_07_2016
ex.194,p.664,Undirected,artista,artista,1975,1,MLT_DB_07_2016
ex.194,p.2227,Undirected,artista,artista,1975,1,MLT_DB_07_2016
ex.194,p.129,Undirected,artista,artista,1975,1,MLT_DB_07_2016
ex.194,p.1887,Undirected,artista,artista,1975,1,MLT_DB_07_2016
ex.194,p.1809,Undirected,artista,artista,1975,1,MLT_DB_07_2016
ex.194,p.69,Undirected,artista,artista,1975,1,MLT_DB_07_2016
ex.194,p.1500,Undirected,artista,artista,1975,1,MLT_DB_07_2016
ex.194,p.1299,Undirected,artista,artista,1975,1,MLT_DB_07_2016
ex.194,p.2418,Undirected,artista,artista,1975,1,MLT_DB_07_2016
ex.194,p.2428,Undirected,artista,artista,1975,1,MLT_DB_07_2016
ex.194,p.2440,Undirected,artista,artista,1975,1,MLT_DB_07_2016
ex.194,p.2421,Undirected,artista,artista,1975,1,MLT_DB_07_2016
ex.194,p.2455,Undirected,artista,artista,1975,1,MLT_DB_07_2016
ex.194,p.1182,Undirected,artista,artista,1975,1,MLT_DB_07_2016
ex.194,p.1037,Undirected,artista,artista,1975,1,MLT_DB_07_2016
ex.194,p.2489,Undirected,artista,artista,1975,1,MLT_DB_07_2016
ex.194,p.897,Undirected,artista,artista,1975,1,MLT_DB_07_2016
ex.194,p.144,Undirected,artista,artista,1975,1,MLT_DB_07_2016
ex.194,p.883,Undirected,artista,artista,1975,1,MLT_DB_07_2016
ex.194,p.253,Undirected,artista,artista,1975,1,MLT_DB_07_2016
ex.194,p.794,Undirected,artista,artista,1975,1,MLT_DB_07_2016
ex.194,p.785,Undirected,artista,artista,1975,1,MLT_DB_07_2016
ex.194,p.775,Undirected,artista,artista,1975,1,MLT_DB_07_2016
ex.194,p.2536,Undirected,artista,artista,1975,1,MLT_DB_07_2016
ex.194,p.744,Undirected,artista,artista,1975,1,MLT_DB_07_2016
ex.194,p.729,Undirected,artista,artista,1975,1,MLT_DB_07_2016
ex.194,p.3208,Undirected,curador,curador,1975,1,MLT_DB_07_2016
ex.194,o.312,Undirected,apoyo,apoyo,1975,1,MLT_DB_07_2016
ex.195,p.3106,Undirected,artista,artista,1975,1,MLT_DB_07_2016
ex.195,p.1458,Undirected,artista,artista,1975,1,MLT_DB_07_2016
ex.195,p.2128,Undirected,artista,artista,1975,1,MLT_DB_07_2016
ex.195,p.719,Undirected,artista,artista,1975,1,MLT_DB_07_2016
ex.195,p.1805,Undirected,artista,artista,1975,1,MLT_DB_07_2016
ex.195,p.2052,Undirected,artista,artista,1975,1,MLT_DB_07_2016
ex.195,p.1242,Undirected,artista,artista,1975,1,MLT_DB_07_2016
ex.195,p.1799,Undirected,artista,artista,1975,1,MLT_DB_07_2016
ex.195,p.501,Undirected,artista,artista,1975,1,MLT_DB_07_2016
ex.195,p.1664,Undirected,artista,artista,1975,1,MLT_DB_07_2016
ex.195,p.2693,Undirected,artista,artista,1975,1,MLT_DB_07_2016
ex.195,p.2209,Undirected,artista,artista,1975,1,MLT_DB_07_2016
ex.195,p.1459,Undirected,artista,artista,1975,1,MLT_DB_07_2016
ex.195,p.1538,Undirected,artista,artista,1975,1,MLT_DB_07_2016
ex.195,p.2895,Undirected,artista,artista,1975,1,MLT_DB_07_2016
ex.195,p.1445,Undirected,artista,artista,1975,1,MLT_DB_07_2016
ex.195,p.93,Undirected,artista,artista,1975,1,MLT_DB_07_2016
ex.195,p.2823,Undirected,artista,artista,1975,1,MLT_DB_07_2016
ex.195,p.2049,Undirected,artista,artista,1975,1,MLT_DB_07_2016
ex.195,p.1005,Undirected,artista,artista,1975,1,MLT_DB_07_2016
ex.195,p.2011,Undirected,artista,artista,1975,1,MLT_DB_07_2016
ex.195,p.751,Undirected,artista,artista,1975,1,MLT_DB_07_2016
ex.195,p.1615,Undirected,artista,artista,1975,1,MLT_DB_07_2016
ex.195,p.1779,Undirected,artista,artista,1975,1,MLT_DB_07_2016
ex.195,p.774,Undirected,artista,artista,1975,1,MLT_DB_07_2016
ex.195,p.1820,Undirected,artista,artista,1975,1,MLT_DB_07_2016
ex.195,p.2698,Undirected,artista,artista,1975,1,MLT_DB_07_2016
ex.195,p.1173,Undirected,artista,artista,1975,1,MLT_DB_07_2016
ex.195,p.1679,Undirected,artista,artista,1975,1,MLT_DB_07_2016
ex.195,p.3082,Undirected,artista,artista,1975,1,MLT_DB_07_2016
ex.195,p.2901,Undirected,artista,artista,1975,1,MLT_DB_07_2016
ex.195,p.2613,Undirected,artista,artista,1975,1,MLT_DB_07_2016
ex.195,p.2756,Undirected,artista,artista,1975,1,MLT_DB_07_2016
ex.195,p.2871,Undirected,artista,artista,1975,1,MLT_DB_07_2016
ex.195,p.2809,Undirected,artista,artista,1975,1,MLT_DB_07_2016
ex.195,p.3067,Undirected,artista,artista,1975,1,MLT_DB_07_2016
ex.195,p.1948,Undirected,artista,artista,1975,1,MLT_DB_07_2016
ex.195,p.3131,Undirected,artista,artista,1975,1,MLT_DB_07_2016
ex.195,p.3123,Undirected,artista,artista,1975,1,MLT_DB_07_2016
ex.195,p.2856,Undirected,artista,artista,1975,1,MLT_DB_07_2016
ex.195,p.2710,Undirected,artista,artista,1975,1,MLT_DB_07_2016
ex.195,p.1568,Undirected,artista,artista,1975,1,MLT_DB_07_2016
ex.195,p.2816,Undirected,artista,artista,1975,1,MLT_DB_07_2016
ex.195,p.2554,Undirected,artista,artista,1975,1,MLT_DB_07_2016
ex.195,p.3030,Undirected,artista,artista,1975,1,MLT_DB_07_2016
ex.195,p.2879,Undirected,artista,artista,1975,1,MLT_DB_07_2016
ex.195,p.355,Undirected,artista,artista,1975,1,MLT_DB_07_2016
ex.195,p.2977,Undirected,artista,artista,1975,1,MLT_DB_07_2016
ex.195,p.3061,Undirected,artista,artista,1975,1,MLT_DB_07_2016
ex.195,p.2720,Undirected,artista,artista,1975,1,MLT_DB_07_2016
ex.195,p.2607,Undirected,artista,artista,1975,1,MLT_DB_07_2016
ex.195,p.289,Undirected,artista,artista,1975,1,MLT_DB_07_2016
ex.195,p.1452,Undirected,artista,artista,1975,1,MLT_DB_07_2016
ex.195,p.2776,Undirected,artista,artista,1975,1,MLT_DB_07_2016
ex.195,p.3016,Undirected,artista,artista,1975,1,MLT_DB_07_2016
ex.195,p.2817,Undirected,artista,artista,1975,1,MLT_DB_07_2016
ex.195,p.2788,Undirected,artista,artista,1975,1,MLT_DB_07_2016
ex.195,p.3058,Undirected,artista,artista,1975,1,MLT_DB_07_2016
ex.195,p.1547,Undirected,artista,artista,1975,1,MLT_DB_07_2016
ex.195,p.2576,Undirected,artista,artista,1975,1,MLT_DB_07_2016
ex.195,p.3031,Undirected,artista,artista,1975,1,MLT_DB_07_2016
ex.195,p.1430,Undirected,artista,artista,1975,1,MLT_DB_07_2016
ex.195,p.2709,Undirected,artista,artista,1975,1,MLT_DB_07_2016
ex.195,p.3084,Undirected,artista,artista,1975,1,MLT_DB_07_2016
ex.195,p.2785,Undirected,artista,artista,1975,1,MLT_DB_07_2016
ex.195,p.2958,Undirected,artista,artista,1975,1,MLT_DB_07_2016
ex.195,p.3102,Undirected,artista,artista,1975,1,MLT_DB_07_2016
ex.195,o.328,Undirected,apoyo,apoyo,1975,1,MLT_DB_07_2016
ex.195,o.247,Undirected,apoyo,apoyo,1975,1,MLT_DB_07_2016
ex.196,p.2815,Undirected,artista,artista,1975,1,MLT_DB_07_2016
ex.196,p.205,Undirected,artista,artista,1975,1,MLT_DB_07_2016
ex.196,p.5,Undirected,artista,artista,1975,1,MLT_DB_07_2016
ex.196,p.14,Undirected,artista,artista,1975,1,MLT_DB_07_2016
ex.196,p.9,Undirected,artista,artista,1975,1,MLT_DB_07_2016
ex.196,p.227,Undirected,artista,artista,1975,1,MLT_DB_07_2016
ex.196,p.849,Undirected,artista,artista,1975,1,MLT_DB_07_2016
ex.196,p.495,Undirected,artista,artista,1975,1,MLT_DB_07_2016
ex.196,p.2523,Undirected,curador,curador,1975,1,MLT_DB_07_2016
ex.196,o.116,Undirected,apoyo,apoyo,1975,1,MLT_DB_07_2016
ex.197,p.32,Undirected,artista,artista,1975,1,MLT_DB_07_2016
ex.197,o.174,Undirected,apoyo,apoyo,1975,1,MLT_DB_07_2016
ex.198,p.91,Undirected,artista,artista,1975,1,MLT_DB_07_2016
ex.198,o.257,Undirected,apoyo,apoyo,1975,1,MLT_DB_07_2016
ex.199,o.346,Undirected,apoyo,apoyo,1975,1,MLT_DB_07_2016
ex.200,p.365,Undirected,artista,artista,1975,1,MLT_DB_07_2016
ex.201,p.48,Undirected,artista,artista,1975,1,MLT_DB_07_2016
ex.201,p.227,Undirected,artista,artista,1975,1,MLT_DB_07_2016
ex.201,p.14,Undirected,artista,artista,1975,1,MLT_DB_07_2016
ex.201,p.5,Undirected,artista,artista,1975,1,MLT_DB_07_2016
ex.201,p.382,Undirected,artista,artista,1975,1,MLT_DB_07_2016
ex.201,p.150,Undirected,artista,artista,1975,1,MLT_DB_07_2016
ex.202,p.2475,Undirected,artista,artista,1975,1,MLT_DB_07_2016
ex.202,o.116,Undirected,apoyo,apoyo,1975,1,MLT_DB_07_2016
ex.203,p.88,Undirected,artista,artista,1976,1,MLT_DB_07_2016
ex.203,p.54,Undirected,artista,artista,1976,1,MLT_DB_07_2016
ex.203,p.485,Undirected,artista,artista,1976,1,MLT_DB_07_2016
ex.203,p.249,Undirected,artista,artista,1976,1,MLT_DB_07_2016
ex.203,p.17,Undirected,artista,artista,1976,1,MLT_DB_07_2016
ex.203,p.62,Undirected,artista,artista,1976,1,MLT_DB_07_2016
ex.203,p.40,Undirected,artista,artista,1976,1,MLT_DB_07_2016
ex.203,p.654,Undirected,artista,artista,1976,1,MLT_DB_07_2016
ex.203,p.265,Undirected,artista,artista,1976,1,MLT_DB_07_2016
ex.203,p.2364,Undirected,artista,artista,1976,1,MLT_DB_07_2016
ex.203,p.1387,Undirected,artista,artista,1976,1,MLT_DB_07_2016
ex.203,p.510,Undirected,artista,artista,1976,1,MLT_DB_07_2016
ex.203,p.478,Undirected,artista,artista,1976,1,MLT_DB_07_2016
ex.203,p.280,Undirected,artista,artista,1976,1,MLT_DB_07_2016
ex.203,p.377,Undirected,artista,artista,1976,1,MLT_DB_07_2016
ex.203,p.526,Undirected,artista,artista,1976,1,MLT_DB_07_2016
ex.203,p.410,Undirected,artista,artista,1976,1,MLT_DB_07_2016
ex.203,p.180,Undirected,artista,artista,1976,1,MLT_DB_07_2016
ex.203,p.299,Undirected,artista,artista,1976,1,MLT_DB_07_2016
ex.203,p.1502,Undirected,artista,artista,1976,1,MLT_DB_07_2016
ex.203,p.1435,Undirected,artista,artista,1976,1,MLT_DB_07_2016
ex.203,p.598,Undirected,artista,artista,1976,1,MLT_DB_07_2016
ex.203,p.318,Undirected,artista,artista,1976,1,MLT_DB_07_2016
ex.203,p.447,Undirected,artista,artista,1976,1,MLT_DB_07_2016
ex.203,p.509,Undirected,artista,artista,1976,1,MLT_DB_07_2016
ex.203,p.311,Undirected,artista,artista,1976,1,MLT_DB_07_2016
ex.203,p.528,Undirected,artista,artista,1976,1,MLT_DB_07_2016
ex.203,p.468,Undirected,artista,artista,1976,1,MLT_DB_07_2016
ex.203,p.635,Undirected,artista,artista,1976,1,MLT_DB_07_2016
ex.203,p.631,Undirected,artista,artista,1976,1,MLT_DB_07_2016
ex.203,p.72,Undirected,artista,artista,1976,1,MLT_DB_07_2016
ex.203,p.628,Undirected,artista,artista,1976,1,MLT_DB_07_2016
ex.203,p.1235,Undirected,artista,artista,1976,1,MLT_DB_07_2016
ex.203,p.431,Undirected,artista,artista,1976,1,MLT_DB_07_2016
ex.203,o.88,Undirected,apoyo,apoyo,1976,1,MLT_DB_07_2016
ex.204,p.2762,Undirected,artista,artista,1976,1,MLT_DB_07_2016
ex.204,p.3025,Undirected,artista,artista,1976,1,MLT_DB_07_2016
ex.204,p.2615,Undirected,artista,artista,1976,1,MLT_DB_07_2016
ex.204,p.2779,Undirected,artista,artista,1976,1,MLT_DB_07_2016
ex.204,p.3063,Undirected,artista,artista,1976,1,MLT_DB_07_2016
ex.204,p.3056,Undirected,artista,artista,1976,1,MLT_DB_07_2016
ex.204,p.1878,Undirected,artista,artista,1976,1,MLT_DB_07_2016
ex.204,p.2768,Undirected,artista,artista,1976,1,MLT_DB_07_2016
ex.204,p.3105,Undirected,artista,artista,1976,1,MLT_DB_07_2016
ex.204,p.2574,Undirected,artista,artista,1976,1,MLT_DB_07_2016
ex.204,p.2954,Undirected,artista,artista,1976,1,MLT_DB_07_2016
ex.204,p.2697,Undirected,artista,artista,1976,1,MLT_DB_07_2016
ex.204,p.3032,Undirected,artista,artista,1976,1,MLT_DB_07_2016
ex.204,p.2622,Undirected,artista,artista,1976,1,MLT_DB_07_2016
ex.204,p.3033,Undirected,artista,artista,1976,1,MLT_DB_07_2016
ex.204,p.2666,Undirected,artista,artista,1976,1,MLT_DB_07_2016
ex.204,p.924,Undirected,artista,artista,1976,1,MLT_DB_07_2016
ex.204,p.2837,Undirected,artista,artista,1976,1,MLT_DB_07_2016
ex.204,p.718,Undirected,artista,artista,1976,1,MLT_DB_07_2016
ex.204,p.2933,Undirected,artista,artista,1976,1,MLT_DB_07_2016
ex.204,o.131,Undirected,apoyo,apoyo,1976,1,MLT_DB_07_2016
ex.205,o.53,Undirected,apoyo,apoyo,1976,1,MLT_DB_07_2016
ex.205,o.125,Undirected,apoyo,apoyo,1976,1,MLT_DB_07_2016
ex.207,p.8,Undirected,artista,artista,1976,1,MLT_DB_07_2016
ex.207,p.346,Undirected,artista,artista,1976,1,MLT_DB_07_2016
ex.207,p.2239,Undirected,artista,artista,1976,1,MLT_DB_07_2016
ex.207,p.457,Undirected,artista,artista,1976,1,MLT_DB_07_2016
ex.207,p.62,Undirected,artista,artista,1976,1,MLT_DB_07_2016
ex.207,p.205,Undirected,artista,artista,1976,1,MLT_DB_07_2016
ex.207,p.1831,Undirected,artista,artista,1976,1,MLT_DB_07_2016
ex.207,p.1194,Undirected,artista,artista,1976,1,MLT_DB_07_2016
ex.207,p.1655,Undirected,artista,artista,1976,1,MLT_DB_07_2016
ex.207,p.1525,Undirected,artista,artista,1976,1,MLT_DB_07_2016
ex.207,p.590,Undirected,artista,artista,1976,1,MLT_DB_07_2016
ex.207,p.2368,Undirected,artista,artista,1976,1,MLT_DB_07_2016
ex.207,p.4,Undirected,artista,artista,1976,1,MLT_DB_07_2016
ex.207,p.7,Undirected,artista,artista,1976,1,MLT_DB_07_2016
ex.207,p.414,Undirected,artista,artista,1976,1,MLT_DB_07_2016
ex.207,p.137,Undirected,artista,artista,1976,1,MLT_DB_07_2016
ex.207,p.128,Undirected,artista,artista,1976,1,MLT_DB_07_2016
ex.207,p.1926,Undirected,artista,artista,1976,1,MLT_DB_07_2016
ex.207,p.1394,Undirected,artista,artista,1976,1,MLT_DB_07_2016
ex.207,p.628,Undirected,artista,artista,1976,1,MLT_DB_07_2016
ex.207,p.1,Undirected,artista,artista,1976,1,MLT_DB_07_2016
ex.207,p.382,Undirected,artista,artista,1976,1,MLT_DB_07_2016
ex.207,p.2385,Undirected,artista,artista,1976,1,MLT_DB_07_2016
ex.207,p.23,Undirected,artista,artista,1976,1,MLT_DB_07_2016
ex.207,p.123,Undirected,artista,artista,1976,1,MLT_DB_07_2016
ex.207,p.14,Undirected,artista,artista,1976,1,MLT_DB_07_2016
ex.207,p.394,Undirected,artista,artista,1976,1,MLT_DB_07_2016
ex.207,p.770,Undirected,artista,artista,1976,1,MLT_DB_07_2016
ex.207,p.2316,Undirected,artista,artista,1976,1,MLT_DB_07_2016
ex.207,p.2181,Undirected,artista,artista,1976,1,MLT_DB_07_2016
ex.207,p.352,Undirected,artista,artista,1976,1,MLT_DB_07_2016
ex.207,p.1994,Undirected,artista,artista,1976,1,MLT_DB_07_2016
ex.207,p.2511,Undirected,artista,artista,1976,1,MLT_DB_07_2016
ex.207,p.586,Undirected,artista,artista,1976,1,MLT_DB_07_2016
ex.207,p.455,Undirected,artista,artista,1976,1,MLT_DB_07_2016
ex.207,p.47,Undirected,artista,artista,1976,1,MLT_DB_07_2016
ex.207,p.21,Undirected,artista,artista,1976,1,MLT_DB_07_2016
ex.207,p.1135,Undirected,artista,artista,1976,1,MLT_DB_07_2016
ex.207,p.1621,Undirected,artista,artista,1976,1,MLT_DB_07_2016
ex.207,p.1405,Undirected,artista,artista,1976,1,MLT_DB_07_2016
ex.207,p.17,Undirected,artista,artista,1976,1,MLT_DB_07_2016
ex.207,p.53,Undirected,artista,artista,1976,1,MLT_DB_07_2016
ex.207,p.2288,Undirected,artista,artista,1976,1,MLT_DB_07_2016
ex.207,p.2358,Undirected,artista,artista,1976,1,MLT_DB_07_2016
ex.207,p.2306,Undirected,artista,artista,1976,1,MLT_DB_07_2016
ex.207,p.46,Undirected,artista,artista,1976,1,MLT_DB_07_2016
ex.207,p.312,Undirected,artista,artista,1976,1,MLT_DB_07_2016
ex.207,p.48,Undirected,artista,artista,1976,1,MLT_DB_07_2016
ex.207,p.16,Undirected,artista,artista,1976,1,MLT_DB_07_2016
ex.207,p.150,Undirected,artista,artista,1976,1,MLT_DB_07_2016
ex.207,p.649,Undirected,artista,artista,1976,1,MLT_DB_07_2016
ex.207,p.1157,Undirected,artista,artista,1976,1,MLT_DB_07_2016
ex.207,p.654,Undirected,artista,artista,1976,1,MLT_DB_07_2016
ex.207,p.5,Undirected,artista,artista,1976,1,MLT_DB_07_2016
ex.207,p.213,Undirected,artista,artista,1976,1,MLT_DB_07_2016
ex.207,p.179,Undirected,artista,artista,1976,1,MLT_DB_07_2016
ex.207,p.1481,Undirected,artista,artista,1976,1,MLT_DB_07_2016
ex.207,p.22,Undirected,artista,artista,1976,1,MLT_DB_07_2016
ex.207,p.666,Undirected,artista,artista,1976,1,MLT_DB_07_2016
ex.207,p.9,Undirected,artista,artista,1976,1,MLT_DB_07_2016
ex.207,p.20,Undirected,artista,artista,1976,1,MLT_DB_07_2016
ex.207,p.196,Undirected,artista,artista,1976,1,MLT_DB_07_2016
ex.207,p.181,Undirected,artista,artista,1976,1,MLT_DB_07_2016
ex.207,p.1632,Undirected,artista,artista,1976,1,MLT_DB_07_2016
ex.207,p.12,Undirected,artista,artista,1976,1,MLT_DB_07_2016
ex.207,p.227,Undirected,artista,artista,1976,1,MLT_DB_07_2016
ex.207,p.2041,Undirected,artista,artista,1976,1,MLT_DB_07_2016
ex.207,p.55,Undirected,artista,artista,1976,1,MLT_DB_07_2016
ex.207,p.1850,Undirected,artista,artista,1976,1,MLT_DB_07_2016
ex.207,p.1065,Undirected,artista,artista,1976,1,MLT_DB_07_2016
ex.207,p.515,Undirected,artista,artista,1976,1,MLT_DB_07_2016
ex.207,p.2283,Undirected,artista,artista,1976,1,MLT_DB_07_2016
ex.207,p.1963,Undirected,artista,artista,1976,1,MLT_DB_07_2016
ex.207,p.378,Undirected,artista,artista,1976,1,MLT_DB_07_2016
ex.207,p.74,Undirected,artista,artista,1976,1,MLT_DB_07_2016
ex.207,p.1760,Undirected,artista,artista,1976,1,MLT_DB_07_2016
ex.207,p.1260,Undirected,artista,artista,1976,1,MLT_DB_07_2016
ex.207,p.2383,Undirected,artista,artista,1976,1,MLT_DB_07_2016
ex.207,p.2177,Undirected,artista,artista,1976,1,MLT_DB_07_2016
ex.207,p.202,Undirected,artista,artista,1976,1,MLT_DB_07_2016
ex.207,p.951,Undirected,artista,artista,1976,1,MLT_DB_07_2016
ex.207,p.122,Undirected,artista,artista,1976,1,MLT_DB_07_2016
ex.207,p.1775,Undirected,artista,artista,1976,1,MLT_DB_07_2016
ex.207,p.1988,Undirected,artista,artista,1976,1,MLT_DB_07_2016
ex.207,p.334,Undirected,artista,artista,1976,1,MLT_DB_07_2016
ex.207,p.438,Undirected,artista,artista,1976,1,MLT_DB_07_2016
ex.207,p.156,Undirected,artista,artista,1976,1,MLT_DB_07_2016
ex.207,p.339,Undirected,artista,artista,1976,1,MLT_DB_07_2016
ex.207,p.2144,Undirected,artista,artista,1976,1,MLT_DB_07_2016
ex.207,p.204,Undirected,artista,artista,1976,1,MLT_DB_07_2016
ex.207,p.54,Undirected,artista,artista,1976,1,MLT_DB_07_2016
ex.207,p.1973,Undirected,artista,artista,1976,1,MLT_DB_07_2016
ex.207,p.2377,Undirected,artista,artista,1976,1,MLT_DB_07_2016
ex.207,p.250,Undirected,artista,artista,1976,1,MLT_DB_07_2016
ex.207,p.88,Undirected,artista,artista,1976,1,MLT_DB_07_2016
ex.207,p.29,Undirected,artista,artista,1976,1,MLT_DB_07_2016
ex.207,p.25,Undirected,artista,artista,1976,1,MLT_DB_07_2016
ex.207,p.1342,Undirected,artista,artista,1976,1,MLT_DB_07_2016
ex.207,p.2270,Undirected,artista,artista,1976,1,MLT_DB_07_2016
ex.207,p.2500,Undirected,artista,artista,1976,1,MLT_DB_07_2016
ex.207,p.2146,Undirected,artista,artista,1976,1,MLT_DB_07_2016
ex.207,p.1175,Undirected,artista,artista,1976,1,MLT_DB_07_2016
ex.207,p.38,Undirected,artista,artista,1976,1,MLT_DB_07_2016
ex.207,p.2499,Undirected,artista,artista,1976,1,MLT_DB_07_2016
ex.207,p.2416,Undirected,artista,artista,1976,1,MLT_DB_07_2016
ex.207,p.777,Undirected,artista,artista,1976,1,MLT_DB_07_2016
ex.207,p.2127,Undirected,artista,artista,1976,1,MLT_DB_07_2016
ex.207,p.974,Undirected,artista,artista,1976,1,MLT_DB_07_2016
ex.207,p.556,Undirected,artista,artista,1976,1,MLT_DB_07_2016
ex.207,p.768,Undirected,artista,artista,1976,1,MLT_DB_07_2016
ex.207,p.2088,Undirected,artista,artista,1976,1,MLT_DB_07_2016
ex.207,p.186,Undirected,artista,artista,1976,1,MLT_DB_07_2016
ex.207,p.594,Undirected,artista,artista,1976,1,MLT_DB_07_2016
ex.207,p.742,Undirected,artista,artista,1976,1,MLT_DB_07_2016
ex.207,p.83,Undirected,artista,artista,1976,1,MLT_DB_07_2016
ex.207,p.473,Undirected,artista,artista,1976,1,MLT_DB_07_2016
ex.207,p.1511,Undirected,artista,artista,1976,1,MLT_DB_07_2016
ex.207,p.684,Undirected,artista,artista,1976,1,MLT_DB_07_2016
ex.207,p.1498,Undirected,artista,artista,1976,1,MLT_DB_07_2016
ex.207,p.225,Undirected,artista,artista,1976,1,MLT_DB_07_2016
ex.207,p.91,Undirected,artista,artista,1976,1,MLT_DB_07_2016
ex.207,p.1111,Undirected,artista,artista,1976,1,MLT_DB_07_2016
ex.207,p.1950,Undirected,artista,artista,1976,1,MLT_DB_07_2016
ex.207,p.772,Undirected,artista,artista,1976,1,MLT_DB_07_2016
ex.207,p.42,Undirected,artista,artista,1976,1,MLT_DB_07_2016
ex.207,p.428,Undirected,artista,artista,1976,1,MLT_DB_07_2016
ex.207,p.1252,Undirected,artista,artista,1976,1,MLT_DB_07_2016
ex.207,p.109,Undirected,artista,artista,1976,1,MLT_DB_07_2016
ex.207,p.366,Undirected,artista,artista,1976,1,MLT_DB_07_2016
ex.207,p.1316,Undirected,artista,artista,1976,1,MLT_DB_07_2016
ex.207,p.1491,Undirected,artista,artista,1976,1,MLT_DB_07_2016
ex.207,p.1147,Undirected,artista,artista,1976,1,MLT_DB_07_2016
ex.207,p.611,Undirected,artista,artista,1976,1,MLT_DB_07_2016
ex.207,p.1248,Undirected,artista,artista,1976,1,MLT_DB_07_2016
ex.207,p.1418,Undirected,artista,artista,1976,1,MLT_DB_07_2016
ex.207,p.567,Undirected,artista,artista,1976,1,MLT_DB_07_2016
ex.207,p.3082,Undirected,artista,artista,1976,1,MLT_DB_07_2016
ex.207,p.885,Undirected,artista,artista,1976,1,MLT_DB_07_2016
ex.207,p.92,Undirected,artista,artista,1976,1,MLT_DB_07_2016
ex.207,p.1897,Undirected,artista,artista,1976,1,MLT_DB_07_2016
ex.207,p.1652,Undirected,artista,artista,1976,1,MLT_DB_07_2016
ex.207,p.1466,Undirected,artista,artista,1976,1,MLT_DB_07_2016
ex.207,p.1004,Undirected,artista,artista,1976,1,MLT_DB_07_2016
ex.207,p.1871,Undirected,artista,artista,1976,1,MLT_DB_07_2016
ex.207,p.248,Undirected,artista,artista,1976,1,MLT_DB_07_2016
ex.207,p.293,Undirected,artista,artista,1976,1,MLT_DB_07_2016
ex.207,p.1673,Undirected,artista,artista,1976,1,MLT_DB_07_2016
ex.207,p.369,Undirected,artista,artista,1976,1,MLT_DB_07_2016
ex.207,p.253,Undirected,artista,artista,1976,1,MLT_DB_07_2016
ex.207,p.943,Undirected,artista,artista,1976,1,MLT_DB_07_2016
ex.207,p.2211,Undirected,artista,artista,1976,1,MLT_DB_07_2016
ex.207,p.2229,Undirected,artista,artista,1976,1,MLT_DB_07_2016
ex.207,p.2335,Undirected,artista,artista,1976,1,MLT_DB_07_2016
ex.207,p.2025,Undirected,artista,artista,1976,1,MLT_DB_07_2016
ex.207,p.1095,Undirected,artista,artista,1976,1,MLT_DB_07_2016
ex.207,p.168,Undirected,artista,artista,1976,1,MLT_DB_07_2016
ex.207,p.69,Undirected,artista,artista,1976,1,MLT_DB_07_2016
ex.207,p.1925,Undirected,artista,artista,1976,1,MLT_DB_07_2016
ex.207,p.177,Undirected,artista,artista,1976,1,MLT_DB_07_2016
ex.207,p.169,Undirected,artista,artista,1976,1,MLT_DB_07_2016
ex.207,p.1812,Undirected,artista,artista,1976,1,MLT_DB_07_2016
ex.207,p.45,Undirected,artista,artista,1976,1,MLT_DB_07_2016
ex.207,p.175,Undirected,artista,artista,1976,1,MLT_DB_07_2016
ex.207,p.28,Undirected,artista,artista,1976,1,MLT_DB_07_2016
ex.207,p.1990,Undirected,artista,artista,1976,1,MLT_DB_07_2016
ex.207,p.1513,Undirected,artista,artista,1976,1,MLT_DB_07_2016
ex.207,p.1288,Undirected,artista,artista,1976,1,MLT_DB_07_2016
ex.207,p.1380,Undirected,artista,artista,1976,1,MLT_DB_07_2016
ex.207,p.750,Undirected,artista,artista,1976,1,MLT_DB_07_2016
ex.207,p.2332,Undirected,artista,artista,1976,1,MLT_DB_07_2016
ex.207,p.1638,Undirected,artista,artista,1976,1,MLT_DB_07_2016
ex.207,p.1983,Undirected,artista,artista,1976,1,MLT_DB_07_2016
ex.207,p.72,Undirected,artista,artista,1976,1,MLT_DB_07_2016
ex.207,p.1943,Undirected,artista,artista,1976,1,MLT_DB_07_2016
ex.207,p.1852,Undirected,artista,artista,1976,1,MLT_DB_07_2016
ex.207,p.1540,Undirected,artista,artista,1976,1,MLT_DB_07_2016
ex.207,p.1742,Undirected,artista,artista,1976,1,MLT_DB_07_2016
ex.207,p.390,Undirected,artista,artista,1976,1,MLT_DB_07_2016
ex.207,p.1329,Undirected,artista,artista,1976,1,MLT_DB_07_2016
ex.207,p.671,Undirected,artista,artista,1976,1,MLT_DB_07_2016
ex.207,p.146,Undirected,artista,artista,1976,1,MLT_DB_07_2016
ex.207,p.523,Undirected,artista,artista,1976,1,MLT_DB_07_2016
ex.207,p.587,Undirected,artista,artista,1976,1,MLT_DB_07_2016
ex.207,p.1410,Undirected,artista,artista,1976,1,MLT_DB_07_2016
ex.207,p.286,Undirected,artista,artista,1976,1,MLT_DB_07_2016
ex.207,p.2542,Undirected,artista,artista,1976,1,MLT_DB_07_2016
ex.207,p.56,Undirected,artista,artista,1976,1,MLT_DB_07_2016
ex.207,p.2279,Undirected,artista,artista,1976,1,MLT_DB_07_2016
ex.207,p.1183,Undirected,artista,artista,1976,1,MLT_DB_07_2016
ex.207,p.106,Undirected,artista,artista,1976,1,MLT_DB_07_2016
ex.207,p.646,Undirected,artista,artista,1976,1,MLT_DB_07_2016
ex.207,p.1980,Undirected,artista,artista,1976,1,MLT_DB_07_2016
ex.207,p.2230,Undirected,artista,artista,1976,1,MLT_DB_07_2016
ex.207,p.2294,Undirected,artista,artista,1976,1,MLT_DB_07_2016
ex.207,p.2510,Undirected,artista,artista,1976,1,MLT_DB_07_2016
ex.207,p.2391,Undirected,artista,artista,1976,1,MLT_DB_07_2016
ex.207,p.350,Undirected,artista,artista,1976,1,MLT_DB_07_2016
ex.207,p.107,Undirected,artista,artista,1976,1,MLT_DB_07_2016
ex.207,p.3,Undirected,artista,artista,1976,1,MLT_DB_07_2016
ex.207,p.1764,Undirected,artista,artista,1976,1,MLT_DB_07_2016
ex.207,p.656,Undirected,artista,artista,1976,1,MLT_DB_07_2016
ex.207,p.2445,Undirected,artista,artista,1976,1,MLT_DB_07_2016
ex.207,p.1749,Undirected,artista,artista,1976,1,MLT_DB_07_2016
ex.207,p.172,Undirected,artista,artista,1976,1,MLT_DB_07_2016
ex.207,p.365,Undirected,artista,artista,1976,1,MLT_DB_07_2016
ex.207,p.1817,Undirected,artista,artista,1976,1,MLT_DB_07_2016
ex.207,p.160,Undirected,artista,artista,1976,1,MLT_DB_07_2016
ex.207,p.154,Undirected,artista,artista,1976,1,MLT_DB_07_2016
ex.207,p.1623,Undirected,artista,artista,1976,1,MLT_DB_07_2016
ex.207,p.1719,Undirected,artista,artista,1976,1,MLT_DB_07_2016
ex.207,p.1823,Undirected,artista,artista,1976,1,MLT_DB_07_2016
ex.207,p.1047,Undirected,artista,artista,1976,1,MLT_DB_07_2016
ex.207,p.195,Undirected,artista,artista,1976,1,MLT_DB_07_2016
ex.207,p.18,Undirected,artista,artista,1976,1,MLT_DB_07_2016
ex.207,p.180,Undirected,artista,artista,1976,1,MLT_DB_07_2016
ex.207,p.1822,Undirected,artista,artista,1976,1,MLT_DB_07_2016
ex.207,p.1702,Undirected,artista,artista,1976,1,MLT_DB_07_2016
ex.207,p.932,Undirected,artista,artista,1976,1,MLT_DB_07_2016
ex.207,p.412,Undirected,artista,artista,1976,1,MLT_DB_07_2016
ex.207,p.1716,Undirected,artista,artista,1976,1,MLT_DB_07_2016
ex.207,p.1322,Undirected,artista,artista,1976,1,MLT_DB_07_2016
ex.207,p.2505,Undirected,artista,artista,1976,1,MLT_DB_07_2016
ex.207,p.877,Undirected,artista,artista,1976,1,MLT_DB_07_2016
ex.207,p.1766,Undirected,artista,artista,1976,1,MLT_DB_07_2016
ex.207,p.1015,Undirected,artista,artista,1976,1,MLT_DB_07_2016
ex.207,p.220,Undirected,artista,artista,1976,1,MLT_DB_07_2016
ex.207,p.2518,Undirected,artista,artista,1976,1,MLT_DB_07_2016
ex.207,p.258,Undirected,artista,artista,1976,1,MLT_DB_07_2016
ex.207,p.221,Undirected,artista,artista,1976,1,MLT_DB_07_2016
ex.207,o.88,Undirected,apoyo,apoyo,1976,1,MLT_DB_07_2016
ex.208,p.12,Undirected,artista,artista,1976,1,MLT_DB_07_2016
ex.208,p.2,Undirected,artista,artista,1976,1,MLT_DB_07_2016
ex.208,p.20,Undirected,artista,artista,1976,1,MLT_DB_07_2016
ex.208,p.7,Undirected,artista,artista,1976,1,MLT_DB_07_2016
ex.208,p.16,Undirected,artista,artista,1976,1,MLT_DB_07_2016
ex.208,p.5,Undirected,artista,artista,1976,1,MLT_DB_07_2016
ex.209,p.9,Undirected,artista,artista,1976,1,MLT_DB_07_2016
ex.209,o.89,Undirected,apoyo,apoyo,1976,1,MLT_DB_07_2016
ex.209,o.223,Undirected,apoyo,apoyo,1976,1,MLT_DB_07_2016
ex.210,p.884,Undirected,artista,artista,1976,1,MLT_DB_07_2016
ex.210,p.950,Undirected,artista,artista,1976,1,MLT_DB_07_2016
ex.210,p.2249,Undirected,artista,artista,1976,1,MLT_DB_07_2016
ex.210,p.2194,Undirected,artista,artista,1976,1,MLT_DB_07_2016
ex.210,p.1680,Undirected,artista,artista,1976,1,MLT_DB_07_2016
ex.210,p.933,Undirected,artista,artista,1976,1,MLT_DB_07_2016
ex.210,p.556,Undirected,artista,artista,1976,1,MLT_DB_07_2016
ex.210,p.2201,Undirected,artista,artista,1976,1,MLT_DB_07_2016
ex.210,p.2374,Undirected,artista,artista,1976,1,MLT_DB_07_2016
ex.210,p.264,Undirected,artista,artista,1976,1,MLT_DB_07_2016
ex.210,p.1211,Undirected,artista,artista,1976,1,MLT_DB_07_2016
ex.210,p.2355,Undirected,artista,artista,1976,1,MLT_DB_07_2016
ex.210,p.2243,Undirected,artista,artista,1976,1,MLT_DB_07_2016
ex.210,p.2350,Undirected,artista,artista,1976,1,MLT_DB_07_2016
ex.210,p.1066,Undirected,artista,artista,1976,1,MLT_DB_07_2016
ex.210,p.2193,Undirected,artista,artista,1976,1,MLT_DB_07_2016
ex.210,p.1355,Undirected,artista,artista,1976,1,MLT_DB_07_2016
ex.210,p.898,Undirected,artista,artista,1976,1,MLT_DB_07_2016
ex.210,p.2476,Undirected,artista,artista,1976,1,MLT_DB_07_2016
ex.210,p.565,Undirected,artista,artista,1976,1,MLT_DB_07_2016
ex.210,p.1620,Undirected,artista,artista,1976,1,MLT_DB_07_2016
ex.210,p.1175,Undirected,artista,artista,1976,1,MLT_DB_07_2016
ex.210,p.1035,Undirected,artista,artista,1976,1,MLT_DB_07_2016
ex.210,p.2277,Undirected,artista,artista,1976,1,MLT_DB_07_2016
ex.210,p.548,Undirected,artista,artista,1976,1,MLT_DB_07_2016
ex.210,p.1507,Undirected,artista,artista,1976,1,MLT_DB_07_2016
ex.210,p.2359,Undirected,artista,artista,1976,1,MLT_DB_07_2016
ex.210,p.2278,Undirected,artista,artista,1976,1,MLT_DB_07_2016
ex.210,p.960,Undirected,artista,artista,1976,1,MLT_DB_07_2016
ex.210,p.35,Undirected,artista,artista,1976,1,MLT_DB_07_2016
ex.210,p.1025,Undirected,artista,artista,1976,1,MLT_DB_07_2016
ex.210,p.1953,Undirected,artista,artista,1976,1,MLT_DB_07_2016
ex.210,p.1739,Undirected,artista,artista,1976,1,MLT_DB_07_2016
ex.210,p.918,Undirected,artista,artista,1976,1,MLT_DB_07_2016
ex.210,p.1070,Undirected,artista,artista,1976,1,MLT_DB_07_2016
ex.210,p.2507,Undirected,artista,artista,1976,1,MLT_DB_07_2016
ex.210,p.2425,Undirected,artista,artista,1976,1,MLT_DB_07_2016
ex.210,p.956,Undirected,artista,artista,1976,1,MLT_DB_07_2016
ex.210,p.842,Undirected,artista,artista,1976,1,MLT_DB_07_2016
ex.210,p.2310,Undirected,artista,artista,1976,1,MLT_DB_07_2016
ex.210,p.171,Undirected,artista,artista,1976,1,MLT_DB_07_2016
ex.210,p.1214,Undirected,artista,artista,1976,1,MLT_DB_07_2016
ex.210,p.230,Undirected,artista,artista,1976,1,MLT_DB_07_2016
ex.210,p.954,Undirected,artista,artista,1976,1,MLT_DB_07_2016
ex.210,p.1361,Undirected,artista,artista,1976,1,MLT_DB_07_2016
ex.210,p.843,Undirected,artista,artista,1976,1,MLT_DB_07_2016
ex.210,p.1774,Undirected,artista,artista,1976,1,MLT_DB_07_2016
ex.210,p.2500,Undirected,artista,artista,1976,1,MLT_DB_07_2016
ex.210,p.2149,Undirected,artista,artista,1976,1,MLT_DB_07_2016
ex.210,p.967,Undirected,artista,artista,1976,1,MLT_DB_07_2016
ex.210,p.972,Undirected,artista,artista,1976,1,MLT_DB_07_2016
ex.210,p.2275,Undirected,artista,artista,1976,1,MLT_DB_07_2016
ex.210,p.58,Undirected,artista,artista,1976,1,MLT_DB_07_2016
ex.210,p.2361,Undirected,artista,artista,1976,1,MLT_DB_07_2016
ex.210,p.2541,Undirected,artista,artista,1976,1,MLT_DB_07_2016
ex.210,p.100,Undirected,artista,artista,1976,1,MLT_DB_07_2016
ex.210,p.1819,Undirected,artista,artista,1976,1,MLT_DB_07_2016
ex.210,p.2508,Undirected,artista,artista,1976,1,MLT_DB_07_2016
ex.210,p.777,Undirected,artista,artista,1976,1,MLT_DB_07_2016
ex.210,p.2497,Undirected,artista,artista,1976,1,MLT_DB_07_2016
ex.210,p.2173,Undirected,artista,artista,1976,1,MLT_DB_07_2016
ex.210,p.2151,Undirected,artista,artista,1976,1,MLT_DB_07_2016
ex.210,p.2416,Undirected,artista,artista,1976,1,MLT_DB_07_2016
ex.210,p.2501,Undirected,artista,artista,1976,1,MLT_DB_07_2016
ex.210,p.2392,Undirected,artista,artista,1976,1,MLT_DB_07_2016
ex.210,o.130,Undirected,apoyo,apoyo,1976,1,MLT_DB_07_2016
ex.211,p.2342,Undirected,artista,artista,1976,1,MLT_DB_07_2016
ex.211,p.2008,Undirected,artista,artista,1976,1,MLT_DB_07_2016
ex.211,p.903,Undirected,artista,artista,1976,1,MLT_DB_07_2016
ex.211,p.2252,Undirected,artista,artista,1976,1,MLT_DB_07_2016
ex.211,p.1797,Undirected,artista,artista,1976,1,MLT_DB_07_2016
ex.211,p.1349,Undirected,artista,artista,1976,1,MLT_DB_07_2016
ex.211,p.2136,Undirected,artista,artista,1976,1,MLT_DB_07_2016
ex.211,p.1876,Undirected,artista,artista,1976,1,MLT_DB_07_2016
ex.211,p.2027,Undirected,artista,artista,1976,1,MLT_DB_07_2016
ex.211,p.1295,Undirected,artista,artista,1976,1,MLT_DB_07_2016
ex.211,p.2060,Undirected,artista,artista,1976,1,MLT_DB_07_2016
ex.211,p.712,Undirected,artista,artista,1976,1,MLT_DB_07_2016
ex.211,p.803,Undirected,artista,artista,1976,1,MLT_DB_07_2016
ex.211,p.994,Undirected,artista,artista,1976,1,MLT_DB_07_2016
ex.211,p.761,Undirected,artista,artista,1976,1,MLT_DB_07_2016
ex.211,p.1265,Undirected,artista,artista,1976,1,MLT_DB_07_2016
ex.211,p.1028,Undirected,artista,artista,1976,1,MLT_DB_07_2016
ex.211,p.1071,Undirected,artista,artista,1976,1,MLT_DB_07_2016
ex.211,p.2325,Undirected,artista,artista,1976,1,MLT_DB_07_2016
ex.211,p.2530,Undirected,artista,artista,1976,1,MLT_DB_07_2016
ex.211,p.2371,Undirected,artista,artista,1976,1,MLT_DB_07_2016
ex.211,p.1422,Undirected,artista,artista,1976,1,MLT_DB_07_2016
ex.211,p.1649,Undirected,artista,artista,1976,1,MLT_DB_07_2016
ex.211,p.1259,Undirected,artista,artista,1976,1,MLT_DB_07_2016
ex.211,p.1469,Undirected,artista,artista,1976,1,MLT_DB_07_2016
ex.211,p.1951,Undirected,artista,artista,1976,1,MLT_DB_07_2016
ex.211,p.726,Undirected,artista,artista,1976,1,MLT_DB_07_2016
ex.211,p.3174,Undirected,curador,curador,1976,1,MLT_DB_07_2016
ex.211,p.3242,Undirected,curador,curador,1976,1,MLT_DB_07_2016
ex.211,p.3182,Undirected,curador,curador,1976,1,MLT_DB_07_2016
ex.211,p.3241,Undirected,curador,curador,1976,1,MLT_DB_07_2016
ex.211,p.3149,Undirected,curador,curador,1976,1,MLT_DB_07_2016
ex.212,p.111,Undirected,artista,artista,1977,1,MLT_DB_07_2016
ex.212,p.76,Undirected,artista,artista,1977,1,MLT_DB_07_2016
ex.212,p.432,Undirected,artista,artista,1977,1,MLT_DB_07_2016
ex.212,p.382,Undirected,artista,artista,1977,1,MLT_DB_07_2016
ex.212,p.128,Undirected,artista,artista,1977,1,MLT_DB_07_2016
ex.212,p.178,Undirected,artista,artista,1977,1,MLT_DB_07_2016
ex.212,p.14,Undirected,artista,artista,1977,1,MLT_DB_07_2016
ex.212,p.160,Undirected,artista,artista,1977,1,MLT_DB_07_2016
ex.212,p.53,Undirected,artista,artista,1977,1,MLT_DB_07_2016
ex.212,p.471,Undirected,artista,artista,1977,1,MLT_DB_07_2016
ex.212,p.389,Undirected,artista,artista,1977,1,MLT_DB_07_2016
ex.212,p.546,Undirected,artista,artista,1977,1,MLT_DB_07_2016
ex.212,p.56,Undirected,artista,artista,1977,1,MLT_DB_07_2016
ex.212,p.496,Undirected,artista,artista,1977,1,MLT_DB_07_2016
ex.212,p.573,Undirected,artista,artista,1977,1,MLT_DB_07_2016
ex.212,p.251,Undirected,artista,artista,1977,1,MLT_DB_07_2016
ex.212,p.450,Undirected,artista,artista,1977,1,MLT_DB_07_2016
ex.212,p.686,Undirected,artista,artista,1977,1,MLT_DB_07_2016
ex.212,p.658,Undirected,artista,artista,1977,1,MLT_DB_07_2016
ex.212,p.659,Undirected,artista,artista,1977,1,MLT_DB_07_2016
ex.212,p.113,Undirected,artista,artista,1977,1,MLT_DB_07_2016
ex.212,p.380,Undirected,artista,artista,1977,1,MLT_DB_07_2016
ex.212,p.399,Undirected,artista,artista,1977,1,MLT_DB_07_2016
ex.212,p.420,Undirected,artista,artista,1977,1,MLT_DB_07_2016
ex.212,p.641,Undirected,artista,artista,1977,1,MLT_DB_07_2016
ex.212,p.276,Undirected,artista,artista,1977,1,MLT_DB_07_2016
ex.212,p.65,Undirected,artista,artista,1977,1,MLT_DB_07_2016
ex.212,p.632,Undirected,artista,artista,1977,1,MLT_DB_07_2016
ex.212,p.329,Undirected,artista,artista,1977,1,MLT_DB_07_2016
ex.212,p.587,Undirected,artista,artista,1977,1,MLT_DB_07_2016
ex.212,p.671,Undirected,artista,artista,1977,1,MLT_DB_07_2016
ex.212,p.754,Undirected,artista,artista,1977,1,MLT_DB_07_2016
ex.212,p.540,Undirected,artista,artista,1977,1,MLT_DB_07_2016
ex.212,p.381,Undirected,artista,artista,1977,1,MLT_DB_07_2016
ex.213,p.2341,Undirected,artista,artista,1977,1,MLT_DB_07_2016
ex.213,p.2092,Undirected,artista,artista,1977,1,MLT_DB_07_2016
ex.213,p.1245,Undirected,artista,artista,1977,1,MLT_DB_07_2016
ex.213,p.2028,Undirected,artista,artista,1977,1,MLT_DB_07_2016
ex.213,p.1146,Undirected,artista,artista,1977,1,MLT_DB_07_2016
ex.213,p.1168,Undirected,artista,artista,1977,1,MLT_DB_07_2016
ex.213,p.2460,Undirected,artista,artista,1977,1,MLT_DB_07_2016
ex.213,p.2784,Undirected,artista,artista,1977,1,MLT_DB_07_2016
ex.213,p.315,Undirected,artista,artista,1977,1,MLT_DB_07_2016
ex.213,p.1556,Undirected,artista,artista,1977,1,MLT_DB_07_2016
ex.213,p.1267,Undirected,artista,artista,1977,1,MLT_DB_07_2016
ex.213,p.766,Undirected,artista,artista,1977,1,MLT_DB_07_2016
ex.213,p.2254,Undirected,artista,artista,1977,1,MLT_DB_07_2016
ex.213,p.1169,Undirected,artista,artista,1977,1,MLT_DB_07_2016
ex.213,p.1935,Undirected,artista,artista,1977,1,MLT_DB_07_2016
ex.213,p.2164,Undirected,artista,artista,1977,1,MLT_DB_07_2016
ex.213,p.767,Undirected,artista,artista,1977,1,MLT_DB_07_2016
ex.213,p.1577,Undirected,artista,artista,1977,1,MLT_DB_07_2016
ex.213,p.879,Undirected,artista,artista,1977,1,MLT_DB_07_2016
ex.213,p.938,Undirected,artista,artista,1977,1,MLT_DB_07_2016
ex.213,p.315,Undirected,curador,curador,1977,1,MLT_DB_07_2016
ex.213,o.173,Undirected,apoyo,apoyo,1977,1,MLT_DB_07_2016
ex.214,p.2059,Undirected,artista,artista,1977,1,MLT_DB_07_2016
ex.214,o.131,Undirected,apoyo,apoyo,1977,1,MLT_DB_07_2016
ex.215,p.205,Undirected,artista,artista,1977,1,MLT_DB_07_2016
ex.215,p.594,Undirected,artista,artista,1977,1,MLT_DB_07_2016
ex.215,p.438,Undirected,artista,artista,1977,1,MLT_DB_07_2016
ex.215,p.53,Undirected,artista,artista,1977,1,MLT_DB_07_2016
ex.215,p.17,Undirected,artista,artista,1977,1,MLT_DB_07_2016
ex.215,p.378,Undirected,artista,artista,1977,1,MLT_DB_07_2016
ex.215,p.3219,Undirected,curador,curador,1977,1,MLT_DB_07_2016
ex.215,p.3181,Undirected,curador,curador,1977,1,MLT_DB_07_2016
ex.215,p.3172,Undirected,curador,curador,1977,1,MLT_DB_07_2016
ex.215,p.3224,Undirected,curador,curador,1977,1,MLT_DB_07_2016
ex.215,p.3162,Undirected,curador,curador,1977,1,MLT_DB_07_2016
ex.215,p.3218,Undirected,curador,curador,1977,1,MLT_DB_07_2016
ex.215,o.88,Undirected,apoyo,apoyo,1977,1,MLT_DB_07_2016
ex.216,p.243,Undirected,artista,artista,1977,1,MLT_DB_07_2016
ex.216,p.285,Undirected,artista,artista,1977,1,MLT_DB_07_2016
ex.216,p.2085,Undirected,artista,artista,1977,1,MLT_DB_07_2016
ex.216,p.2299,Undirected,artista,artista,1977,1,MLT_DB_07_2016
ex.216,p.1754,Undirected,artista,artista,1977,1,MLT_DB_07_2016
ex.216,p.1630,Undirected,artista,artista,1977,1,MLT_DB_07_2016
ex.216,p.2442,Undirected,artista,artista,1977,1,MLT_DB_07_2016
ex.216,p.1957,Undirected,artista,artista,1977,1,MLT_DB_07_2016
ex.216,p.2328,Undirected,artista,artista,1977,1,MLT_DB_07_2016
ex.216,p.976,Undirected,artista,artista,1977,1,MLT_DB_07_2016
ex.216,p.512,Undirected,artista,artista,1977,1,MLT_DB_07_2016
ex.216,p.2444,Undirected,artista,artista,1977,1,MLT_DB_07_2016
ex.216,p.2053,Undirected,artista,artista,1977,1,MLT_DB_07_2016
ex.216,p.1580,Undirected,artista,artista,1977,1,MLT_DB_07_2016
ex.216,p.1732,Undirected,artista,artista,1977,1,MLT_DB_07_2016
ex.216,p.1127,Undirected,artista,artista,1977,1,MLT_DB_07_2016
ex.216,p.1745,Undirected,artista,artista,1977,1,MLT_DB_07_2016
ex.216,p.2390,Undirected,artista,artista,1977,1,MLT_DB_07_2016
ex.216,p.2434,Undirected,artista,artista,1977,1,MLT_DB_07_2016
ex.216,p.1193,Undirected,artista,artista,1977,1,MLT_DB_07_2016
ex.216,p.1813,Undirected,artista,artista,1977,1,MLT_DB_07_2016
ex.216,p.1582,Undirected,artista,artista,1977,1,MLT_DB_07_2016
ex.216,p.1364,Undirected,artista,artista,1977,1,MLT_DB_07_2016
ex.216,p.110,Undirected,artista,artista,1977,1,MLT_DB_07_2016
ex.216,p.2006,Undirected,artista,artista,1977,1,MLT_DB_07_2016
ex.216,p.1032,Undirected,artista,artista,1977,1,MLT_DB_07_2016
ex.216,p.184,Undirected,artista,artista,1977,1,MLT_DB_07_2016
ex.216,p.2281,Undirected,artista,artista,1977,1,MLT_DB_07_2016
ex.216,p.164,Undirected,artista,artista,1977,1,MLT_DB_07_2016
ex.216,p.1401,Undirected,artista,artista,1977,1,MLT_DB_07_2016
ex.216,p.1402,Undirected,artista,artista,1977,1,MLT_DB_07_2016
ex.216,p.2382,Undirected,artista,artista,1977,1,MLT_DB_07_2016
ex.216,p.288,Undirected,artista,artista,1977,1,MLT_DB_07_2016
ex.216,p.2394,Undirected,artista,artista,1977,1,MLT_DB_07_2016
ex.216,p.298,Undirected,artista,artista,1977,1,MLT_DB_07_2016
ex.216,p.2410,Undirected,artista,artista,1977,1,MLT_DB_07_2016
ex.216,p.406,Undirected,artista,artista,1977,1,MLT_DB_07_2016
ex.216,p.2112,Undirected,artista,artista,1977,1,MLT_DB_07_2016
ex.216,p.667,Undirected,artista,artista,1977,1,MLT_DB_07_2016
ex.216,p.1594,Undirected,artista,artista,1977,1,MLT_DB_07_2016
ex.216,p.1830,Undirected,artista,artista,1977,1,MLT_DB_07_2016
ex.216,p.1409,Undirected,artista,artista,1977,1,MLT_DB_07_2016
ex.216,p.2322,Undirected,artista,artista,1977,1,MLT_DB_07_2016
ex.216,p.499,Undirected,artista,artista,1977,1,MLT_DB_07_2016
ex.216,p.894,Undirected,artista,artista,1977,1,MLT_DB_07_2016
ex.216,p.2180,Undirected,artista,artista,1977,1,MLT_DB_07_2016
ex.216,p.570,Undirected,artista,artista,1977,1,MLT_DB_07_2016
ex.216,p.2437,Undirected,artista,artista,1977,1,MLT_DB_07_2016
ex.216,p.2291,Undirected,artista,artista,1977,1,MLT_DB_07_2016
ex.216,p.449,Undirected,artista,artista,1977,1,MLT_DB_07_2016
ex.216,p.845,Undirected,artista,artista,1977,1,MLT_DB_07_2016
ex.216,p.2183,Undirected,artista,artista,1977,1,MLT_DB_07_2016
ex.216,p.1535,Undirected,artista,artista,1977,1,MLT_DB_07_2016
ex.216,p.2414,Undirected,artista,artista,1977,1,MLT_DB_07_2016
ex.216,p.2506,Undirected,artista,artista,1977,1,MLT_DB_07_2016
ex.216,p.79,Undirected,artista,artista,1977,1,MLT_DB_07_2016
ex.216,p.13,Undirected,artista,artista,1977,1,MLT_DB_07_2016
ex.216,p.70,Undirected,artista,artista,1977,1,MLT_DB_07_2016
ex.216,o.257,Undirected,apoyo,apoyo,1977,1,MLT_DB_07_2016
ex.217,p.519,Undirected,artista,artista,1977,1,MLT_DB_07_2016
ex.217,p.200,Undirected,artista,artista,1977,1,MLT_DB_07_2016
ex.217,p.16,Undirected,artista,artista,1977,1,MLT_DB_07_2016
ex.217,p.1336,Undirected,artista,artista,1977,1,MLT_DB_07_2016
ex.217,p.397,Undirected,artista,artista,1977,1,MLT_DB_07_2016
ex.217,p.116,Undirected,artista,artista,1977,1,MLT_DB_07_2016
ex.217,p.151,Undirected,artista,artista,1977,1,MLT_DB_07_2016
ex.217,p.626,Undirected,artista,artista,1977,1,MLT_DB_07_2016
ex.217,p.12,Undirected,artista,artista,1977,1,MLT_DB_07_2016
ex.217,p.2365,Undirected,artista,artista,1977,1,MLT_DB_07_2016
ex.217,p.2138,Undirected,artista,artista,1977,1,MLT_DB_07_2016
ex.217,p.1528,Undirected,artista,artista,1977,1,MLT_DB_07_2016
ex.217,p.2429,Undirected,artista,artista,1977,1,MLT_DB_07_2016
ex.217,p.24,Undirected,artista,artista,1977,1,MLT_DB_07_2016
ex.217,p.1000,Undirected,artista,artista,1977,1,MLT_DB_07_2016
ex.217,p.44,Undirected,artista,artista,1977,1,MLT_DB_07_2016
ex.217,p.41,Undirected,artista,artista,1977,1,MLT_DB_07_2016
ex.217,p.973,Undirected,artista,artista,1977,1,MLT_DB_07_2016
ex.217,p.1959,Undirected,artista,artista,1977,1,MLT_DB_07_2016
ex.217,p.39,Undirected,artista,artista,1977,1,MLT_DB_07_2016
ex.217,p.4,Undirected,artista,artista,1977,1,MLT_DB_07_2016
ex.217,p.218,Undirected,artista,artista,1977,1,MLT_DB_07_2016
ex.217,p.20,Undirected,artista,artista,1977,1,MLT_DB_07_2016
ex.217,p.17,Undirected,artista,artista,1977,1,MLT_DB_07_2016
ex.217,p.2344,Undirected,artista,artista,1977,1,MLT_DB_07_2016
ex.217,p.2303,Undirected,artista,artista,1977,1,MLT_DB_07_2016
ex.217,p.1961,Undirected,artista,artista,1977,1,MLT_DB_07_2016
ex.217,p.2080,Undirected,artista,artista,1977,1,MLT_DB_07_2016
ex.217,p.517,Undirected,artista,artista,1977,1,MLT_DB_07_2016
ex.217,o.63,Undirected,apoyo,apoyo,1977,1,MLT_DB_07_2016
ex.218,o.116,Undirected,apoyo,apoyo,1977,1,MLT_DB_07_2016
ex.218,o.175,Undirected,apoyo,apoyo,1977,1,MLT_DB_07_2016
ex.220,p.2,Undirected,artista,artista,1977,1,MLT_DB_07_2016
ex.220,p.39,Undirected,artista,artista,1977,1,MLT_DB_07_2016
ex.220,p.40,Undirected,artista,artista,1977,1,MLT_DB_07_2016
ex.220,p.23,Undirected,artista,artista,1977,1,MLT_DB_07_2016
ex.220,p.73,Undirected,artista,artista,1977,1,MLT_DB_07_2016
ex.220,p.127,Undirected,artista,artista,1977,1,MLT_DB_07_2016
ex.220,p.2309,Undirected,artista,artista,1977,1,MLT_DB_07_2016
ex.220,p.67,Undirected,artista,artista,1977,1,MLT_DB_07_2016
ex.219,p.53,Undirected,artista,artista,1977,1,MLT_DB_07_2016
ex.219,p.172,Undirected,artista,artista,1977,1,MLT_DB_07_2016
ex.219,p.38,Undirected,artista,artista,1977,1,MLT_DB_07_2016
ex.219,p.1302,Undirected,artista,artista,1977,1,MLT_DB_07_2016
ex.219,p.199,Undirected,artista,artista,1977,1,MLT_DB_07_2016
ex.219,p.28,Undirected,artista,artista,1977,1,MLT_DB_07_2016
ex.219,p.72,Undirected,artista,artista,1977,1,MLT_DB_07_2016
ex.219,p.74,Undirected,artista,artista,1977,1,MLT_DB_07_2016
ex.221,p.45,Undirected,artista,artista,1978,1,MLT_DB_07_2016
ex.221,p.29,Undirected,artista,artista,1978,1,MLT_DB_07_2016
ex.222,p.199,Undirected,artista,artista,1978,1,MLT_DB_07_2016
ex.223,p.296,Undirected,artista,artista,1978,1,MLT_DB_07_2016
ex.223,p.2357,Undirected,artista,artista,1978,1,MLT_DB_07_2016
ex.223,p.278,Undirected,artista,artista,1978,1,MLT_DB_07_2016
ex.223,p.2402,Undirected,artista,artista,1978,1,MLT_DB_07_2016
ex.223,p.116,Undirected,artista,artista,1978,1,MLT_DB_07_2016
ex.223,p.2524,Undirected,artista,artista,1978,1,MLT_DB_07_2016
ex.223,p.621,Undirected,artista,artista,1978,1,MLT_DB_07_2016
ex.223,p.519,Undirected,artista,artista,1978,1,MLT_DB_07_2016
ex.223,p.2138,Undirected,artista,artista,1978,1,MLT_DB_07_2016
ex.223,p.958,Undirected,artista,artista,1978,1,MLT_DB_07_2016
ex.223,p.2512,Undirected,artista,artista,1978,1,MLT_DB_07_2016
ex.223,p.151,Undirected,artista,artista,1978,1,MLT_DB_07_2016
ex.223,p.3187,Undirected,curador,curador,1978,1,MLT_DB_07_2016
ex.223,o.89,Undirected,apoyo,apoyo,1978,1,MLT_DB_07_2016
ex.223,p.3248,Undirected,apoyo,apoyo,1978,1,MLT_DB_07_2016
ex.224,p.91,Undirected,artista,artista,1978,1,MLT_DB_07_2016
ex.224,p.83,Undirected,artista,artista,1978,1,MLT_DB_07_2016
ex.224,p.240,Undirected,artista,artista,1978,1,MLT_DB_07_2016
ex.224,p.1321,Undirected,artista,artista,1978,1,MLT_DB_07_2016
ex.224,p.3234,Undirected,curador,curador,1978,1,MLT_DB_07_2016
ex.225,o.167,Undirected,apoyo,apoyo,1978,1,MLT_DB_07_2016
ex.227,p.30,Undirected,artista,artista,1978,1,MLT_DB_07_2016
ex.227,p.77,Undirected,artista,artista,1978,1,MLT_DB_07_2016
ex.226,p.426,Undirected,artista,artista,1978,1,MLT_DB_07_2016
ex.226,p.501,Undirected,artista,artista,1978,1,MLT_DB_07_2016
ex.226,p.594,Undirected,artista,artista,1978,1,MLT_DB_07_2016
ex.226,p.684,Undirected,artista,artista,1978,1,MLT_DB_07_2016
ex.226,p.240,Undirected,artista,artista,1978,1,MLT_DB_07_2016
ex.226,p.225,Undirected,artista,artista,1978,1,MLT_DB_07_2016
ex.226,p.3124,Undirected,artista,artista,1978,1,MLT_DB_07_2016
ex.226,p.473,Undirected,artista,artista,1978,1,MLT_DB_07_2016
ex.226,p.273,Undirected,artista,artista,1978,1,MLT_DB_07_2016
ex.226,p.185,Undirected,artista,artista,1978,1,MLT_DB_07_2016
ex.226,p.575,Undirected,artista,artista,1978,1,MLT_DB_07_2016
ex.226,p.91,Undirected,artista,artista,1978,1,MLT_DB_07_2016
ex.226,p.275,Undirected,artista,artista,1978,1,MLT_DB_07_2016
ex.226,p.3057,Undirected,artista,artista,1978,1,MLT_DB_07_2016
ex.226,p.469,Undirected,artista,artista,1978,1,MLT_DB_07_2016
ex.226,p.42,Undirected,artista,artista,1978,1,MLT_DB_07_2016
ex.226,p.290,Undirected,artista,artista,1978,1,MLT_DB_07_2016
ex.226,p.428,Undirected,artista,artista,1978,1,MLT_DB_07_2016
ex.226,p.57,Undirected,artista,artista,1978,1,MLT_DB_07_2016
ex.226,p.109,Undirected,artista,artista,1978,1,MLT_DB_07_2016
ex.226,p.252,Undirected,artista,artista,1978,1,MLT_DB_07_2016
ex.226,p.502,Undirected,artista,artista,1978,1,MLT_DB_07_2016
ex.226,p.291,Undirected,artista,artista,1978,1,MLT_DB_07_2016
ex.226,p.267,Undirected,artista,artista,1978,1,MLT_DB_07_2016
ex.226,p.567,Undirected,artista,artista,1978,1,MLT_DB_07_2016
ex.226,p.669,Undirected,artista,artista,1978,1,MLT_DB_07_2016
ex.226,p.238,Undirected,artista,artista,1978,1,MLT_DB_07_2016
ex.226,o.106,Undirected,apoyo,apoyo,1978,1,MLT_DB_07_2016
ex.228,p.31,Undirected,artista,artista,1978,1,MLT_DB_07_2016
ex.228,p.1637,Undirected,artista,artista,1978,1,MLT_DB_07_2016
ex.228,p.10,Undirected,artista,artista,1978,1,MLT_DB_07_2016
ex.228,p.27,Undirected,artista,artista,1978,1,MLT_DB_07_2016
ex.228,p.2208,Undirected,artista,artista,1978,1,MLT_DB_07_2016
ex.228,p.2522,Undirected,artista,artista,1978,1,MLT_DB_07_2016
ex.228,p.2006,Undirected,artista,artista,1978,1,MLT_DB_07_2016
ex.228,p.1479,Undirected,artista,artista,1978,1,MLT_DB_07_2016
ex.228,p.1979,Undirected,artista,artista,1978,1,MLT_DB_07_2016
ex.228,p.1064,Undirected,artista,artista,1978,1,MLT_DB_07_2016
ex.228,p.1801,Undirected,artista,artista,1978,1,MLT_DB_07_2016
ex.228,p.563,Undirected,artista,artista,1978,1,MLT_DB_07_2016
ex.228,p.959,Undirected,artista,artista,1978,1,MLT_DB_07_2016
ex.228,p.2348,Undirected,artista,artista,1978,1,MLT_DB_07_2016
ex.228,p.116,Undirected,artista,artista,1978,1,MLT_DB_07_2016
ex.228,p.2414,Undirected,artista,artista,1978,1,MLT_DB_07_2016
ex.228,p.2523,Undirected,artista,artista,1978,1,MLT_DB_07_2016
ex.228,p.1800,Undirected,artista,artista,1978,1,MLT_DB_07_2016
ex.228,p.37,Undirected,artista,artista,1978,1,MLT_DB_07_2016
ex.228,p.1630,Undirected,artista,artista,1978,1,MLT_DB_07_2016
ex.228,p.1014,Undirected,artista,artista,1978,1,MLT_DB_07_2016
ex.228,o.257,Undirected,apoyo,apoyo,1978,1,MLT_DB_07_2016
ex.229,p.924,Undirected,artista,artista,1979,1,MLT_DB_07_2016
ex.230,p.41,Undirected,artista,artista,1979,1,MLT_DB_07_2016
ex.230,p.3245,Undirected,apoyo,apoyo,1979,1,MLT_DB_07_2016
ex.232,p.1550,Undirected,artista,artista,1979,1,MLT_DB_07_2016
ex.232,o.101,Undirected,apoyo,apoyo,1979,1,MLT_DB_07_2016
ex.232,o.36,Undirected,apoyo,apoyo,1979,1,MLT_DB_07_2016
ex.233,p.48,Undirected,artista,artista,1979,1,MLT_DB_07_2016
ex.233,p.31,Undirected,artista,artista,1979,1,MLT_DB_07_2016
ex.233,p.14,Undirected,artista,artista,1979,1,MLT_DB_07_2016
ex.233,o.266,Undirected,apoyo,apoyo,1979,1,MLT_DB_07_2016
ex.234,p.73,Undirected,artista,artista,1979,1,MLT_DB_07_2016
ex.234,o.197,Undirected,apoyo,apoyo,1979,1,MLT_DB_07_2016
ex.235,p.91,Undirected,artista,artista,1980,1,MLT_DB_07_2016
ex.236,p.155,Undirected,artista,artista,1980,1,MLT_DB_07_2016
ex.236,p.350,Undirected,artista,artista,1980,1,MLT_DB_07_2016
ex.236,p.598,Undirected,artista,artista,1980,1,MLT_DB_07_2016
ex.236,p.381,Undirected,artista,artista,1980,1,MLT_DB_07_2016
ex.236,p.196,Undirected,artista,artista,1980,1,MLT_DB_07_2016
ex.236,p.585,Undirected,artista,artista,1980,1,MLT_DB_07_2016
ex.236,p.138,Undirected,artista,artista,1980,1,MLT_DB_07_2016
ex.236,p.55,Undirected,artista,artista,1980,1,MLT_DB_07_2016
ex.236,p.73,Undirected,artista,artista,1980,1,MLT_DB_07_2016
ex.236,p.21,Undirected,artista,artista,1980,1,MLT_DB_07_2016
ex.236,p.122,Undirected,artista,artista,1980,1,MLT_DB_07_2016
ex.236,p.217,Undirected,artista,artista,1980,1,MLT_DB_07_2016
ex.236,p.535,Undirected,artista,artista,1980,1,MLT_DB_07_2016
ex.236,p.505,Undirected,artista,artista,1980,1,MLT_DB_07_2016
ex.236,p.303,Undirected,artista,artista,1980,1,MLT_DB_07_2016
ex.236,p.133,Undirected,artista,artista,1980,1,MLT_DB_07_2016
ex.236,p.531,Undirected,artista,artista,1980,1,MLT_DB_07_2016
ex.236,p.665,Undirected,artista,artista,1980,1,MLT_DB_07_2016
ex.236,p.9,Undirected,artista,artista,1980,1,MLT_DB_07_2016
ex.236,p.175,Undirected,artista,artista,1980,1,MLT_DB_07_2016
ex.236,p.258,Undirected,artista,artista,1980,1,MLT_DB_07_2016
ex.236,p.53,Undirected,artista,artista,1980,1,MLT_DB_07_2016
ex.236,p.5,Undirected,artista,artista,1980,1,MLT_DB_07_2016
ex.236,p.671,Undirected,artista,artista,1980,1,MLT_DB_07_2016
ex.236,p.523,Undirected,artista,artista,1980,1,MLT_DB_07_2016
ex.236,p.221,Undirected,artista,artista,1980,1,MLT_DB_07_2016
ex.236,p.164,Undirected,artista,artista,1980,1,MLT_DB_07_2016
ex.236,p.44,Undirected,artista,artista,1980,1,MLT_DB_07_2016
ex.236,p.1256,Undirected,artista,artista,1980,1,MLT_DB_07_2016
ex.236,p.167,Undirected,artista,artista,1980,1,MLT_DB_07_2016
ex.236,p.527,Undirected,artista,artista,1980,1,MLT_DB_07_2016
ex.236,p.29,Undirected,artista,artista,1980,1,MLT_DB_07_2016
ex.236,p.664,Undirected,artista,artista,1980,1,MLT_DB_07_2016
ex.236,p.418,Undirected,artista,artista,1980,1,MLT_DB_07_2016
ex.236,p.1,Undirected,artista,artista,1980,1,MLT_DB_07_2016
ex.236,p.390,Undirected,artista,artista,1980,1,MLT_DB_07_2016
ex.236,p.18,Undirected,artista,artista,1980,1,MLT_DB_07_2016
ex.236,p.17,Undirected,artista,artista,1980,1,MLT_DB_07_2016
ex.236,p.382,Undirected,artista,artista,1980,1,MLT_DB_07_2016
ex.237,p.233,Undirected,artista,artista,1980,1,MLT_DB_07_2016
ex.237,p.1449,Undirected,artista,artista,1980,1,MLT_DB_07_2016
ex.237,p.677,Undirected,artista,artista,1980,1,MLT_DB_07_2016
ex.237,p.11,Undirected,artista,artista,1980,1,MLT_DB_07_2016
ex.237,p.889,Undirected,artista,artista,1980,1,MLT_DB_07_2016
ex.237,p.550,Undirected,artista,artista,1980,1,MLT_DB_07_2016
ex.237,p.962,Undirected,artista,artista,1980,1,MLT_DB_07_2016
ex.237,p.2408,Undirected,artista,artista,1980,1,MLT_DB_07_2016
ex.237,p.2121,Undirected,artista,artista,1980,1,MLT_DB_07_2016
ex.237,p.1813,Undirected,artista,artista,1980,1,MLT_DB_07_2016
ex.237,p.953,Undirected,artista,artista,1980,1,MLT_DB_07_2016
ex.237,p.849,Undirected,artista,artista,1980,1,MLT_DB_07_2016
ex.237,p.71,Undirected,artista,artista,1980,1,MLT_DB_07_2016
ex.237,p.1189,Undirected,artista,artista,1980,1,MLT_DB_07_2016
ex.237,p.1403,Undirected,artista,artista,1980,1,MLT_DB_07_2016
ex.237,p.753,Undirected,artista,artista,1980,1,MLT_DB_07_2016
ex.237,p.2084,Undirected,artista,artista,1980,1,MLT_DB_07_2016
ex.237,p.2347,Undirected,artista,artista,1980,1,MLT_DB_07_2016
ex.237,p.1012,Undirected,artista,artista,1980,1,MLT_DB_07_2016
ex.237,p.2280,Undirected,artista,artista,1980,1,MLT_DB_07_2016
ex.237,p.8,Undirected,curador,curador,1980,1,MLT_DB_07_2016
ex.237,o.374,Undirected,apoyo,apoyo,1980,1,MLT_DB_07_2016
ex.238,p.37,Undirected,artista,artista,1980,1,MLT_DB_07_2016
ex.239,p.62,Undirected,artista,artista,1980,1,MLT_DB_07_2016
ex.239,p.8,Undirected,artista,artista,1980,1,MLT_DB_07_2016
ex.239,o.373,Undirected,apoyo,apoyo,1980,1,MLT_DB_07_2016
ex.240,p.7,Undirected,artista,artista,1980,1,MLT_DB_07_2016
ex.240,p.3219,Undirected,curador,curador,1980,1,MLT_DB_07_2016
ex.241,p.44,Undirected,artista,artista,1980,1,MLT_DB_07_2016
ex.242,p.5,Undirected,artista,artista,1980,1,MLT_DB_07_2016
ex.242,p.95,Undirected,artista,artista,1980,1,MLT_DB_07_2016
ex.242,o.257,Undirected,apoyo,apoyo,1980,1,MLT_DB_07_2016
ex.243,p.1396,Undirected,artista,artista,1981,1,MLT_DB_07_2016
ex.243,p.2190,Undirected,artista,artista,1981,1,MLT_DB_07_2016
ex.243,p.2113,Undirected,artista,artista,1981,1,MLT_DB_07_2016
ex.243,p.2320,Undirected,artista,artista,1981,1,MLT_DB_07_2016
ex.243,p.733,Undirected,artista,artista,1981,1,MLT_DB_07_2016
ex.243,p.29,Undirected,artista,artista,1981,1,MLT_DB_07_2016
ex.243,p.2420,Undirected,artista,artista,1981,1,MLT_DB_07_2016
ex.243,p.56,Undirected,artista,artista,1981,1,MLT_DB_07_2016
ex.243,p.1090,Undirected,artista,artista,1981,1,MLT_DB_07_2016
ex.243,p.106,Undirected,artista,artista,1981,1,MLT_DB_07_2016
ex.243,p.615,Undirected,artista,artista,1981,1,MLT_DB_07_2016
ex.243,p.378,Undirected,artista,artista,1981,1,MLT_DB_07_2016
ex.243,p.1976,Undirected,artista,artista,1981,1,MLT_DB_07_2016
ex.243,p.1865,Undirected,artista,artista,1981,1,MLT_DB_07_2016
ex.243,p.181,Undirected,artista,artista,1981,1,MLT_DB_07_2016
ex.243,p.196,Undirected,artista,artista,1981,1,MLT_DB_07_2016
ex.243,p.55,Undirected,artista,artista,1981,1,MLT_DB_07_2016
ex.243,p.49,Undirected,artista,artista,1981,1,MLT_DB_07_2016
ex.243,p.1760,Undirected,artista,artista,1981,1,MLT_DB_07_2016
ex.243,p.1987,Undirected,artista,artista,1981,1,MLT_DB_07_2016
ex.243,p.1722,Undirected,artista,artista,1981,1,MLT_DB_07_2016
ex.243,p.1991,Undirected,artista,artista,1981,1,MLT_DB_07_2016
ex.243,p.2498,Undirected,artista,artista,1981,1,MLT_DB_07_2016
ex.243,p.186,Undirected,artista,artista,1981,1,MLT_DB_07_2016
ex.243,p.594,Undirected,artista,artista,1981,1,MLT_DB_07_2016
ex.243,p.1498,Undirected,artista,artista,1981,1,MLT_DB_07_2016
ex.243,p.240,Undirected,artista,artista,1981,1,MLT_DB_07_2016
ex.243,p.812,Undirected,artista,artista,1981,1,MLT_DB_07_2016
ex.243,p.2526,Undirected,artista,artista,1981,1,MLT_DB_07_2016
ex.243,p.355,Undirected,artista,artista,1981,1,MLT_DB_07_2016
ex.243,p.2383,Undirected,artista,artista,1981,1,MLT_DB_07_2016
ex.243,p.466,Undirected,artista,artista,1981,1,MLT_DB_07_2016
ex.243,p.1110,Undirected,artista,artista,1981,1,MLT_DB_07_2016
ex.243,p.91,Undirected,artista,artista,1981,1,MLT_DB_07_2016
ex.243,p.110,Undirected,artista,artista,1981,1,MLT_DB_07_2016
ex.243,p.366,Undirected,artista,artista,1981,1,MLT_DB_07_2016
ex.243,p.778,Undirected,artista,artista,1981,1,MLT_DB_07_2016
ex.243,p.1290,Undirected,artista,artista,1981,1,MLT_DB_07_2016
ex.243,p.2515,Undirected,artista,artista,1981,1,MLT_DB_07_2016
ex.243,p.1147,Undirected,artista,artista,1981,1,MLT_DB_07_2016
ex.243,p.2014,Undirected,artista,artista,1981,1,MLT_DB_07_2016
ex.243,p.42,Undirected,artista,artista,1981,1,MLT_DB_07_2016
ex.243,p.1647,Undirected,artista,artista,1981,1,MLT_DB_07_2016
ex.243,p.1698,Undirected,artista,artista,1981,1,MLT_DB_07_2016
ex.243,p.1434,Undirected,artista,artista,1981,1,MLT_DB_07_2016
ex.243,p.537,Undirected,artista,artista,1981,1,MLT_DB_07_2016
ex.243,p.862,Undirected,artista,artista,1981,1,MLT_DB_07_2016
ex.243,p.607,Undirected,artista,artista,1981,1,MLT_DB_07_2016
ex.243,p.579,Undirected,artista,artista,1981,1,MLT_DB_07_2016
ex.243,p.371,Undirected,artista,artista,1981,1,MLT_DB_07_2016
ex.243,p.813,Undirected,artista,artista,1981,1,MLT_DB_07_2016
ex.243,p.853,Undirected,artista,artista,1981,1,MLT_DB_07_2016
ex.243,p.1307,Undirected,artista,artista,1981,1,MLT_DB_07_2016
ex.243,p.195,Undirected,artista,artista,1981,1,MLT_DB_07_2016
ex.243,p.651,Undirected,artista,artista,1981,1,MLT_DB_07_2016
ex.243,p.2502,Undirected,artista,artista,1981,1,MLT_DB_07_2016
ex.243,p.429,Undirected,artista,artista,1981,1,MLT_DB_07_2016
ex.243,p.7,Undirected,artista,artista,1981,1,MLT_DB_07_2016
ex.243,p.1922,Undirected,artista,artista,1981,1,MLT_DB_07_2016
ex.243,p.48,Undirected,artista,artista,1981,1,MLT_DB_07_2016
ex.243,p.30,Undirected,artista,artista,1981,1,MLT_DB_07_2016
ex.243,p.8,Undirected,artista,artista,1981,1,MLT_DB_07_2016
ex.243,p.2329,Undirected,artista,artista,1981,1,MLT_DB_07_2016
ex.243,p.2442,Undirected,artista,artista,1981,1,MLT_DB_07_2016
ex.243,p.16,Undirected,artista,artista,1981,1,MLT_DB_07_2016
ex.243,p.2239,Undirected,artista,artista,1981,1,MLT_DB_07_2016
ex.243,p.394,Undirected,artista,artista,1981,1,MLT_DB_07_2016
ex.243,p.179,Undirected,artista,artista,1981,1,MLT_DB_07_2016
ex.243,p.22,Undirected,artista,artista,1981,1,MLT_DB_07_2016
ex.243,p.1384,Undirected,artista,artista,1981,1,MLT_DB_07_2016
ex.243,p.117,Undirected,artista,artista,1981,1,MLT_DB_07_2016
ex.243,p.1874,Undirected,artista,artista,1981,1,MLT_DB_07_2016
ex.243,p.1726,Undirected,artista,artista,1981,1,MLT_DB_07_2016
ex.243,p.210,Undirected,artista,artista,1981,1,MLT_DB_07_2016
ex.243,p.60,Undirected,artista,artista,1981,1,MLT_DB_07_2016
ex.243,p.562,Undirected,artista,artista,1981,1,MLT_DB_07_2016
ex.243,p.1984,Undirected,artista,artista,1981,1,MLT_DB_07_2016
ex.243,p.497,Undirected,artista,artista,1981,1,MLT_DB_07_2016
ex.243,p.1848,Undirected,artista,artista,1981,1,MLT_DB_07_2016
ex.243,p.1046,Undirected,artista,artista,1981,1,MLT_DB_07_2016
ex.243,p.1985,Undirected,artista,artista,1981,1,MLT_DB_07_2016
ex.243,p.2444,Undirected,artista,artista,1981,1,MLT_DB_07_2016
ex.243,p.2213,Undirected,artista,artista,1981,1,MLT_DB_07_2016
ex.243,p.2457,Undirected,artista,artista,1981,1,MLT_DB_07_2016
ex.243,p.1986,Undirected,artista,artista,1981,1,MLT_DB_07_2016
ex.243,p.2026,Undirected,artista,artista,1981,1,MLT_DB_07_2016
ex.243,p.2470,Undirected,artista,artista,1981,1,MLT_DB_07_2016
ex.243,p.890,Undirected,artista,artista,1981,1,MLT_DB_07_2016
ex.243,p.26,Undirected,artista,artista,1981,1,MLT_DB_07_2016
ex.243,p.666,Undirected,artista,artista,1981,1,MLT_DB_07_2016
ex.243,p.1012,Undirected,artista,artista,1981,1,MLT_DB_07_2016
ex.243,p.46,Undirected,artista,artista,1981,1,MLT_DB_07_2016
ex.243,p.9,Undirected,artista,artista,1981,1,MLT_DB_07_2016
ex.243,p.160,Undirected,artista,artista,1981,1,MLT_DB_07_2016
ex.243,p.654,Undirected,artista,artista,1981,1,MLT_DB_07_2016
ex.243,p.2121,Undirected,artista,artista,1981,1,MLT_DB_07_2016
ex.243,p.1772,Undirected,artista,artista,1981,1,MLT_DB_07_2016
ex.243,p.2055,Undirected,artista,artista,1981,1,MLT_DB_07_2016
ex.243,p.174,Undirected,artista,artista,1981,1,MLT_DB_07_2016
ex.243,p.108,Undirected,artista,artista,1981,1,MLT_DB_07_2016
ex.243,p.5,Undirected,artista,artista,1981,1,MLT_DB_07_2016
ex.243,p.213,Undirected,artista,artista,1981,1,MLT_DB_07_2016
ex.243,p.668,Undirected,artista,artista,1981,1,MLT_DB_07_2016
ex.243,p.1688,Undirected,artista,artista,1981,1,MLT_DB_07_2016
ex.243,p.1532,Undirected,artista,artista,1981,1,MLT_DB_07_2016
ex.243,p.178,Undirected,artista,artista,1981,1,MLT_DB_07_2016
ex.243,p.2345,Undirected,artista,artista,1981,1,MLT_DB_07_2016
ex.243,p.184,Undirected,artista,artista,1981,1,MLT_DB_07_2016
ex.243,p.78,Undirected,artista,artista,1981,1,MLT_DB_07_2016
ex.243,p.683,Undirected,artista,artista,1981,1,MLT_DB_07_2016
ex.243,p.1481,Undirected,artista,artista,1981,1,MLT_DB_07_2016
ex.243,p.770,Undirected,artista,artista,1981,1,MLT_DB_07_2016
ex.243,p.999,Undirected,artista,artista,1981,1,MLT_DB_07_2016
ex.243,p.1796,Undirected,artista,artista,1981,1,MLT_DB_07_2016
ex.243,p.14,Undirected,artista,artista,1981,1,MLT_DB_07_2016
ex.243,p.414,Undirected,artista,artista,1981,1,MLT_DB_07_2016
ex.243,p.104,Undirected,artista,artista,1981,1,MLT_DB_07_2016
ex.243,p.288,Undirected,artista,artista,1981,1,MLT_DB_07_2016
ex.243,p.2511,Undirected,artista,artista,1981,1,MLT_DB_07_2016
ex.243,p.2134,Undirected,artista,artista,1981,1,MLT_DB_07_2016
ex.243,p.1691,Undirected,artista,artista,1981,1,MLT_DB_07_2016
ex.243,p.406,Undirected,artista,artista,1981,1,MLT_DB_07_2016
ex.243,p.137,Undirected,artista,artista,1981,1,MLT_DB_07_2016
ex.243,p.1001,Undirected,artista,artista,1981,1,MLT_DB_07_2016
ex.243,p.4,Undirected,artista,artista,1981,1,MLT_DB_07_2016
ex.243,p.128,Undirected,artista,artista,1981,1,MLT_DB_07_2016
ex.243,p.1,Undirected,artista,artista,1981,1,MLT_DB_07_2016
ex.243,p.689,Undirected,artista,artista,1981,1,MLT_DB_07_2016
ex.243,p.1076,Undirected,artista,artista,1981,1,MLT_DB_07_2016
ex.243,p.352,Undirected,artista,artista,1981,1,MLT_DB_07_2016
ex.243,p.118,Undirected,artista,artista,1981,1,MLT_DB_07_2016
ex.243,p.336,Undirected,artista,artista,1981,1,MLT_DB_07_2016
ex.243,p.499,Undirected,artista,artista,1981,1,MLT_DB_07_2016
ex.243,p.223,Undirected,artista,artista,1981,1,MLT_DB_07_2016
ex.243,p.127,Undirected,artista,artista,1981,1,MLT_DB_07_2016
ex.243,p.503,Undirected,artista,artista,1981,1,MLT_DB_07_2016
ex.243,p.834,Undirected,artista,artista,1981,1,MLT_DB_07_2016
ex.243,p.1241,Undirected,artista,artista,1981,1,MLT_DB_07_2016
ex.243,p.2534,Undirected,artista,artista,1981,1,MLT_DB_07_2016
ex.243,p.2181,Undirected,artista,artista,1981,1,MLT_DB_07_2016
ex.243,p.1831,Undirected,artista,artista,1981,1,MLT_DB_07_2016
ex.243,p.1196,Undirected,artista,artista,1981,1,MLT_DB_07_2016
ex.243,p.23,Undirected,artista,artista,1981,1,MLT_DB_07_2016
ex.243,p.17,Undirected,artista,artista,1981,1,MLT_DB_07_2016
ex.243,p.457,Undirected,artista,artista,1981,1,MLT_DB_07_2016
ex.243,p.522,Undirected,artista,artista,1981,1,MLT_DB_07_2016
ex.243,p.2414,Undirected,artista,artista,1981,1,MLT_DB_07_2016
ex.243,p.306,Undirected,artista,artista,1981,1,MLT_DB_07_2016
ex.243,p.2468,Undirected,artista,artista,1981,1,MLT_DB_07_2016
ex.243,p.79,Undirected,artista,artista,1981,1,MLT_DB_07_2016
ex.243,p.13,Undirected,artista,artista,1981,1,MLT_DB_07_2016
ex.243,p.574,Undirected,artista,artista,1981,1,MLT_DB_07_2016
ex.243,p.70,Undirected,artista,artista,1981,1,MLT_DB_07_2016
ex.243,p.157,Undirected,artista,artista,1981,1,MLT_DB_07_2016
ex.243,p.1513,Undirected,artista,artista,1981,1,MLT_DB_07_2016
ex.243,p.1638,Undirected,artista,artista,1981,1,MLT_DB_07_2016
ex.243,p.663,Undirected,artista,artista,1981,1,MLT_DB_07_2016
ex.243,p.2472,Undirected,artista,artista,1981,1,MLT_DB_07_2016
ex.243,p.2240,Undirected,artista,artista,1981,1,MLT_DB_07_2016
ex.243,p.1534,Undirected,artista,artista,1981,1,MLT_DB_07_2016
ex.243,p.1392,Undirected,artista,artista,1981,1,MLT_DB_07_2016
ex.243,p.1752,Undirected,artista,artista,1981,1,MLT_DB_07_2016
ex.243,p.530,Undirected,artista,artista,1981,1,MLT_DB_07_2016
ex.243,p.2461,Undirected,artista,artista,1981,1,MLT_DB_07_2016
ex.243,p.2330,Undirected,artista,artista,1981,1,MLT_DB_07_2016
ex.243,p.655,Undirected,artista,artista,1981,1,MLT_DB_07_2016
ex.243,p.1010,Undirected,artista,artista,1981,1,MLT_DB_07_2016
ex.243,p.1128,Undirected,artista,artista,1981,1,MLT_DB_07_2016
ex.243,p.1518,Undirected,artista,artista,1981,1,MLT_DB_07_2016
ex.243,p.314,Undirected,artista,artista,1981,1,MLT_DB_07_2016
ex.243,p.1318,Undirected,artista,artista,1981,1,MLT_DB_07_2016
ex.243,p.98,Undirected,artista,artista,1981,1,MLT_DB_07_2016
ex.243,p.1113,Undirected,artista,artista,1981,1,MLT_DB_07_2016
ex.243,p.2540,Undirected,artista,artista,1981,1,MLT_DB_07_2016
ex.243,p.534,Undirected,artista,artista,1981,1,MLT_DB_07_2016
ex.243,p.846,Undirected,artista,artista,1981,1,MLT_DB_07_2016
ex.243,p.350,Undirected,artista,artista,1981,1,MLT_DB_07_2016
ex.243,p.3,Undirected,artista,artista,1981,1,MLT_DB_07_2016
ex.243,p.656,Undirected,artista,artista,1981,1,MLT_DB_07_2016
ex.243,p.556,Undirected,artista,artista,1981,1,MLT_DB_07_2016
ex.243,p.782,Undirected,artista,artista,1981,1,MLT_DB_07_2016
ex.243,p.471,Undirected,artista,artista,1981,1,MLT_DB_07_2016
ex.243,p.548,Undirected,artista,artista,1981,1,MLT_DB_07_2016
ex.243,p.954,Undirected,artista,artista,1981,1,MLT_DB_07_2016
ex.243,p.33,Undirected,artista,artista,1981,1,MLT_DB_07_2016
ex.243,p.58,Undirected,artista,artista,1981,1,MLT_DB_07_2016
ex.243,p.100,Undirected,artista,artista,1981,1,MLT_DB_07_2016
ex.243,p.1077,Undirected,artista,artista,1981,1,MLT_DB_07_2016
ex.243,p.256,Undirected,artista,artista,1981,1,MLT_DB_07_2016
ex.243,p.228,Undirected,artista,artista,1981,1,MLT_DB_07_2016
ex.243,p.266,Undirected,artista,artista,1981,1,MLT_DB_07_2016
ex.243,p.53,Undirected,artista,artista,1981,1,MLT_DB_07_2016
ex.243,p.523,Undirected,artista,artista,1981,1,MLT_DB_07_2016
ex.243,p.407,Undirected,artista,artista,1981,1,MLT_DB_07_2016
ex.243,p.2087,Undirected,artista,artista,1981,1,MLT_DB_07_2016
ex.243,p.2234,Undirected,artista,artista,1981,1,MLT_DB_07_2016
ex.243,p.1690,Undirected,artista,artista,1981,1,MLT_DB_07_2016
ex.243,p.587,Undirected,artista,artista,1981,1,MLT_DB_07_2016
ex.243,p.45,Undirected,artista,artista,1981,1,MLT_DB_07_2016
ex.243,p.302,Undirected,artista,artista,1981,1,MLT_DB_07_2016
ex.243,p.1506,Undirected,artista,artista,1981,1,MLT_DB_07_2016
ex.243,p.1073,Undirected,artista,artista,1981,1,MLT_DB_07_2016
ex.243,p.1180,Undirected,artista,artista,1981,1,MLT_DB_07_2016
ex.243,p.169,Undirected,artista,artista,1981,1,MLT_DB_07_2016
ex.243,p.1271,Undirected,artista,artista,1981,1,MLT_DB_07_2016
ex.243,p.130,Undirected,artista,artista,1981,1,MLT_DB_07_2016
ex.243,p.1808,Undirected,artista,artista,1981,1,MLT_DB_07_2016
ex.243,p.742,Undirected,artista,artista,1981,1,MLT_DB_07_2016
ex.243,p.624,Undirected,artista,artista,1981,1,MLT_DB_07_2016
ex.243,p.1213,Undirected,artista,artista,1981,1,MLT_DB_07_2016
ex.243,p.489,Undirected,artista,artista,1981,1,MLT_DB_07_2016
ex.243,p.2083,Undirected,artista,artista,1981,1,MLT_DB_07_2016
ex.243,p.1635,Undirected,artista,artista,1981,1,MLT_DB_07_2016
ex.243,p.2363,Undirected,artista,artista,1981,1,MLT_DB_07_2016
ex.243,p.1190,Undirected,artista,artista,1981,1,MLT_DB_07_2016
ex.243,p.18,Undirected,artista,artista,1981,1,MLT_DB_07_2016
ex.243,p.1495,Undirected,artista,artista,1981,1,MLT_DB_07_2016
ex.243,p.2232,Undirected,artista,artista,1981,1,MLT_DB_07_2016
ex.243,p.1273,Undirected,artista,artista,1981,1,MLT_DB_07_2016
ex.243,p.2490,Undirected,artista,artista,1981,1,MLT_DB_07_2016
ex.243,p.19,Undirected,artista,artista,1981,1,MLT_DB_07_2016
ex.243,p.1477,Undirected,artista,artista,1981,1,MLT_DB_07_2016
ex.243,p.1974,Undirected,artista,artista,1981,1,MLT_DB_07_2016
ex.243,p.337,Undirected,artista,artista,1981,1,MLT_DB_07_2016
ex.243,p.1167,Undirected,artista,artista,1981,1,MLT_DB_07_2016
ex.243,p.2246,Undirected,artista,artista,1981,1,MLT_DB_07_2016
ex.243,p.236,Undirected,artista,artista,1981,1,MLT_DB_07_2016
ex.243,p.1140,Undirected,artista,artista,1981,1,MLT_DB_07_2016
ex.243,p.930,Undirected,artista,artista,1981,1,MLT_DB_07_2016
ex.243,p.1627,Undirected,artista,artista,1981,1,MLT_DB_07_2016
ex.243,p.1095,Undirected,artista,artista,1981,1,MLT_DB_07_2016
ex.243,p.944,Undirected,artista,artista,1981,1,MLT_DB_07_2016
ex.243,p.1381,Undirected,artista,artista,1981,1,MLT_DB_07_2016
ex.243,p.2535,Undirected,artista,artista,1981,1,MLT_DB_07_2016
ex.243,p.2539,Undirected,artista,artista,1981,1,MLT_DB_07_2016
ex.243,p.963,Undirected,artista,artista,1981,1,MLT_DB_07_2016
ex.243,p.1067,Undirected,artista,artista,1981,1,MLT_DB_07_2016
ex.243,p.1057,Undirected,artista,artista,1981,1,MLT_DB_07_2016
ex.243,p.2035,Undirected,artista,artista,1981,1,MLT_DB_07_2016
ex.243,p.2471,Undirected,artista,artista,1981,1,MLT_DB_07_2016
ex.244,p.66,Undirected,artista,artista,1981,1,MLT_DB_07_2016
ex.246,p.9,Undirected,artista,artista,1981,1,MLT_DB_07_2016
ex.247,p.35,Undirected,artista,artista,1981,1,MLT_DB_07_2016
ex.247,o.257,Undirected,apoyo,apoyo,1981,1,MLT_DB_07_2016
ex.248,p.1747,Undirected,artista,artista,1982,1,MLT_DB_07_2016
ex.248,p.2301,Undirected,artista,artista,1982,1,MLT_DB_07_2016
ex.248,p.1748,Undirected,artista,artista,1982,1,MLT_DB_07_2016
ex.248,p.2337,Undirected,artista,artista,1982,1,MLT_DB_07_2016
ex.248,p.1027,Undirected,artista,artista,1982,1,MLT_DB_07_2016
ex.248,p.2161,Undirected,artista,artista,1982,1,MLT_DB_07_2016
ex.248,p.590,Undirected,artista,artista,1982,1,MLT_DB_07_2016
ex.248,p.1874,Undirected,artista,artista,1982,1,MLT_DB_07_2016
ex.248,p.1080,Undirected,artista,artista,1982,1,MLT_DB_07_2016
ex.248,p.556,Undirected,artista,artista,1982,1,MLT_DB_07_2016
ex.248,p.1399,Undirected,artista,artista,1982,1,MLT_DB_07_2016
ex.248,p.1901,Undirected,artista,artista,1982,1,MLT_DB_07_2016
ex.248,p.1227,Undirected,artista,artista,1982,1,MLT_DB_07_2016
ex.248,p.1761,Undirected,artista,artista,1982,1,MLT_DB_07_2016
ex.248,p.1728,Undirected,artista,artista,1982,1,MLT_DB_07_2016
ex.248,p.1380,Undirected,artista,artista,1982,1,MLT_DB_07_2016
ex.248,p.1934,Undirected,artista,artista,1982,1,MLT_DB_07_2016
ex.248,p.998,Undirected,artista,artista,1982,1,MLT_DB_07_2016
ex.248,p.1639,Undirected,artista,artista,1982,1,MLT_DB_07_2016
ex.248,p.1072,Undirected,artista,artista,1982,1,MLT_DB_07_2016
ex.248,p.2125,Undirected,artista,artista,1982,1,MLT_DB_07_2016
ex.248,o.27,Undirected,apoyo,apoyo,1982,1,MLT_DB_07_2016
ex.248,o.368,Undirected,apoyo,apoyo,1982,1,MLT_DB_07_2016
ex.249,p.20,Undirected,artista,artista,1982,1,MLT_DB_07_2016
ex.250,p.1358,Undirected,artista,artista,1982,1,MLT_DB_07_2016
ex.250,p.93,Undirected,artista,artista,1982,1,MLT_DB_07_2016
ex.250,p.1430,Undirected,artista,artista,1982,1,MLT_DB_07_2016
ex.250,p.486,Undirected,artista,artista,1982,1,MLT_DB_07_2016
ex.250,p.1547,Undirected,artista,artista,1982,1,MLT_DB_07_2016
ex.250,p.1645,Undirected,artista,artista,1982,1,MLT_DB_07_2016
ex.250,p.2109,Undirected,artista,artista,1982,1,MLT_DB_07_2016
ex.250,p.1717,Undirected,artista,artista,1982,1,MLT_DB_07_2016
ex.250,p.1546,Undirected,artista,artista,1982,1,MLT_DB_07_2016
ex.250,p.1444,Undirected,artista,artista,1982,1,MLT_DB_07_2016
ex.250,p.701,Undirected,artista,artista,1982,1,MLT_DB_07_2016
ex.250,p.1130,Undirected,artista,artista,1982,1,MLT_DB_07_2016
ex.250,p.1585,Undirected,artista,artista,1982,1,MLT_DB_07_2016
ex.250,p.2276,Undirected,artista,artista,1982,1,MLT_DB_07_2016
ex.250,p.1129,Undirected,artista,artista,1982,1,MLT_DB_07_2016
ex.250,p.1206,Undirected,artista,artista,1982,1,MLT_DB_07_2016
ex.250,p.2295,Undirected,artista,artista,1982,1,MLT_DB_07_2016
ex.250,p.1878,Undirected,artista,artista,1982,1,MLT_DB_07_2016
ex.250,p.1544,Undirected,artista,artista,1982,1,MLT_DB_07_2016
ex.250,p.90,Undirected,artista,artista,1982,1,MLT_DB_07_2016
ex.250,p.741,Undirected,artista,artista,1982,1,MLT_DB_07_2016
ex.250,p.669,Undirected,artista,artista,1982,1,MLT_DB_07_2016
ex.250,p.473,Undirected,artista,artista,1982,1,MLT_DB_07_2016
ex.250,p.289,Undirected,artista,artista,1982,1,MLT_DB_07_2016
ex.250,p.273,Undirected,artista,artista,1982,1,MLT_DB_07_2016
ex.250,p.290,Undirected,artista,artista,1982,1,MLT_DB_07_2016
ex.250,p.1452,Undirected,artista,artista,1982,1,MLT_DB_07_2016
ex.250,p.824,Undirected,artista,artista,1982,1,MLT_DB_07_2016
ex.250,p.1203,Undirected,artista,artista,1982,1,MLT_DB_07_2016
ex.250,o.195,Undirected,apoyo,apoyo,1982,1,MLT_DB_07_2016
ex.250,o.328,Undirected,apoyo,apoyo,1982,1,MLT_DB_07_2016
ex.251,p.46,Undirected,artista,artista,1982,1,MLT_DB_07_2016
ex.251,p.3276,Undirected,presentador,presentador,1982,1,MLT_DB_07_2016
ex.253,p.22,Undirected,artista,artista,1982,1,MLT_DB_07_2016
ex.252,p.28,Undirected,artista,artista,1982,1,MLT_DB_07_2016
ex.254,p.38,Undirected,artista,artista,1982,1,MLT_DB_07_2016
ex.255,p.48,Undirected,artista,artista,1982,1,MLT_DB_07_2016
ex.255,p.14,Undirected,artista,artista,1982,1,MLT_DB_07_2016
ex.255,p.137,Undirected,artista,artista,1982,1,MLT_DB_07_2016
ex.255,p.43,Undirected,artista,artista,1982,1,MLT_DB_07_2016
ex.258,p.2911,Undirected,artista,artista,1982,1,MLT_DB_07_2016
ex.258,p.2723,Undirected,artista,artista,1982,1,MLT_DB_07_2016
ex.258,p.2746,Undirected,artista,artista,1982,1,MLT_DB_07_2016
ex.258,p.2589,Undirected,artista,artista,1982,1,MLT_DB_07_2016
ex.258,p.2616,Undirected,artista,artista,1982,1,MLT_DB_07_2016
ex.258,p.3047,Undirected,artista,artista,1982,1,MLT_DB_07_2016
ex.258,p.2880,Undirected,artista,artista,1982,1,MLT_DB_07_2016
ex.258,p.2834,Undirected,artista,artista,1982,1,MLT_DB_07_2016
ex.258,p.2835,Undirected,artista,artista,1982,1,MLT_DB_07_2016
ex.258,p.3132,Undirected,artista,artista,1982,1,MLT_DB_07_2016
ex.258,p.3066,Undirected,artista,artista,1982,1,MLT_DB_07_2016
ex.258,p.3007,Undirected,artista,artista,1982,1,MLT_DB_07_2016
ex.258,p.2610,Undirected,artista,artista,1982,1,MLT_DB_07_2016
ex.258,p.3126,Undirected,artista,artista,1982,1,MLT_DB_07_2016
ex.258,p.2789,Undirected,artista,artista,1982,1,MLT_DB_07_2016
ex.258,p.2870,Undirected,artista,artista,1982,1,MLT_DB_07_2016
ex.258,p.3127,Undirected,artista,artista,1982,1,MLT_DB_07_2016
ex.258,p.3122,Undirected,artista,artista,1982,1,MLT_DB_07_2016
ex.258,p.2716,Undirected,artista,artista,1982,1,MLT_DB_07_2016
ex.258,p.2609,Undirected,artista,artista,1982,1,MLT_DB_07_2016
ex.257,p.228,Undirected,artista,artista,1982,1,MLT_DB_07_2016
ex.260,p.122,Undirected,artista,artista,1982,1,MLT_DB_07_2016
ex.256,p.81,Undirected,artista,artista,1982,1,MLT_DB_07_2016
ex.256,p.3277,Undirected,presentador,presentador,1982,1,MLT_DB_07_2016
ex.262,p.1158,Undirected,artista,artista,1983,1,MLT_DB_07_2016
ex.262,p.1398,Undirected,artista,artista,1983,1,MLT_DB_07_2016
ex.262,p.1341,Undirected,artista,artista,1983,1,MLT_DB_07_2016
ex.262,p.216,Undirected,artista,artista,1983,1,MLT_DB_07_2016
ex.262,p.322,Undirected,artista,artista,1983,1,MLT_DB_07_2016
ex.262,p.433,Undirected,artista,artista,1983,1,MLT_DB_07_2016
ex.262,p.677,Undirected,artista,artista,1983,1,MLT_DB_07_2016
ex.262,p.2055,Undirected,artista,artista,1983,1,MLT_DB_07_2016
ex.262,p.2631,Undirected,artista,artista,1983,1,MLT_DB_07_2016
ex.262,p.3219,Undirected,curador,curador,1983,1,MLT_DB_07_2016
ex.262,o.356,Undirected,apoyo,apoyo,1983,1,MLT_DB_07_2016
ex.261,p.72,Undirected,artista,artista,1983,1,MLT_DB_07_2016
ex.263,p.642,Undirected,artista,artista,1983,1,MLT_DB_07_2016
ex.263,p.535,Undirected,artista,artista,1983,1,MLT_DB_07_2016
ex.263,p.111,Undirected,artista,artista,1983,1,MLT_DB_07_2016
ex.263,p.581,Undirected,artista,artista,1983,1,MLT_DB_07_2016
ex.263,p.199,Undirected,artista,artista,1983,1,MLT_DB_07_2016
ex.263,p.88,Undirected,artista,artista,1983,1,MLT_DB_07_2016
ex.263,p.32,Undirected,artista,artista,1983,1,MLT_DB_07_2016
ex.263,p.531,Undirected,artista,artista,1983,1,MLT_DB_07_2016
ex.263,p.368,Undirected,artista,artista,1983,1,MLT_DB_07_2016
ex.263,p.229,Undirected,artista,artista,1983,1,MLT_DB_07_2016
ex.263,p.1435,Undirected,artista,artista,1983,1,MLT_DB_07_2016
ex.263,p.754,Undirected,artista,artista,1983,1,MLT_DB_07_2016
ex.263,p.3219,Undirected,curador,curador,1983,1,MLT_DB_07_2016
ex.264,p.2010,Undirected,artista,artista,1983,1,MLT_DB_07_2016
ex.265,p.33,Undirected,artista,artista,1983,1,MLT_DB_07_2016
ex.265,p.2115,Undirected,artista,artista,1983,1,MLT_DB_07_2016
ex.265,p.58,Undirected,artista,artista,1983,1,MLT_DB_07_2016
ex.265,p.100,Undirected,artista,artista,1983,1,MLT_DB_07_2016
ex.265,p.954,Undirected,artista,artista,1983,1,MLT_DB_07_2016
ex.265,p.2278,Undirected,artista,artista,1983,1,MLT_DB_07_2016
ex.265,o.198,Undirected,apoyo,apoyo,1983,1,MLT_DB_07_2016
ex.265,o.139,Undirected,apoyo,apoyo,1983,1,MLT_DB_07_2016
ex.266,p.1311,Undirected,artista,artista,1983,1,MLT_DB_07_2016
ex.267,p.615,Undirected,artista,artista,1983,1,MLT_DB_07_2016
ex.267,p.3239,Undirected,curador,curador,1983,1,MLT_DB_07_2016
ex.268,p.54,Undirected,artista,artista,1983,1,MLT_DB_07_2016
ex.269,p.1985,Undirected,artista,artista,1983,1,MLT_DB_07_2016
ex.270,p.450,Undirected,artista,artista,1983,1,MLT_DB_07_2016
ex.270,p.557,Undirected,artista,artista,1983,1,MLT_DB_07_2016
ex.270,p.424,Undirected,artista,artista,1983,1,MLT_DB_07_2016
ex.270,p.226,Undirected,artista,artista,1983,1,MLT_DB_07_2016
ex.270,p.647,Undirected,artista,artista,1983,1,MLT_DB_07_2016
ex.270,p.320,Undirected,artista,artista,1983,1,MLT_DB_07_2016
ex.270,p.308,Undirected,artista,artista,1983,1,MLT_DB_07_2016
ex.270,p.541,Undirected,artista,artista,1983,1,MLT_DB_07_2016
ex.270,p.180,Undirected,artista,artista,1983,1,MLT_DB_07_2016
ex.270,p.287,Undirected,artista,artista,1983,1,MLT_DB_07_2016
ex.270,p.505,Undirected,artista,artista,1983,1,MLT_DB_07_2016
ex.270,p.398,Undirected,artista,artista,1983,1,MLT_DB_07_2016
ex.270,p.321,Undirected,artista,artista,1983,1,MLT_DB_07_2016
ex.270,p.551,Undirected,artista,artista,1983,1,MLT_DB_07_2016
ex.270,p.686,Undirected,artista,artista,1983,1,MLT_DB_07_2016
ex.270,p.367,Undirected,artista,artista,1983,1,MLT_DB_07_2016
ex.270,p.412,Undirected,artista,artista,1983,1,MLT_DB_07_2016
ex.270,p.799,Undirected,artista,artista,1983,1,MLT_DB_07_2016
ex.270,p.475,Undirected,artista,artista,1983,1,MLT_DB_07_2016
ex.270,p.490,Undirected,artista,artista,1983,1,MLT_DB_07_2016
ex.270,p.631,Undirected,artista,artista,1983,1,MLT_DB_07_2016
ex.270,p.572,Undirected,artista,artista,1983,1,MLT_DB_07_2016
ex.270,p.658,Undirected,artista,artista,1983,1,MLT_DB_07_2016
ex.270,p.64,Undirected,artista,artista,1983,1,MLT_DB_07_2016
ex.270,p.299,Undirected,artista,artista,1983,1,MLT_DB_07_2016
ex.270,p.247,Undirected,artista,artista,1983,1,MLT_DB_07_2016
ex.270,p.18,Undirected,artista,artista,1983,1,MLT_DB_07_2016
ex.270,p.207,Undirected,artista,artista,1983,1,MLT_DB_07_2016
ex.270,p.113,Undirected,artista,artista,1983,1,MLT_DB_07_2016
ex.270,p.85,Undirected,artista,artista,1983,1,MLT_DB_07_2016
ex.270,p.544,Undirected,artista,artista,1983,1,MLT_DB_07_2016
ex.270,p.545,Undirected,artista,artista,1983,1,MLT_DB_07_2016
ex.270,p.3219,Undirected,curador,curador,1983,1,MLT_DB_07_2016
ex.271,p.48,Undirected,artista,artista,1983,1,MLT_DB_07_2016
ex.271,p.30,Undirected,artista,artista,1983,1,MLT_DB_07_2016
ex.271,p.22,Undirected,artista,artista,1983,1,MLT_DB_07_2016
ex.271,p.47,Undirected,artista,artista,1983,1,MLT_DB_07_2016
ex.271,p.227,Undirected,artista,artista,1983,1,MLT_DB_07_2016
ex.271,p.95,Undirected,artista,artista,1983,1,MLT_DB_07_2016
ex.271,p.123,Undirected,artista,artista,1983,1,MLT_DB_07_2016
ex.271,p.14,Undirected,artista,artista,1983,1,MLT_DB_07_2016
ex.271,p.137,Undirected,artista,artista,1983,1,MLT_DB_07_2016
ex.271,p.477,Undirected,artista,artista,1983,1,MLT_DB_07_2016
ex.271,p.43,Undirected,artista,artista,1983,1,MLT_DB_07_2016
ex.271,p.382,Undirected,artista,artista,1983,1,MLT_DB_07_2016
ex.271,p.3219,Undirected,curador,curador,1983,1,MLT_DB_07_2016
ex.272,p.3219,Undirected,curador,curador,1983,1,MLT_DB_07_2016
ex.273,p.13,Undirected,artista,artista,1983,1,MLT_DB_07_2016
ex.273,p.3219,Undirected,curador,curador,1983,1,MLT_DB_07_2016
ex.274,p.30,Undirected,artista,artista,1983,1,MLT_DB_07_2016
ex.275,p.1388,Undirected,artista,artista,1983,1,MLT_DB_07_2016
ex.276,p.1887,Undirected,artista,artista,1983,1,MLT_DB_07_2016
ex.276,p.585,Undirected,artista,artista,1983,1,MLT_DB_07_2016
ex.276,p.1727,Undirected,artista,artista,1983,1,MLT_DB_07_2016
ex.276,p.2215,Undirected,artista,artista,1983,1,MLT_DB_07_2016
ex.276,p.865,Undirected,artista,artista,1983,1,MLT_DB_07_2016
ex.276,p.1186,Undirected,artista,artista,1983,1,MLT_DB_07_2016
ex.276,p.931,Undirected,artista,artista,1983,1,MLT_DB_07_2016
ex.276,p.823,Undirected,artista,artista,1983,1,MLT_DB_07_2016
ex.276,p.794,Undirected,artista,artista,1983,1,MLT_DB_07_2016
ex.276,p.337,Undirected,artista,artista,1983,1,MLT_DB_07_2016
ex.276,p.759,Undirected,artista,artista,1983,1,MLT_DB_07_2016
ex.276,p.1992,Undirected,artista,artista,1983,1,MLT_DB_07_2016
ex.276,p.1887,Undirected,apoyo,apoyo,1983,1,MLT_DB_07_2016
ex.276,p.585,Undirected,apoyo,apoyo,1983,1,MLT_DB_07_2016
ex.276,p.1727,Undirected,apoyo,apoyo,1983,1,MLT_DB_07_2016
ex.276,p.2215,Undirected,apoyo,apoyo,1983,1,MLT_DB_07_2016
ex.276,p.865,Undirected,apoyo,apoyo,1983,1,MLT_DB_07_2016
ex.276,p.1186,Undirected,apoyo,apoyo,1983,1,MLT_DB_07_2016
ex.276,p.931,Undirected,apoyo,apoyo,1983,1,MLT_DB_07_2016
ex.276,p.823,Undirected,apoyo,apoyo,1983,1,MLT_DB_07_2016
ex.276,p.794,Undirected,apoyo,apoyo,1983,1,MLT_DB_07_2016
ex.276,p.337,Undirected,apoyo,apoyo,1983,1,MLT_DB_07_2016
ex.276,p.759,Undirected,apoyo,apoyo,1983,1,MLT_DB_07_2016
ex.276,p.1992,Undirected,apoyo,apoyo,1983,1,MLT_DB_07_2016
ex.278,o.379,Undirected,apoyo,apoyo,1983,1,MLT_DB_07_2016
ex.277,p.29,Undirected,artista,artista,1983,1,MLT_DB_07_2016
ex.279,p.88,Undirected,artista,artista,1983,1,MLT_DB_07_2016
ex.280,p.1,Undirected,artista,artista,1983,1,MLT_DB_07_2016
ex.282,p.239,Undirected,artista,artista,1984,1,MLT_DB_07_2016
ex.282,p.273,Undirected,artista,artista,1984,1,MLT_DB_07_2016
ex.282,p.1786,Undirected,artista,artista,1984,1,MLT_DB_07_2016
ex.282,p.275,Undirected,artista,artista,1984,1,MLT_DB_07_2016
ex.282,p.294,Undirected,artista,artista,1984,1,MLT_DB_07_2016
ex.282,p.290,Undirected,artista,artista,1984,1,MLT_DB_07_2016
ex.282,p.109,Undirected,artista,artista,1984,1,MLT_DB_07_2016
ex.282,p.502,Undirected,artista,artista,1984,1,MLT_DB_07_2016
ex.282,p.267,Undirected,artista,artista,1984,1,MLT_DB_07_2016
ex.282,p.366,Undirected,artista,artista,1984,1,MLT_DB_07_2016
ex.282,p.42,Undirected,artista,artista,1984,1,MLT_DB_07_2016
ex.282,p.594,Undirected,artista,artista,1984,1,MLT_DB_07_2016
ex.282,p.611,Undirected,artista,artista,1984,1,MLT_DB_07_2016
ex.282,p.669,Undirected,artista,artista,1984,1,MLT_DB_07_2016
ex.282,p.291,Undirected,artista,artista,1984,1,MLT_DB_07_2016
ex.282,p.473,Undirected,artista,artista,1984,1,MLT_DB_07_2016
ex.282,p.289,Undirected,artista,artista,1984,1,MLT_DB_07_2016
ex.282,p.469,Undirected,artista,artista,1984,1,MLT_DB_07_2016
ex.282,p.684,Undirected,artista,artista,1984,1,MLT_DB_07_2016
ex.282,p.83,Undirected,artista,artista,1984,1,MLT_DB_07_2016
ex.282,p.426,Undirected,artista,artista,1984,1,MLT_DB_07_2016
ex.282,p.501,Undirected,artista,artista,1984,1,MLT_DB_07_2016
ex.282,p.240,Undirected,artista,artista,1984,1,MLT_DB_07_2016
ex.282,p.225,Undirected,artista,artista,1984,1,MLT_DB_07_2016
ex.282,p.355,Undirected,artista,artista,1984,1,MLT_DB_07_2016
ex.282,p.185,Undirected,artista,artista,1984,1,MLT_DB_07_2016
ex.282,p.91,Undirected,artista,artista,1984,1,MLT_DB_07_2016
ex.282,p.428,Undirected,artista,artista,1984,1,MLT_DB_07_2016
ex.282,p.57,Undirected,artista,artista,1984,1,MLT_DB_07_2016
ex.282,p.252,Undirected,artista,artista,1984,1,MLT_DB_07_2016
ex.282,p.537,Undirected,artista,artista,1984,1,MLT_DB_07_2016
ex.282,p.607,Undirected,artista,artista,1984,1,MLT_DB_07_2016
ex.282,p.579,Undirected,artista,artista,1984,1,MLT_DB_07_2016
ex.282,p.371,Undirected,artista,artista,1984,1,MLT_DB_07_2016
ex.282,p.567,Undirected,artista,artista,1984,1,MLT_DB_07_2016
ex.282,p.238,Undirected,artista,artista,1984,1,MLT_DB_07_2016
ex.282,p.293,Undirected,artista,artista,1984,1,MLT_DB_07_2016
ex.282,p.3219,Undirected,curador,curador,1984,1,MLT_DB_07_2016
ex.282,o.100,Undirected,apoyo,apoyo,1984,1,MLT_DB_07_2016
ex.283,p.590,Undirected,artista,artista,1984,1,MLT_DB_07_2016
ex.283,p.1874,Undirected,artista,artista,1984,1,MLT_DB_07_2016
ex.283,p.1157,Undirected,artista,artista,1984,1,MLT_DB_07_2016
ex.283,o.325,Undirected,apoyo,apoyo,1984,1,MLT_DB_07_2016
ex.283,o.340,Undirected,apoyo,apoyo,1984,1,MLT_DB_07_2016
ex.284,p.2269,Undirected,artista,artista,1984,1,MLT_DB_07_2016
ex.285,p.56,Undirected,artista,artista,1984,1,MLT_DB_07_2016
ex.285,p.24,Undirected,artista,artista,1984,1,MLT_DB_07_2016
ex.285,p.41,Undirected,artista,artista,1984,1,MLT_DB_07_2016
ex.285,p.44,Undirected,artista,artista,1984,1,MLT_DB_07_2016
ex.285,p.17,Undirected,artista,artista,1984,1,MLT_DB_07_2016
ex.285,p.217,Undirected,artista,artista,1984,1,MLT_DB_07_2016
ex.285,p.22,Undirected,artista,artista,1984,1,MLT_DB_07_2016
ex.285,p.1,Undirected,artista,artista,1984,1,MLT_DB_07_2016
ex.285,p.9,Undirected,artista,artista,1984,1,MLT_DB_07_2016
ex.285,p.12,Undirected,artista,artista,1984,1,MLT_DB_07_2016
ex.285,p.35,Undirected,artista,artista,1984,1,MLT_DB_07_2016
ex.285,p.674,Undirected,artista,artista,1984,1,MLT_DB_07_2016
ex.285,p.108,Undirected,artista,artista,1984,1,MLT_DB_07_2016
ex.285,p.30,Undirected,artista,artista,1984,1,MLT_DB_07_2016
ex.285,p.66,Undirected,artista,artista,1984,1,MLT_DB_07_2016
ex.285,p.201,Undirected,artista,artista,1984,1,MLT_DB_07_2016
ex.285,p.199,Undirected,artista,artista,1984,1,MLT_DB_07_2016
ex.285,p.156,Undirected,artista,artista,1984,1,MLT_DB_07_2016
ex.285,p.88,Undirected,artista,artista,1984,1,MLT_DB_07_2016
ex.285,p.29,Undirected,artista,artista,1984,1,MLT_DB_07_2016
ex.285,p.581,Undirected,artista,artista,1984,1,MLT_DB_07_2016
ex.285,p.122,Undirected,artista,artista,1984,1,MLT_DB_07_2016
ex.285,p.642,Undirected,artista,artista,1984,1,MLT_DB_07_2016
ex.285,p.494,Undirected,artista,artista,1984,1,MLT_DB_07_2016
ex.285,p.32,Undirected,artista,artista,1984,1,MLT_DB_07_2016
ex.285,p.72,Undirected,artista,artista,1984,1,MLT_DB_07_2016
ex.285,p.38,Undirected,artista,artista,1984,1,MLT_DB_07_2016
ex.285,p.232,Undirected,artista,artista,1984,1,MLT_DB_07_2016
ex.285,p.140,Undirected,artista,artista,1984,1,MLT_DB_07_2016
ex.285,p.154,Undirected,artista,artista,1984,1,MLT_DB_07_2016
ex.285,p.3219,Undirected,curador,curador,1984,1,MLT_DB_07_2016
ex.281,p.160,Undirected,artista,artista,1984,1,MLT_DB_07_2016
ex.286,p.1159,Undirected,artista,artista,1984,1,MLT_DB_07_2016
ex.286,o.39,Undirected,apoyo,apoyo,1984,1,MLT_DB_07_2016
ex.287,p.204,Undirected,artista,artista,1984,1,MLT_DB_07_2016
ex.288,p.142,Undirected,artista,artista,1984,1,MLT_DB_07_2016
ex.289,p.466,Undirected,artista,artista,1984,1,MLT_DB_07_2016
ex.290,p.55,Undirected,artista,artista,1984,1,MLT_DB_07_2016
ex.290,p.49,Undirected,artista,artista,1984,1,MLT_DB_07_2016
ex.291,p.7,Undirected,artista,artista,1984,1,MLT_DB_07_2016
ex.291,p.14,Undirected,artista,artista,1984,1,MLT_DB_07_2016
ex.291,p.516,Undirected,artista,artista,1984,1,MLT_DB_07_2016
ex.292,p.32,Undirected,artista,artista,1984,1,MLT_DB_07_2016
ex.293,p.1869,Undirected,artista,artista,1984,1,MLT_DB_07_2016
ex.293,p.1441,Undirected,artista,artista,1984,1,MLT_DB_07_2016
ex.293,p.815,Undirected,artista,artista,1984,1,MLT_DB_07_2016
ex.293,p.2525,Undirected,artista,artista,1984,1,MLT_DB_07_2016
ex.293,p.1549,Undirected,artista,artista,1984,1,MLT_DB_07_2016
ex.293,p.1461,Undirected,artista,artista,1984,1,MLT_DB_07_2016
ex.293,p.1962,Undirected,artista,artista,1984,1,MLT_DB_07_2016
ex.293,p.1125,Undirected,artista,artista,1984,1,MLT_DB_07_2016
ex.293,p.2333,Undirected,artista,artista,1984,1,MLT_DB_07_2016
ex.293,p.919,Undirected,artista,artista,1984,1,MLT_DB_07_2016
ex.293,p.1283,Undirected,artista,artista,1984,1,MLT_DB_07_2016
ex.293,p.2111,Undirected,artista,artista,1984,1,MLT_DB_07_2016
ex.293,p.2271,Undirected,artista,artista,1984,1,MLT_DB_07_2016
ex.293,p.2527,Undirected,artista,artista,1984,1,MLT_DB_07_2016
ex.293,p.1787,Undirected,artista,artista,1984,1,MLT_DB_07_2016
ex.293,p.1870,Undirected,artista,artista,1984,1,MLT_DB_07_2016
ex.293,p.1008,Undirected,artista,artista,1984,1,MLT_DB_07_2016
ex.293,p.906,Undirected,artista,artista,1984,1,MLT_DB_07_2016
ex.293,p.1927,Undirected,artista,artista,1984,1,MLT_DB_07_2016
ex.293,p.1609,Undirected,artista,artista,1984,1,MLT_DB_07_2016
ex.293,p.979,Undirected,artista,artista,1984,1,MLT_DB_07_2016
ex.293,p.2081,Undirected,artista,artista,1984,1,MLT_DB_07_2016
ex.293,p.1016,Undirected,artista,artista,1984,1,MLT_DB_07_2016
ex.293,p.1857,Undirected,artista,artista,1984,1,MLT_DB_07_2016
ex.293,p.2102,Undirected,artista,artista,1984,1,MLT_DB_07_2016
ex.293,p.1792,Undirected,artista,artista,1984,1,MLT_DB_07_2016
ex.293,p.788,Undirected,artista,artista,1984,1,MLT_DB_07_2016
ex.293,p.1151,Undirected,artista,artista,1984,1,MLT_DB_07_2016
ex.293,p.1657,Undirected,artista,artista,1984,1,MLT_DB_07_2016
ex.293,p.1303,Undirected,artista,artista,1984,1,MLT_DB_07_2016
ex.293,p.1699,Undirected,artista,artista,1984,1,MLT_DB_07_2016
ex.293,p.876,Undirected,artista,artista,1984,1,MLT_DB_07_2016
ex.293,p.2251,Undirected,artista,artista,1984,1,MLT_DB_07_2016
ex.293,p.2463,Undirected,artista,artista,1984,1,MLT_DB_07_2016
ex.293,p.1332,Undirected,artista,artista,1984,1,MLT_DB_07_2016
ex.293,p.1223,Undirected,artista,artista,1984,1,MLT_DB_07_2016
ex.293,p.1440,Undirected,artista,artista,1984,1,MLT_DB_07_2016
ex.293,p.808,Undirected,artista,artista,1984,1,MLT_DB_07_2016
ex.293,p.1347,Undirected,artista,artista,1984,1,MLT_DB_07_2016
ex.293,p.2017,Undirected,artista,artista,1984,1,MLT_DB_07_2016
ex.293,p.2142,Undirected,artista,artista,1984,1,MLT_DB_07_2016
ex.293,p.1324,Undirected,artista,artista,1984,1,MLT_DB_07_2016
ex.293,p.1600,Undirected,artista,artista,1984,1,MLT_DB_07_2016
ex.293,p.1438,Undirected,artista,artista,1984,1,MLT_DB_07_2016
ex.293,p.2051,Undirected,artista,artista,1984,1,MLT_DB_07_2016
ex.293,p.886,Undirected,artista,artista,1984,1,MLT_DB_07_2016
ex.293,p.1879,Undirected,artista,artista,1984,1,MLT_DB_07_2016
ex.293,p.946,Undirected,artista,artista,1984,1,MLT_DB_07_2016
ex.293,p.2235,Undirected,artista,artista,1984,1,MLT_DB_07_2016
ex.293,p.758,Undirected,artista,artista,1984,1,MLT_DB_07_2016
ex.293,p.817,Undirected,artista,artista,1984,1,MLT_DB_07_2016
ex.293,p.2427,Undirected,artista,artista,1984,1,MLT_DB_07_2016
ex.293,p.2397,Undirected,artista,artista,1984,1,MLT_DB_07_2016
ex.293,p.1891,Undirected,artista,artista,1984,1,MLT_DB_07_2016
ex.293,p.874,Undirected,artista,artista,1984,1,MLT_DB_07_2016
ex.293,p.2531,Undirected,artista,artista,1984,1,MLT_DB_07_2016
ex.293,p.1268,Undirected,artista,artista,1984,1,MLT_DB_07_2016
ex.293,p.921,Undirected,artista,artista,1984,1,MLT_DB_07_2016
ex.293,p.790,Undirected,artista,artista,1984,1,MLT_DB_07_2016
ex.293,p.2015,Undirected,artista,artista,1984,1,MLT_DB_07_2016
ex.293,p.2504,Undirected,artista,artista,1984,1,MLT_DB_07_2016
ex.293,p.2023,Undirected,artista,artista,1984,1,MLT_DB_07_2016
ex.293,p.860,Undirected,artista,artista,1984,1,MLT_DB_07_2016
ex.293,p.2016,Undirected,artista,artista,1984,1,MLT_DB_07_2016
ex.293,p.2005,Undirected,artista,artista,1984,1,MLT_DB_07_2016
ex.293,p.1653,Undirected,artista,artista,1984,1,MLT_DB_07_2016
ex.293,p.2317,Undirected,artista,artista,1984,1,MLT_DB_07_2016
ex.293,p.2021,Undirected,artista,artista,1984,1,MLT_DB_07_2016
ex.293,p.896,Undirected,artista,artista,1984,1,MLT_DB_07_2016
ex.293,p.1868,Undirected,artista,artista,1984,1,MLT_DB_07_2016
ex.293,p.1509,Undirected,artista,artista,1984,1,MLT_DB_07_2016
ex.293,p.1789,Undirected,artista,artista,1984,1,MLT_DB_07_2016
ex.293,p.1494,Undirected,artista,artista,1984,1,MLT_DB_07_2016
ex.293,p.2467,Undirected,artista,artista,1984,1,MLT_DB_07_2016
ex.293,p.806,Undirected,artista,artista,1984,1,MLT_DB_07_2016
ex.293,p.1170,Undirected,artista,artista,1984,1,MLT_DB_07_2016
ex.293,p.1365,Undirected,artista,artista,1984,1,MLT_DB_07_2016
ex.293,p.857,Undirected,artista,artista,1984,1,MLT_DB_07_2016
ex.293,p.1339,Undirected,artista,artista,1984,1,MLT_DB_07_2016
ex.293,p.1551,Undirected,artista,artista,1984,1,MLT_DB_07_2016
ex.293,p.957,Undirected,artista,artista,1984,1,MLT_DB_07_2016
ex.293,p.1768,Undirected,artista,artista,1984,1,MLT_DB_07_2016
ex.293,p.1875,Undirected,artista,artista,1984,1,MLT_DB_07_2016
ex.293,p.809,Undirected,artista,artista,1984,1,MLT_DB_07_2016
ex.293,p.2188,Undirected,artista,artista,1984,1,MLT_DB_07_2016
ex.293,p.1880,Undirected,artista,artista,1984,1,MLT_DB_07_2016
ex.293,p.1881,Undirected,artista,artista,1984,1,MLT_DB_07_2016
ex.293,p.2221,Undirected,artista,artista,1984,1,MLT_DB_07_2016
ex.293,p.2343,Undirected,artista,artista,1984,1,MLT_DB_07_2016
ex.293,p.1325,Undirected,artista,artista,1984,1,MLT_DB_07_2016
ex.293,p.1675,Undirected,artista,artista,1984,1,MLT_DB_07_2016
ex.293,p.1323,Undirected,artista,artista,1984,1,MLT_DB_07_2016
ex.293,p.2517,Undirected,artista,artista,1984,1,MLT_DB_07_2016
ex.293,p.1328,Undirected,artista,artista,1984,1,MLT_DB_07_2016
ex.293,o.14,Undirected,curador,curador,1984,1,MLT_DB_07_2016
ex.293,o.14,Undirected,apoyo,apoyo,1984,1,MLT_DB_07_2016
ex.293,o.101,Undirected,apoyo,apoyo,1984,1,MLT_DB_07_2016
ex.294,p.285,Undirected,artista,artista,1984,1,MLT_DB_07_2016
ex.294,p.2423,Undirected,artista,artista,1984,1,MLT_DB_07_2016
ex.294,p.1893,Undirected,artista,artista,1984,1,MLT_DB_07_2016
ex.294,p.798,Undirected,artista,artista,1984,1,MLT_DB_07_2016
ex.294,p.406,Undirected,artista,artista,1984,1,MLT_DB_07_2016
ex.294,p.1670,Undirected,artista,artista,1984,1,MLT_DB_07_2016
ex.295,p.314,Undirected,artista,artista,1984,1,MLT_DB_07_2016
ex.295,p.2485,Undirected,artista,artista,1984,1,MLT_DB_07_2016
ex.295,p.1250,Undirected,artista,artista,1984,1,MLT_DB_07_2016
ex.295,p.1873,Undirected,artista,artista,1984,1,MLT_DB_07_2016
ex.295,p.1602,Undirected,artista,artista,1984,1,MLT_DB_07_2016
ex.295,p.1542,Undirected,artista,artista,1984,1,MLT_DB_07_2016
ex.295,p.1803,Undirected,artista,artista,1984,1,MLT_DB_07_2016
ex.295,p.1417,Undirected,artista,artista,1984,1,MLT_DB_07_2016
ex.295,p.1654,Undirected,artista,artista,1984,1,MLT_DB_07_2016
ex.295,p.2030,Undirected,artista,artista,1984,1,MLT_DB_07_2016
ex.295,p.839,Undirected,artista,artista,1984,1,MLT_DB_07_2016
ex.295,p.984,Undirected,artista,artista,1984,1,MLT_DB_07_2016
ex.295,p.941,Undirected,artista,artista,1984,1,MLT_DB_07_2016
ex.295,p.485,Undirected,artista,artista,1984,1,MLT_DB_07_2016
ex.295,p.2163,Undirected,artista,artista,1984,1,MLT_DB_07_2016
ex.295,p.1371,Undirected,artista,artista,1984,1,MLT_DB_07_2016
ex.295,p.362,Undirected,artista,artista,1984,1,MLT_DB_07_2016
ex.295,p.1284,Undirected,artista,artista,1984,1,MLT_DB_07_2016
ex.295,p.1320,Undirected,artista,artista,1984,1,MLT_DB_07_2016
ex.295,p.1840,Undirected,artista,artista,1984,1,MLT_DB_07_2016
ex.295,p.1431,Undirected,artista,artista,1984,1,MLT_DB_07_2016
ex.295,p.1050,Undirected,artista,artista,1984,1,MLT_DB_07_2016
ex.295,p.922,Undirected,artista,artista,1984,1,MLT_DB_07_2016
ex.295,p.1115,Undirected,artista,artista,1984,1,MLT_DB_07_2016
ex.295,p.1448,Undirected,artista,artista,1984,1,MLT_DB_07_2016
ex.295,p.1605,Undirected,artista,artista,1984,1,MLT_DB_07_2016
ex.295,p.736,Undirected,artista,artista,1984,1,MLT_DB_07_2016
ex.295,p.965,Undirected,artista,artista,1984,1,MLT_DB_07_2016
ex.295,p.804,Undirected,artista,artista,1984,1,MLT_DB_07_2016
ex.295,p.1744,Undirected,artista,artista,1984,1,MLT_DB_07_2016
ex.295,p.1936,Undirected,artista,artista,1984,1,MLT_DB_07_2016
ex.295,p.1367,Undirected,artista,artista,1984,1,MLT_DB_07_2016
ex.295,o.162,Undirected,apoyo,apoyo,1984,1,MLT_DB_07_2016
ex.297,p.3219,Undirected,curador,curador,1984,1,MLT_DB_07_2016
ex.297,o.80,Undirected,apoyo,apoyo,1984,1,MLT_DB_07_2016
ex.297,o.373,Undirected,apoyo,apoyo,1984,1,MLT_DB_07_2016
ex.298,p.2,Undirected,artista,artista,1984,1,MLT_DB_07_2016
ex.298,p.39,Undirected,artista,artista,1984,1,MLT_DB_07_2016
ex.298,p.200,Undirected,artista,artista,1984,1,MLT_DB_07_2016
ex.298,p.12,Undirected,artista,artista,1984,1,MLT_DB_07_2016
ex.298,p.23,Undirected,artista,artista,1984,1,MLT_DB_07_2016
ex.298,p.217,Undirected,artista,artista,1984,1,MLT_DB_07_2016
ex.298,p.127,Undirected,artista,artista,1984,1,MLT_DB_07_2016
ex.298,p.8,Undirected,artista,artista,1984,1,MLT_DB_07_2016
ex.298,p.40,Undirected,artista,artista,1984,1,MLT_DB_07_2016
ex.298,p.73,Undirected,artista,artista,1984,1,MLT_DB_07_2016
ex.298,p.9,Undirected,artista,artista,1984,1,MLT_DB_07_2016
ex.298,p.4,Undirected,artista,artista,1984,1,MLT_DB_07_2016
ex.298,p.2481,Undirected,artista,artista,1984,1,MLT_DB_07_2016
ex.298,p.44,Undirected,artista,artista,1984,1,MLT_DB_07_2016
ex.298,p.186,Undirected,artista,artista,1984,1,MLT_DB_07_2016
ex.298,p.123,Undirected,artista,artista,1984,1,MLT_DB_07_2016
ex.298,p.11,Undirected,artista,artista,1984,1,MLT_DB_07_2016
ex.298,p.43,Undirected,artista,artista,1984,1,MLT_DB_07_2016
ex.298,p.5,Undirected,artista,artista,1984,1,MLT_DB_07_2016
ex.298,p.2183,Undirected,artista,artista,1984,1,MLT_DB_07_2016
ex.298,p.67,Undirected,artista,artista,1984,1,MLT_DB_07_2016
ex.298,p.141,Undirected,artista,artista,1984,1,MLT_DB_07_2016
ex.298,p.962,Undirected,artista,artista,1984,1,MLT_DB_07_2016
ex.298,p.62,Undirected,artista,artista,1984,1,MLT_DB_07_2016
ex.298,p.677,Undirected,artista,artista,1984,1,MLT_DB_07_2016
ex.298,p.2121,Undirected,artista,artista,1984,1,MLT_DB_07_2016
ex.298,p.269,Undirected,artista,artista,1984,1,MLT_DB_07_2016
ex.298,p.66,Undirected,artista,artista,1984,1,MLT_DB_07_2016
ex.298,p.849,Undirected,artista,artista,1984,1,MLT_DB_07_2016
ex.298,o.88,Undirected,apoyo,apoyo,1984,1,MLT_DB_07_2016
ex.299,p.1194,Undirected,artista,artista,1984,1,MLT_DB_07_2016
ex.302,p.3219,Undirected,curador,curador,1985,1,MLT_DB_07_2016
ex.300,p.2,Undirected,artista,artista,1985,1,MLT_DB_07_2016
ex.301,p.2,Undirected,artista,artista,1985,1,MLT_DB_07_2016
ex.303,p.21,Undirected,artista,artista,1985,1,MLT_DB_07_2016
ex.304,p.593,Undirected,artista,artista,1985,1,MLT_DB_07_2016
ex.304,p.690,Undirected,curador,curador,1985,1,MLT_DB_07_2016
ex.304,o.138,Undirected,apoyo,apoyo,1985,1,MLT_DB_07_2016
ex.304,o.67,Undirected,apoyo,apoyo,1985,1,MLT_DB_07_2016
ex.304,o.327,Undirected,apoyo,apoyo,1985,1,MLT_DB_07_2016
ex.305,o.15,Undirected,curador,curador,1985,1,MLT_DB_07_2016
ex.306,p.79,Undirected,artista,artista,1985,1,MLT_DB_07_2016
ex.306,p.5,Undirected,curador,curador,1985,1,MLT_DB_07_2016
ex.307,p.3219,Undirected,curador,curador,1985,1,MLT_DB_07_2016
ex.307,o.116,Undirected,apoyo,apoyo,1985,1,MLT_DB_07_2016
ex.308,p.7,Undirected,artista,artista,1985,1,MLT_DB_07_2016
ex.311,p.118,Undirected,artista,artista,1985,1,MLT_DB_07_2016
ex.312,p.495,Undirected,artista,artista,1985,1,MLT_DB_07_2016
ex.312,p.2379,Undirected,artista,artista,1985,1,MLT_DB_07_2016
ex.312,p.1890,Undirected,artista,artista,1985,1,MLT_DB_07_2016
ex.312,p.2432,Undirected,artista,artista,1985,1,MLT_DB_07_2016
ex.312,p.2300,Undirected,artista,artista,1985,1,MLT_DB_07_2016
ex.312,p.1478,Undirected,artista,artista,1985,1,MLT_DB_07_2016
ex.312,p.1192,Undirected,artista,artista,1985,1,MLT_DB_07_2016
ex.312,p.547,Undirected,artista,artista,1985,1,MLT_DB_07_2016
ex.312,p.928,Undirected,artista,artista,1985,1,MLT_DB_07_2016
ex.312,p.1156,Undirected,artista,artista,1985,1,MLT_DB_07_2016
ex.312,p.2452,Undirected,artista,artista,1985,1,MLT_DB_07_2016
ex.312,p.2446,Undirected,artista,artista,1985,1,MLT_DB_07_2016
ex.312,p.1327,Undirected,artista,artista,1985,1,MLT_DB_07_2016
ex.312,p.403,Undirected,artista,artista,1985,1,MLT_DB_07_2016
ex.312,p.143,Undirected,artista,artista,1985,1,MLT_DB_07_2016
ex.312,p.1964,Undirected,artista,artista,1985,1,MLT_DB_07_2016
ex.312,p.2145,Undirected,artista,artista,1985,1,MLT_DB_07_2016
ex.312,p.2247,Undirected,artista,artista,1985,1,MLT_DB_07_2016
ex.312,p.387,Undirected,artista,artista,1985,1,MLT_DB_07_2016
ex.312,p.2245,Undirected,artista,artista,1985,1,MLT_DB_07_2016
ex.312,p.1527,Undirected,artista,artista,1985,1,MLT_DB_07_2016
ex.312,p.1773,Undirected,artista,artista,1985,1,MLT_DB_07_2016
ex.312,p.978,Undirected,artista,artista,1985,1,MLT_DB_07_2016
ex.312,p.1971,Undirected,artista,artista,1985,1,MLT_DB_07_2016
ex.312,p.1854,Undirected,artista,artista,1985,1,MLT_DB_07_2016
ex.312,p.1784,Undirected,artista,artista,1985,1,MLT_DB_07_2016
ex.312,p.125,Undirected,artista,artista,1985,1,MLT_DB_07_2016
ex.312,p.1160,Undirected,artista,artista,1985,1,MLT_DB_07_2016
ex.312,p.1401,Undirected,artista,artista,1985,1,MLT_DB_07_2016
ex.312,p.353,Undirected,artista,artista,1985,1,MLT_DB_07_2016
ex.312,p.2130,Undirected,artista,artista,1985,1,MLT_DB_07_2016
ex.312,p.162,Undirected,artista,artista,1985,1,MLT_DB_07_2016
ex.312,p.309,Undirected,artista,artista,1985,1,MLT_DB_07_2016
ex.312,p.2454,Undirected,artista,artista,1985,1,MLT_DB_07_2016
ex.312,p.1855,Undirected,artista,artista,1985,1,MLT_DB_07_2016
ex.312,p.1818,Undirected,artista,artista,1985,1,MLT_DB_07_2016
ex.312,p.1583,Undirected,artista,artista,1985,1,MLT_DB_07_2016
ex.312,p.465,Undirected,artista,artista,1985,1,MLT_DB_07_2016
ex.312,p.1407,Undirected,artista,artista,1985,1,MLT_DB_07_2016
ex.312,p.1076,Undirected,artista,artista,1985,1,MLT_DB_07_2016
ex.312,p.752,Undirected,artista,artista,1985,1,MLT_DB_07_2016
ex.312,p.105,Undirected,artista,artista,1985,1,MLT_DB_07_2016
ex.312,p.59,Undirected,artista,artista,1985,1,MLT_DB_07_2016
ex.312,p.691,Undirected,artista,artista,1985,1,MLT_DB_07_2016
ex.312,p.152,Undirected,artista,artista,1985,1,MLT_DB_07_2016
ex.312,p.269,Undirected,artista,artista,1985,1,MLT_DB_07_2016
ex.312,p.511,Undirected,artista,artista,1985,1,MLT_DB_07_2016
ex.312,p.215,Undirected,artista,artista,1985,1,MLT_DB_07_2016
ex.312,p.516,Undirected,artista,artista,1985,1,MLT_DB_07_2016
ex.312,p.89,Undirected,artista,artista,1985,1,MLT_DB_07_2016
ex.312,p.871,Undirected,artista,artista,1985,1,MLT_DB_07_2016
ex.312,p.163,Undirected,artista,artista,1985,1,MLT_DB_07_2016
ex.312,p.2104,Undirected,artista,artista,1985,1,MLT_DB_07_2016
ex.312,p.2286,Undirected,artista,artista,1985,1,MLT_DB_07_2016
ex.313,p.465,Undirected,artista,artista,1985,1,MLT_DB_07_2016
ex.313,p.59,Undirected,artista,artista,1985,1,MLT_DB_07_2016
ex.314,p.5,Undirected,artista,artista,1985,1,MLT_DB_07_2016
ex.315,p.14,Undirected,artista,artista,1985,1,MLT_DB_07_2016
ex.317,p.4,Undirected,artista,artista,1985,1,MLT_DB_07_2016
ex.317,p.7,Undirected,artista,artista,1985,1,MLT_DB_07_2016
ex.317,p.46,Undirected,artista,artista,1985,1,MLT_DB_07_2016
ex.317,p.17,Undirected,artista,artista,1985,1,MLT_DB_07_2016
ex.317,p.23,Undirected,artista,artista,1985,1,MLT_DB_07_2016
ex.317,p.1640,Undirected,artista,artista,1985,1,MLT_DB_07_2016
ex.317,p.44,Undirected,artista,artista,1985,1,MLT_DB_07_2016
ex.317,p.160,Undirected,artista,artista,1985,1,MLT_DB_07_2016
ex.317,p.5,Undirected,artista,artista,1985,1,MLT_DB_07_2016
ex.317,p.1907,Undirected,artista,artista,1985,1,MLT_DB_07_2016
ex.317,p.570,Undirected,artista,artista,1985,1,MLT_DB_07_2016
ex.317,p.14,Undirected,artista,artista,1985,1,MLT_DB_07_2016
ex.317,p.48,Undirected,artista,artista,1985,1,MLT_DB_07_2016
ex.317,o.19,Undirected,curador,curador,1985,1,MLT_DB_07_2016
ex.317,o.19,Undirected,apoyo,apoyo,1985,1,MLT_DB_07_2016
ex.319,p.517,Undirected,artista,artista,1986,1,MLT_DB_07_2016
ex.319,p.3211,Undirected,curador,curador,1986,1,MLT_DB_07_2016
ex.319,o.78,Undirected,apoyo,apoyo,1986,1,MLT_DB_07_2016
ex.320,p.94,Undirected,artista,artista,1986,1,MLT_DB_07_2016
ex.320,o.78,Undirected,apoyo,apoyo,1986,1,MLT_DB_07_2016
ex.321,p.3219,Undirected,curador,curador,1986,1,MLT_DB_07_2016
ex.322,p.89,Undirected,artista,artista,1986,1,MLT_DB_07_2016
ex.323,p.39,Undirected,artista,artista,1986,1,MLT_DB_07_2016
ex.324,p.39,Undirected,artista,artista,1986,1,MLT_DB_07_2016
ex.324,o.67,Undirected,apoyo,apoyo,1986,1,MLT_DB_07_2016
ex.325,p.50,Undirected,artista,artista,1986,1,MLT_DB_07_2016
ex.326,p.129,Undirected,artista,artista,1986,1,MLT_DB_07_2016
ex.326,o.78,Undirected,apoyo,apoyo,1986,1,MLT_DB_07_2016
ex.327,p.352,Undirected,artista,artista,1986,1,MLT_DB_07_2016
ex.328,p.129,Undirected,artista,artista,1986,1,MLT_DB_07_2016
ex.329,p.60,Undirected,artista,artista,1986,1,MLT_DB_07_2016
ex.809,p.35,Undirected,artista,artista,1986,1,MLT_DB_07_2016
ex.330,p.3219,Undirected,curador,curador,1986,1,MLT_DB_07_2016
ex.331,p.8,Undirected,artista,artista,1986,1,MLT_DB_07_2016
ex.331,p.9,Undirected,artista,artista,1986,1,MLT_DB_07_2016
ex.331,p.5,Undirected,artista,artista,1986,1,MLT_DB_07_2016
ex.331,p.62,Undirected,artista,artista,1986,1,MLT_DB_07_2016
ex.331,p.78,Undirected,artista,artista,1986,1,MLT_DB_07_2016
ex.331,p.95,Undirected,artista,artista,1986,1,MLT_DB_07_2016
ex.331,p.70,Undirected,artista,artista,1986,1,MLT_DB_07_2016
ex.331,o.290,Undirected,apoyo,apoyo,1986,1,MLT_DB_07_2016
ex.332,p.204,Undirected,artista,artista,1986,1,MLT_DB_07_2016
ex.332,p.1229,Undirected,artista,artista,1986,1,MLT_DB_07_2016
ex.332,p.54,Undirected,artista,artista,1986,1,MLT_DB_07_2016
ex.332,p.2113,Undirected,artista,artista,1986,1,MLT_DB_07_2016
ex.332,p.122,Undirected,artista,artista,1986,1,MLT_DB_07_2016
ex.332,p.2110,Undirected,artista,artista,1986,1,MLT_DB_07_2016
ex.332,p.1122,Undirected,artista,artista,1986,1,MLT_DB_07_2016
ex.332,p.29,Undirected,artista,artista,1986,1,MLT_DB_07_2016
ex.332,p.2078,Undirected,artista,artista,1986,1,MLT_DB_07_2016
ex.332,p.76,Undirected,artista,artista,1986,1,MLT_DB_07_2016
ex.332,p.1915,Undirected,artista,artista,1986,1,MLT_DB_07_2016
ex.332,p.887,Undirected,artista,artista,1986,1,MLT_DB_07_2016
ex.332,p.2514,Undirected,artista,artista,1986,1,MLT_DB_07_2016
ex.332,p.253,Undirected,artista,artista,1986,1,MLT_DB_07_2016
ex.332,p.1485,Undirected,artista,artista,1986,1,MLT_DB_07_2016
ex.332,p.2532,Undirected,artista,artista,1986,1,MLT_DB_07_2016
ex.332,p.1487,Undirected,artista,artista,1986,1,MLT_DB_07_2016
ex.332,p.1992,Undirected,artista,artista,1986,1,MLT_DB_07_2016
ex.332,p.1087,Undirected,artista,artista,1986,1,MLT_DB_07_2016
ex.332,p.2488,Undirected,artista,artista,1986,1,MLT_DB_07_2016
ex.332,p.2311,Undirected,artista,artista,1986,1,MLT_DB_07_2016
ex.332,p.596,Undirected,artista,artista,1986,1,MLT_DB_07_2016
ex.332,p.2455,Undirected,artista,artista,1986,1,MLT_DB_07_2016
ex.332,p.731,Undirected,artista,artista,1986,1,MLT_DB_07_2016
ex.332,p.1563,Undirected,artista,artista,1986,1,MLT_DB_07_2016
ex.332,p.923,Undirected,artista,artista,1986,1,MLT_DB_07_2016
ex.332,p.7,Undirected,artista,artista,1986,1,MLT_DB_07_2016
ex.332,p.50,Undirected,artista,artista,1986,1,MLT_DB_07_2016
ex.332,p.48,Undirected,artista,artista,1986,1,MLT_DB_07_2016
ex.332,p.547,Undirected,artista,artista,1986,1,MLT_DB_07_2016
ex.332,p.16,Undirected,artista,artista,1986,1,MLT_DB_07_2016
ex.332,p.22,Undirected,artista,artista,1986,1,MLT_DB_07_2016
ex.332,p.590,Undirected,artista,artista,1986,1,MLT_DB_07_2016
ex.332,p.1384,Undirected,artista,artista,1986,1,MLT_DB_07_2016
ex.332,p.60,Undirected,artista,artista,1986,1,MLT_DB_07_2016
ex.332,p.1985,Undirected,artista,artista,1986,1,MLT_DB_07_2016
ex.332,p.26,Undirected,artista,artista,1986,1,MLT_DB_07_2016
ex.332,p.9,Undirected,artista,artista,1986,1,MLT_DB_07_2016
ex.332,p.1157,Undirected,artista,artista,1986,1,MLT_DB_07_2016
ex.332,p.12,Undirected,artista,artista,1986,1,MLT_DB_07_2016
ex.332,p.174,Undirected,artista,artista,1986,1,MLT_DB_07_2016
ex.332,p.5,Undirected,artista,artista,1986,1,MLT_DB_07_2016
ex.332,p.2297,Undirected,artista,artista,1986,1,MLT_DB_07_2016
ex.332,p.1481,Undirected,artista,artista,1986,1,MLT_DB_07_2016
ex.332,p.14,Undirected,artista,artista,1986,1,MLT_DB_07_2016
ex.332,p.162,Undirected,artista,artista,1986,1,MLT_DB_07_2016
ex.332,p.104,Undirected,artista,artista,1986,1,MLT_DB_07_2016
ex.332,p.1348,Undirected,artista,artista,1986,1,MLT_DB_07_2016
ex.332,p.4,Undirected,artista,artista,1986,1,MLT_DB_07_2016
ex.332,p.1693,Undirected,artista,artista,1986,1,MLT_DB_07_2016
ex.332,p.43,Undirected,artista,artista,1986,1,MLT_DB_07_2016
ex.332,p.629,Undirected,artista,artista,1986,1,MLT_DB_07_2016
ex.332,p.17,Undirected,artista,artista,1986,1,MLT_DB_07_2016
ex.332,p.215,Undirected,artista,artista,1986,1,MLT_DB_07_2016
ex.332,p.79,Undirected,artista,artista,1986,1,MLT_DB_07_2016
ex.332,p.13,Undirected,artista,artista,1986,1,MLT_DB_07_2016
ex.332,p.157,Undirected,artista,artista,1986,1,MLT_DB_07_2016
ex.332,p.898,Undirected,artista,artista,1986,1,MLT_DB_07_2016
ex.332,p.650,Undirected,artista,artista,1986,1,MLT_DB_07_2016
ex.332,p.548,Undirected,artista,artista,1986,1,MLT_DB_07_2016
ex.332,p.1338,Undirected,artista,artista,1986,1,MLT_DB_07_2016
ex.332,p.38,Undirected,artista,artista,1986,1,MLT_DB_07_2016
ex.332,p.196,Undirected,artista,artista,1986,1,MLT_DB_07_2016
ex.332,p.49,Undirected,artista,artista,1986,1,MLT_DB_07_2016
ex.332,p.636,Undirected,artista,artista,1986,1,MLT_DB_07_2016
ex.332,p.2491,Undirected,artista,artista,1986,1,MLT_DB_07_2016
ex.332,p.1036,Undirected,artista,artista,1986,1,MLT_DB_07_2016
ex.332,p.2045,Undirected,artista,artista,1986,1,MLT_DB_07_2016
ex.332,p.2289,Undirected,artista,artista,1986,1,MLT_DB_07_2016
ex.332,p.1696,Undirected,artista,artista,1986,1,MLT_DB_07_2016
ex.332,p.2141,Undirected,artista,artista,1986,1,MLT_DB_07_2016
ex.332,p.1247,Undirected,artista,artista,1986,1,MLT_DB_07_2016
ex.332,p.1198,Undirected,artista,artista,1986,1,MLT_DB_07_2016
ex.332,p.1023,Undirected,artista,artista,1986,1,MLT_DB_07_2016
ex.332,p.1817,Undirected,artista,artista,1986,1,MLT_DB_07_2016
ex.332,p.1057,Undirected,artista,artista,1986,1,MLT_DB_07_2016
ex.332,p.500,Undirected,artista,artista,1986,1,MLT_DB_07_2016
ex.332,p.479,Undirected,artista,artista,1986,1,MLT_DB_07_2016
ex.332,p.605,Undirected,artista,artista,1986,1,MLT_DB_07_2016
ex.332,p.2195,Undirected,artista,artista,1986,1,MLT_DB_07_2016
ex.332,p.473,Undirected,artista,artista,1986,1,MLT_DB_07_2016
ex.332,p.1319,Undirected,artista,artista,1986,1,MLT_DB_07_2016
ex.332,p.692,Undirected,artista,artista,1986,1,MLT_DB_07_2016
ex.332,p.109,Undirected,artista,artista,1986,1,MLT_DB_07_2016
ex.332,p.1841,Undirected,artista,artista,1986,1,MLT_DB_07_2016
ex.332,p.1832,Undirected,artista,artista,1986,1,MLT_DB_07_2016
ex.332,p.1966,Undirected,artista,artista,1986,1,MLT_DB_07_2016
ex.332,p.2400,Undirected,artista,artista,1986,1,MLT_DB_07_2016
ex.332,p.813,Undirected,artista,artista,1986,1,MLT_DB_07_2016
ex.332,p.915,Undirected,artista,artista,1986,1,MLT_DB_07_2016
ex.332,p.56,Undirected,artista,artista,1986,1,MLT_DB_07_2016
ex.332,p.106,Undirected,artista,artista,1986,1,MLT_DB_07_2016
ex.332,p.1808,Undirected,artista,artista,1986,1,MLT_DB_07_2016
ex.332,p.434,Undirected,artista,artista,1986,1,MLT_DB_07_2016
ex.332,p.1685,Undirected,artista,artista,1986,1,MLT_DB_07_2016
ex.332,p.2415,Undirected,artista,artista,1986,1,MLT_DB_07_2016
ex.332,p.1408,Undirected,artista,artista,1986,1,MLT_DB_07_2016
ex.332,p.1413,Undirected,artista,artista,1986,1,MLT_DB_07_2016
ex.332,p.1225,Undirected,artista,artista,1986,1,MLT_DB_07_2016
ex.332,p.135,Undirected,artista,artista,1986,1,MLT_DB_07_2016
ex.332,p.2037,Undirected,artista,artista,1986,1,MLT_DB_07_2016
ex.332,p.1825,Undirected,artista,artista,1986,1,MLT_DB_07_2016
ex.332,p.929,Undirected,artista,artista,1986,1,MLT_DB_07_2016
ex.332,p.2126,Undirected,artista,artista,1986,1,MLT_DB_07_2016
ex.332,p.532,Undirected,artista,artista,1986,1,MLT_DB_07_2016
ex.332,p.2273,Undirected,artista,artista,1986,1,MLT_DB_07_2016
ex.332,p.1343,Undirected,artista,artista,1986,1,MLT_DB_07_2016
ex.332,p.869,Undirected,artista,artista,1986,1,MLT_DB_07_2016
ex.332,p.1150,Undirected,artista,artista,1986,1,MLT_DB_07_2016
ex.332,p.350,Undirected,artista,artista,1986,1,MLT_DB_07_2016
ex.332,p.2496,Undirected,artista,artista,1986,1,MLT_DB_07_2016
ex.332,p.119,Undirected,artista,artista,1986,1,MLT_DB_07_2016
ex.332,p.1450,Undirected,artista,artista,1986,1,MLT_DB_07_2016
ex.332,p.2391,Undirected,artista,artista,1986,1,MLT_DB_07_2016
ex.332,p.2204,Undirected,artista,artista,1986,1,MLT_DB_07_2016
ex.332,p.961,Undirected,artista,artista,1986,1,MLT_DB_07_2016
ex.332,p.276,Undirected,artista,artista,1986,1,MLT_DB_07_2016
ex.332,p.760,Undirected,artista,artista,1986,1,MLT_DB_07_2016
ex.332,p.1612,Undirected,artista,artista,1986,1,MLT_DB_07_2016
ex.332,p.45,Undirected,artista,artista,1986,1,MLT_DB_07_2016
ex.332,p.2117,Undirected,artista,artista,1986,1,MLT_DB_07_2016
ex.332,p.2308,Undirected,artista,artista,1986,1,MLT_DB_07_2016
ex.332,p.65,Undirected,artista,artista,1986,1,MLT_DB_07_2016
ex.332,p.2484,Undirected,artista,artista,1986,1,MLT_DB_07_2016
ex.332,p.2443,Undirected,artista,artista,1986,1,MLT_DB_07_2016
ex.332,p.381,Undirected,artista,artista,1986,1,MLT_DB_07_2016
ex.332,p.797,Undirected,artista,artista,1986,1,MLT_DB_07_2016
ex.332,p.1108,Undirected,artista,artista,1986,1,MLT_DB_07_2016
ex.332,p.53,Undirected,artista,artista,1986,1,MLT_DB_07_2016
ex.332,p.2087,Undirected,artista,artista,1986,1,MLT_DB_07_2016
ex.332,p.754,Undirected,artista,artista,1986,1,MLT_DB_07_2016
ex.332,p.1807,Undirected,artista,artista,1986,1,MLT_DB_07_2016
ex.332,p.1352,Undirected,artista,artista,1986,1,MLT_DB_07_2016
ex.332,p.1210,Undirected,artista,artista,1986,1,MLT_DB_07_2016
ex.332,p.1382,Undirected,artista,artista,1986,1,MLT_DB_07_2016
ex.332,p.2384,Undirected,artista,artista,1986,1,MLT_DB_07_2016
ex.332,p.307,Undirected,artista,artista,1986,1,MLT_DB_07_2016
ex.332,p.2155,Undirected,artista,artista,1986,1,MLT_DB_07_2016
ex.332,p.1356,Undirected,artista,artista,1986,1,MLT_DB_07_2016
ex.332,p.1233,Undirected,artista,artista,1986,1,MLT_DB_07_2016
ex.332,p.442,Undirected,artista,artista,1986,1,MLT_DB_07_2016
ex.332,p.2334,Undirected,artista,artista,1986,1,MLT_DB_07_2016
ex.332,p.1388,Undirected,artista,artista,1986,1,MLT_DB_07_2016
ex.332,p.1216,Undirected,artista,artista,1986,1,MLT_DB_07_2016
ex.332,p.1244,Undirected,artista,artista,1986,1,MLT_DB_07_2016
ex.332,p.2304,Undirected,artista,artista,1986,1,MLT_DB_07_2016
ex.332,p.2184,Undirected,artista,artista,1986,1,MLT_DB_07_2016
ex.332,p.1218,Undirected,artista,artista,1986,1,MLT_DB_07_2016
ex.332,p.1886,Undirected,artista,artista,1986,1,MLT_DB_07_2016
ex.332,o.88,Undirected,apoyo,apoyo,1986,1,MLT_DB_07_2016
ex.336,p.444,Undirected,artista,artista,1987,1,MLT_DB_07_2016
ex.336,o.165,Undirected,apoyo,apoyo,1987,1,MLT_DB_07_2016
ex.333,p.35,Undirected,artista,artista,1987,1,MLT_DB_07_2016
ex.333,p.211,Undirected,artista,artista,1987,1,MLT_DB_07_2016
ex.333,p.137,Undirected,artista,artista,1987,1,MLT_DB_07_2016
ex.333,p.570,Undirected,artista,artista,1987,1,MLT_DB_07_2016
ex.333,p.562,Undirected,artista,artista,1987,1,MLT_DB_07_2016
ex.333,p.629,Undirected,artista,artista,1987,1,MLT_DB_07_2016
ex.333,p.13,Undirected,artista,artista,1987,1,MLT_DB_07_2016
ex.333,o.68,Undirected,apoyo,apoyo,1987,1,MLT_DB_07_2016
ex.334,p.547,Undirected,artista,artista,1987,1,MLT_DB_07_2016
ex.338,p.41,Undirected,artista,artista,1987,1,MLT_DB_07_2016
ex.338,o.51,Undirected,apoyo,apoyo,1987,1,MLT_DB_07_2016
ex.337,p.54,Undirected,artista,artista,1987,1,MLT_DB_07_2016
ex.339,p.29,Undirected,artista,artista,1987,1,MLT_DB_07_2016
ex.340,p.2222,Undirected,artista,artista,1987,1,MLT_DB_07_2016
ex.340,p.3219,Undirected,curador,curador,1987,1,MLT_DB_07_2016
ex.340,o.354,Undirected,apoyo,apoyo,1987,1,MLT_DB_07_2016
ex.341,p.59,Undirected,artista,artista,1987,1,MLT_DB_07_2016
ex.341,p.2057,Undirected,artista,artista,1987,1,MLT_DB_07_2016
ex.341,p.110,Undirected,artista,artista,1987,1,MLT_DB_07_2016
ex.341,p.351,Undirected,artista,artista,1987,1,MLT_DB_07_2016
ex.341,p.832,Undirected,artista,artista,1987,1,MLT_DB_07_2016
ex.341,o.354,Undirected,apoyo,apoyo,1987,1,MLT_DB_07_2016
ex.342,p.16,Undirected,artista,artista,1987,1,MLT_DB_07_2016
ex.344,p.3219,Undirected,curador,curador,1987,1,MLT_DB_07_2016
ex.343,p.1883,Undirected,artista,artista,1987,1,MLT_DB_07_2016
ex.343,p.3169,Undirected,curador,curador,1987,1,MLT_DB_07_2016
ex.343,o.78,Undirected,apoyo,apoyo,1987,1,MLT_DB_07_2016
ex.345,p.13,Undirected,artista,artista,1987,1,MLT_DB_07_2016
ex.346,p.122,Undirected,artista,artista,1987,1,MLT_DB_07_2016
ex.347,p.242,Undirected,artista,artista,1987,1,MLT_DB_07_2016
ex.348,p.570,Undirected,artista,artista,1987,1,MLT_DB_07_2016
ex.350,p.231,Undirected,artista,artista,1987,1,MLT_DB_07_2016
ex.349,p.2077,Undirected,artista,artista,1987,1,MLT_DB_07_2016
ex.349,p.65,Undirected,artista,artista,1987,1,MLT_DB_07_2016
ex.349,p.76,Undirected,artista,artista,1987,1,MLT_DB_07_2016
ex.349,p.544,Undirected,artista,artista,1987,1,MLT_DB_07_2016
ex.349,p.3169,Undirected,curador,curador,1987,1,MLT_DB_07_2016
ex.349,o.78,Undirected,apoyo,apoyo,1987,1,MLT_DB_07_2016
ex.351,p.30,Undirected,artista,artista,1987,1,MLT_DB_07_2016
ex.351,o.232,Undirected,apoyo,apoyo,1987,1,MLT_DB_07_2016
ex.353,p.497,Undirected,artista,artista,1987,1,MLT_DB_07_2016
ex.353,p.675,Undirected,artista,artista,1987,1,MLT_DB_07_2016
ex.353,p.536,Undirected,artista,artista,1987,1,MLT_DB_07_2016
ex.353,p.305,Undirected,artista,artista,1987,1,MLT_DB_07_2016
ex.353,p.152,Undirected,artista,artista,1987,1,MLT_DB_07_2016
ex.353,p.483,Undirected,artista,artista,1987,1,MLT_DB_07_2016
ex.353,p.689,Undirected,artista,artista,1987,1,MLT_DB_07_2016
ex.353,p.306,Undirected,artista,artista,1987,1,MLT_DB_07_2016
ex.353,p.235,Undirected,artista,artista,1987,1,MLT_DB_07_2016
ex.353,p.163,Undirected,artista,artista,1987,1,MLT_DB_07_2016
ex.353,p.215,Undirected,artista,artista,1987,1,MLT_DB_07_2016
ex.353,p.139,Undirected,artista,artista,1987,1,MLT_DB_07_2016
ex.353,p.590,Undirected,artista,artista,1987,1,MLT_DB_07_2016
ex.353,p.440,Undirected,artista,artista,1987,1,MLT_DB_07_2016
ex.353,p.2403,Undirected,artista,artista,1987,1,MLT_DB_07_2016
ex.353,o.88,Undirected,apoyo,apoyo,1987,1,MLT_DB_07_2016
ex.354,p.642,Undirected,artista,artista,1988,1,MLT_DB_07_2016
ex.354,p.201,Undirected,artista,artista,1988,1,MLT_DB_07_2016
ex.354,p.199,Undirected,artista,artista,1988,1,MLT_DB_07_2016
ex.354,p.1159,Undirected,artista,artista,1988,1,MLT_DB_07_2016
ex.354,p.88,Undirected,artista,artista,1988,1,MLT_DB_07_2016
ex.354,p.29,Undirected,artista,artista,1988,1,MLT_DB_07_2016
ex.354,p.140,Undirected,artista,artista,1988,1,MLT_DB_07_2016
ex.354,p.129,Undirected,artista,artista,1988,1,MLT_DB_07_2016
ex.354,p.596,Undirected,artista,artista,1988,1,MLT_DB_07_2016
ex.354,p.232,Undirected,artista,artista,1988,1,MLT_DB_07_2016
ex.354,p.32,Undirected,artista,artista,1988,1,MLT_DB_07_2016
ex.354,p.115,Undirected,artista,artista,1988,1,MLT_DB_07_2016
ex.354,p.2481,Undirected,artista,artista,1988,1,MLT_DB_07_2016
ex.354,p.30,Undirected,artista,artista,1988,1,MLT_DB_07_2016
ex.354,p.73,Undirected,artista,artista,1988,1,MLT_DB_07_2016
ex.354,p.22,Undirected,artista,artista,1988,1,MLT_DB_07_2016
ex.354,p.9,Undirected,artista,artista,1988,1,MLT_DB_07_2016
ex.354,p.12,Undirected,artista,artista,1988,1,MLT_DB_07_2016
ex.354,p.24,Undirected,artista,artista,1988,1,MLT_DB_07_2016
ex.354,p.2,Undirected,artista,artista,1988,1,MLT_DB_07_2016
ex.354,p.4,Undirected,artista,artista,1988,1,MLT_DB_07_2016
ex.354,p.40,Undirected,artista,artista,1988,1,MLT_DB_07_2016
ex.354,p.127,Undirected,artista,artista,1988,1,MLT_DB_07_2016
ex.354,p.50,Undirected,artista,artista,1988,1,MLT_DB_07_2016
ex.354,p.162,Undirected,artista,artista,1988,1,MLT_DB_07_2016
ex.354,p.242,Undirected,artista,artista,1988,1,MLT_DB_07_2016
ex.354,p.3219,Undirected,curador,curador,1988,1,MLT_DB_07_2016
ex.355,p.3219,Undirected,curador,curador,1988,1,MLT_DB_07_2016
ex.356,p.103,Undirected,artista,artista,1988,1,MLT_DB_07_2016
ex.352,p.162,Undirected,artista,artista,1988,1,MLT_DB_07_2016
ex.352,o.318,Undirected,apoyo,apoyo,1988,1,MLT_DB_07_2016
ex.357,p.48,Undirected,artista,artista,1988,1,MLT_DB_07_2016
ex.358,p.44,Undirected,artista,artista,1988,1,MLT_DB_07_2016
ex.359,p.1454,Undirected,artista,artista,1988,1,MLT_DB_07_2016
ex.359,p.2226,Undirected,artista,artista,1988,1,MLT_DB_07_2016
ex.359,p.1470,Undirected,artista,artista,1988,1,MLT_DB_07_2016
ex.359,p.2020,Undirected,artista,artista,1988,1,MLT_DB_07_2016
ex.359,p.1512,Undirected,artista,artista,1988,1,MLT_DB_07_2016
ex.359,p.1263,Undirected,artista,artista,1988,1,MLT_DB_07_2016
ex.359,p.825,Undirected,artista,artista,1988,1,MLT_DB_07_2016
ex.359,p.1835,Undirected,artista,artista,1988,1,MLT_DB_07_2016
ex.359,p.2196,Undirected,artista,artista,1988,1,MLT_DB_07_2016
ex.359,p.1363,Undirected,artista,artista,1988,1,MLT_DB_07_2016
ex.359,p.1314,Undirected,artista,artista,1988,1,MLT_DB_07_2016
ex.359,p.1097,Undirected,artista,artista,1988,1,MLT_DB_07_2016
ex.359,p.2238,Undirected,artista,artista,1988,1,MLT_DB_07_2016
ex.359,p.856,Undirected,artista,artista,1988,1,MLT_DB_07_2016
ex.359,o.175,Undirected,apoyo,apoyo,1988,1,MLT_DB_07_2016
ex.360,p.77,Undirected,artista,artista,1988,1,MLT_DB_07_2016
ex.360,p.3219,Undirected,curador,curador,1988,1,MLT_DB_07_2016
ex.362,p.2,Undirected,artista,artista,1988,1,MLT_DB_07_2016
ex.362,p.12,Undirected,artista,artista,1988,1,MLT_DB_07_2016
ex.362,p.35,Undirected,artista,artista,1988,1,MLT_DB_07_2016
ex.362,p.40,Undirected,artista,artista,1988,1,MLT_DB_07_2016
ex.362,p.22,Undirected,artista,artista,1988,1,MLT_DB_07_2016
ex.362,p.9,Undirected,artista,artista,1988,1,MLT_DB_07_2016
ex.362,p.16,Undirected,artista,artista,1988,1,MLT_DB_07_2016
ex.362,p.7,Undirected,artista,artista,1988,1,MLT_DB_07_2016
ex.362,p.3219,Undirected,curador,curador,1988,1,MLT_DB_07_2016
ex.361,p.578,Undirected,artista,artista,1988,1,MLT_DB_07_2016
ex.361,p.3219,Undirected,curador,curador,1988,1,MLT_DB_07_2016
ex.361,o.354,Undirected,apoyo,apoyo,1988,1,MLT_DB_07_2016
ex.363,p.223,Undirected,artista,artista,1988,1,MLT_DB_07_2016
ex.365,p.3177,Undirected,curador,curador,1988,1,MLT_DB_07_2016
ex.364,p.93,Undirected,artista,artista,1988,1,MLT_DB_07_2016
ex.364,o.229,Undirected,apoyo,apoyo,1988,1,MLT_DB_07_2016
ex.364,o.233,Undirected,apoyo,apoyo,1988,1,MLT_DB_07_2016
ex.366,p.192,Undirected,artista,artista,1988,1,MLT_DB_07_2016
ex.369,p.1566,Undirected,artista,artista,1988,1,MLT_DB_07_2016
ex.369,o.17,Undirected,curador,curador,1988,1,MLT_DB_07_2016
ex.369,o.162,Undirected,apoyo,apoyo,1988,1,MLT_DB_07_2016
ex.370,p.68,Undirected,artista,artista,1988,1,MLT_DB_07_2016
ex.370,p.3219,Undirected,curador,curador,1988,1,MLT_DB_07_2016
ex.371,p.20,Undirected,artista,artista,1988,1,MLT_DB_07_2016
ex.372,p.181,Undirected,artista,artista,1988,1,MLT_DB_07_2016
ex.372,p.196,Undirected,artista,artista,1988,1,MLT_DB_07_2016
ex.372,p.854,Undirected,artista,artista,1988,1,MLT_DB_07_2016
ex.372,p.55,Undirected,artista,artista,1988,1,MLT_DB_07_2016
ex.372,p.49,Undirected,artista,artista,1988,1,MLT_DB_07_2016
ex.372,p.1013,Undirected,artista,artista,1988,1,MLT_DB_07_2016
ex.372,p.617,Undirected,artista,artista,1988,1,MLT_DB_07_2016
ex.372,p.515,Undirected,artista,artista,1988,1,MLT_DB_07_2016
ex.372,p.893,Undirected,artista,artista,1988,1,MLT_DB_07_2016
ex.372,p.2045,Undirected,artista,artista,1988,1,MLT_DB_07_2016
ex.372,p.3151,Undirected,curador,curador,1988,1,MLT_DB_07_2016
ex.372,o.78,Undirected,apoyo,apoyo,1988,1,MLT_DB_07_2016
ex.372,o.224,Undirected,apoyo,apoyo,1988,1,MLT_DB_07_2016
ex.372,o.231,Undirected,apoyo,apoyo,1988,1,MLT_DB_07_2016
ex.372,o.222,Undirected,apoyo,apoyo,1988,1,MLT_DB_07_2016
ex.373,p.25,Undirected,artista,artista,1988,1,MLT_DB_07_2016
ex.374,p.1527,Undirected,artista,artista,1988,1,MLT_DB_07_2016
ex.374,p.3219,Undirected,curador,curador,1988,1,MLT_DB_07_2016
ex.375,p.285,Undirected,artista,artista,1988,1,MLT_DB_07_2016
ex.376,o.275,Undirected,apoyo,apoyo,1988,1,MLT_DB_07_2016
ex.376,o.168,Undirected,apoyo,apoyo,1988,1,MLT_DB_07_2016
ex.377,p.11,Undirected,artista,artista,1988,1,MLT_DB_07_2016
ex.377,p.189,Undirected,artista,artista,1988,1,MLT_DB_07_2016
ex.377,p.332,Undirected,artista,artista,1988,1,MLT_DB_07_2016
ex.377,p.586,Undirected,artista,artista,1988,1,MLT_DB_07_2016
ex.377,p.702,Undirected,artista,artista,1988,1,MLT_DB_07_2016
ex.377,p.59,Undirected,artista,artista,1988,1,MLT_DB_07_2016
ex.377,p.50,Undirected,artista,artista,1988,1,MLT_DB_07_2016
ex.377,p.110,Undirected,artista,artista,1988,1,MLT_DB_07_2016
ex.377,p.2096,Undirected,artista,artista,1988,1,MLT_DB_07_2016
ex.377,p.679,Undirected,artista,artista,1988,1,MLT_DB_07_2016
ex.377,p.1919,Undirected,artista,artista,1988,1,MLT_DB_07_2016
ex.377,p.2464,Undirected,artista,artista,1988,1,MLT_DB_07_2016
ex.377,p.421,Undirected,artista,artista,1988,1,MLT_DB_07_2016
ex.377,p.1409,Undirected,artista,artista,1988,1,MLT_DB_07_2016
ex.377,p.668,Undirected,artista,artista,1988,1,MLT_DB_07_2016
ex.377,p.77,Undirected,artista,artista,1988,1,MLT_DB_07_2016
ex.377,p.554,Undirected,artista,artista,1988,1,MLT_DB_07_2016
ex.378,o.383,Undirected,apoyo,apoyo,1988,1,MLT_DB_07_2016
ex.378,o.354,Undirected,apoyo,apoyo,1988,1,MLT_DB_07_2016
ex.379,p.5,Undirected,artista,artista,1988,1,MLT_DB_07_2016
ex.380,p.197,Undirected,artista,artista,1989,1,MLT_DB_07_2016
ex.380,p.277,Undirected,artista,artista,1989,1,MLT_DB_07_2016
ex.381,p.8,Undirected,artista,artista,1989,1,MLT_DB_07_2016
ex.381,p.322,Undirected,artista,artista,1989,1,MLT_DB_07_2016
ex.381,p.193,Undirected,artista,artista,1989,1,MLT_DB_07_2016
ex.381,p.605,Undirected,artista,artista,1989,1,MLT_DB_07_2016
ex.381,p.10,Undirected,artista,artista,1989,1,MLT_DB_07_2016
ex.381,p.49,Undirected,artista,artista,1989,1,MLT_DB_07_2016
ex.381,p.31,Undirected,artista,artista,1989,1,MLT_DB_07_2016
ex.381,p.1607,Undirected,artista,artista,1989,1,MLT_DB_07_2016
ex.381,p.9,Undirected,artista,artista,1989,1,MLT_DB_07_2016
ex.381,p.351,Undirected,artista,artista,1989,1,MLT_DB_07_2016
ex.381,p.108,Undirected,artista,artista,1989,1,MLT_DB_07_2016
ex.381,p.110,Undirected,artista,artista,1989,1,MLT_DB_07_2016
ex.381,p.231,Undirected,artista,artista,1989,1,MLT_DB_07_2016
ex.381,p.275,Undirected,artista,artista,1989,1,MLT_DB_07_2016
ex.381,p.645,Undirected,artista,artista,1989,1,MLT_DB_07_2016
ex.381,p.216,Undirected,artista,artista,1989,1,MLT_DB_07_2016
ex.381,p.42,Undirected,artista,artista,1989,1,MLT_DB_07_2016
ex.381,p.94,Undirected,artista,artista,1989,1,MLT_DB_07_2016
ex.381,p.123,Undirected,artista,artista,1989,1,MLT_DB_07_2016
ex.381,p.945,Undirected,artista,artista,1989,1,MLT_DB_07_2016
ex.381,p.14,Undirected,artista,artista,1989,1,MLT_DB_07_2016
ex.381,p.832,Undirected,artista,artista,1989,1,MLT_DB_07_2016
ex.381,p.29,Undirected,artista,artista,1989,1,MLT_DB_07_2016
ex.381,p.465,Undirected,artista,artista,1989,1,MLT_DB_07_2016
ex.381,p.291,Undirected,artista,artista,1989,1,MLT_DB_07_2016
ex.381,p.364,Undirected,artista,artista,1989,1,MLT_DB_07_2016
ex.381,p.43,Undirected,artista,artista,1989,1,MLT_DB_07_2016
ex.381,p.59,Undirected,artista,artista,1989,1,MLT_DB_07_2016
ex.381,p.563,Undirected,artista,artista,1989,1,MLT_DB_07_2016
ex.381,p.238,Undirected,artista,artista,1989,1,MLT_DB_07_2016
ex.381,p.3219,Undirected,curador,curador,1989,1,MLT_DB_07_2016
ex.382,p.620,Undirected,artista,artista,1989,1,MLT_DB_07_2016
ex.382,p.1483,Undirected,artista,artista,1989,1,MLT_DB_07_2016
ex.382,p.484,Undirected,artista,artista,1989,1,MLT_DB_07_2016
ex.382,p.3219,Undirected,curador,curador,1989,1,MLT_DB_07_2016
ex.382,o.402,Undirected,apoyo,apoyo,1989,1,MLT_DB_07_2016
ex.383,p.1985,Undirected,artista,artista,1989,1,MLT_DB_07_2016
ex.383,p.3207,Undirected,curador,curador,1989,1,MLT_DB_07_2016
ex.383,p.3152,Undirected,curador,curador,1989,1,MLT_DB_07_2016
ex.383,o.339,Undirected,apoyo,apoyo,1989,1,MLT_DB_07_2016
ex.383,o.354,Undirected,apoyo,apoyo,1989,1,MLT_DB_07_2016
ex.384,p.152,Undirected,artista,artista,1989,1,MLT_DB_07_2016
ex.385,p.97,Undirected,artista,artista,1989,1,MLT_DB_07_2016
ex.386,p.208,Undirected,artista,artista,1989,1,MLT_DB_07_2016
ex.386,p.105,Undirected,artista,artista,1989,1,MLT_DB_07_2016
ex.386,p.214,Undirected,artista,artista,1989,1,MLT_DB_07_2016
ex.386,p.269,Undirected,artista,artista,1989,1,MLT_DB_07_2016
ex.386,p.404,Undirected,artista,artista,1989,1,MLT_DB_07_2016
ex.386,p.3219,Undirected,curador,curador,1989,1,MLT_DB_07_2016
ex.387,p.3219,Undirected,curador,curador,1989,1,MLT_DB_07_2016
ex.388,p.110,Undirected,artista,artista,1989,1,MLT_DB_07_2016
ex.388,p.3219,Undirected,curador,curador,1989,1,MLT_DB_07_2016
ex.389,p.24,Undirected,artista,artista,1989,1,MLT_DB_07_2016
ex.389,o.281,Undirected,apoyo,apoyo,1989,1,MLT_DB_07_2016
ex.390,p.116,Undirected,artista,artista,1989,1,MLT_DB_07_2016
ex.390,p.3219,Undirected,curador,curador,1989,1,MLT_DB_07_2016
ex.390,o.354,Undirected,apoyo,apoyo,1989,1,MLT_DB_07_2016
ex.391,p.1294,Undirected,artista,artista,1989,1,MLT_DB_07_2016
ex.391,p.3219,Undirected,curador,curador,1989,1,MLT_DB_07_2016
ex.391,o.28,Undirected,apoyo,apoyo,1989,1,MLT_DB_07_2016
ex.391,o.354,Undirected,apoyo,apoyo,1989,1,MLT_DB_07_2016
ex.392,p.216,Undirected,artista,artista,1989,1,MLT_DB_07_2016
ex.392,p.3219,Undirected,curador,curador,1989,1,MLT_DB_07_2016
ex.393,p.17,Undirected,artista,artista,1989,1,MLT_DB_07_2016
ex.393,p.1286,Undirected,artista,artista,1989,1,MLT_DB_07_2016
ex.393,p.3219,Undirected,curador,curador,1989,1,MLT_DB_07_2016
ex.394,p.637,Undirected,artista,artista,1989,1,MLT_DB_07_2016
ex.394,p.3219,Undirected,curador,curador,1989,1,MLT_DB_07_2016
ex.397,p.204,Undirected,artista,artista,1989,1,MLT_DB_07_2016
ex.397,p.25,Undirected,artista,artista,1989,1,MLT_DB_07_2016
ex.395,p.72,Undirected,artista,artista,1989,1,MLT_DB_07_2016
ex.395,p.154,Undirected,artista,artista,1989,1,MLT_DB_07_2016
ex.395,p.581,Undirected,artista,artista,1989,1,MLT_DB_07_2016
ex.395,p.642,Undirected,artista,artista,1989,1,MLT_DB_07_2016
ex.395,p.88,Undirected,artista,artista,1989,1,MLT_DB_07_2016
ex.395,p.199,Undirected,artista,artista,1989,1,MLT_DB_07_2016
ex.395,p.535,Undirected,artista,artista,1989,1,MLT_DB_07_2016
ex.395,p.115,Undirected,artista,artista,1989,1,MLT_DB_07_2016
ex.395,p.32,Undirected,artista,artista,1989,1,MLT_DB_07_2016
ex.395,p.44,Undirected,artista,artista,1989,1,MLT_DB_07_2016
ex.395,p.108,Undirected,artista,artista,1989,1,MLT_DB_07_2016
ex.395,p.68,Undirected,artista,artista,1989,1,MLT_DB_07_2016
ex.395,p.41,Undirected,artista,artista,1989,1,MLT_DB_07_2016
ex.395,p.40,Undirected,artista,artista,1989,1,MLT_DB_07_2016
ex.395,p.140,Undirected,artista,artista,1989,1,MLT_DB_07_2016
ex.395,p.3219,Undirected,curador,curador,1989,1,MLT_DB_07_2016
ex.398,p.45,Undirected,artista,artista,1989,1,MLT_DB_07_2016
ex.398,p.11,Undirected,artista,artista,1989,1,MLT_DB_07_2016
ex.398,p.106,Undirected,artista,artista,1989,1,MLT_DB_07_2016
ex.398,p.49,Undirected,artista,artista,1989,1,MLT_DB_07_2016
ex.398,p.19,Undirected,artista,artista,1989,1,MLT_DB_07_2016
ex.398,p.1386,Undirected,artista,artista,1989,1,MLT_DB_07_2016
ex.398,p.142,Undirected,artista,artista,1989,1,MLT_DB_07_2016
ex.398,p.29,Undirected,artista,artista,1989,1,MLT_DB_07_2016
ex.398,p.579,Undirected,artista,artista,1989,1,MLT_DB_07_2016
ex.398,p.71,Undirected,artista,artista,1989,1,MLT_DB_07_2016
ex.399,p.163,Undirected,artista,artista,1989,1,MLT_DB_07_2016
ex.399,p.3227,Undirected,curador,curador,1989,1,MLT_DB_07_2016
ex.400,p.148,Undirected,artista,artista,1989,1,MLT_DB_07_2016
ex.400,p.600,Undirected,artista,artista,1989,1,MLT_DB_07_2016
ex.400,p.3219,Undirected,curador,curador,1989,1,MLT_DB_07_2016
ex.401,p.2487,Undirected,artista,artista,1989,1,MLT_DB_07_2016
ex.401,o.91,Undirected,apoyo,apoyo,1989,1,MLT_DB_07_2016
ex.402,p.324,Undirected,artista,artista,1989,1,MLT_DB_07_2016
ex.402,p.1705,Undirected,artista,artista,1989,1,MLT_DB_07_2016
ex.402,p.1706,Undirected,artista,artista,1989,1,MLT_DB_07_2016
ex.402,p.7,Undirected,artista,artista,1989,1,MLT_DB_07_2016
ex.402,p.2154,Undirected,artista,artista,1989,1,MLT_DB_07_2016
ex.402,p.1707,Undirected,artista,artista,1989,1,MLT_DB_07_2016
ex.402,p.186,Undirected,artista,artista,1989,1,MLT_DB_07_2016
ex.402,p.2481,Undirected,artista,artista,1989,1,MLT_DB_07_2016
ex.402,p.2451,Undirected,artista,artista,1989,1,MLT_DB_07_2016
ex.402,p.1395,Undirected,artista,artista,1989,1,MLT_DB_07_2016
ex.402,p.1906,Undirected,artista,artista,1989,1,MLT_DB_07_2016
ex.402,p.870,Undirected,artista,artista,1989,1,MLT_DB_07_2016
ex.402,p.1192,Undirected,artista,artista,1989,1,MLT_DB_07_2016
ex.402,p.233,Undirected,artista,artista,1989,1,MLT_DB_07_2016
ex.402,p.2442,Undirected,artista,artista,1989,1,MLT_DB_07_2016
ex.402,p.820,Undirected,artista,artista,1989,1,MLT_DB_07_2016
ex.402,p.771,Undirected,artista,artista,1989,1,MLT_DB_07_2016
ex.402,p.200,Undirected,artista,artista,1989,1,MLT_DB_07_2016
ex.402,p.547,Undirected,artista,artista,1989,1,MLT_DB_07_2016
ex.402,p.592,Undirected,artista,artista,1989,1,MLT_DB_07_2016
ex.402,p.1049,Undirected,artista,artista,1989,1,MLT_DB_07_2016
ex.402,p.2452,Undirected,artista,artista,1989,1,MLT_DB_07_2016
ex.402,p.470,Undirected,artista,artista,1989,1,MLT_DB_07_2016
ex.402,p.22,Undirected,artista,artista,1989,1,MLT_DB_07_2016
ex.402,p.590,Undirected,artista,artista,1989,1,MLT_DB_07_2016
ex.402,p.1262,Undirected,artista,artista,1989,1,MLT_DB_07_2016
ex.402,p.374,Undirected,artista,artista,1989,1,MLT_DB_07_2016
ex.402,p.1874,Undirected,artista,artista,1989,1,MLT_DB_07_2016
ex.402,p.1726,Undirected,artista,artista,1989,1,MLT_DB_07_2016
ex.402,p.586,Undirected,artista,artista,1989,1,MLT_DB_07_2016
ex.402,p.60,Undirected,artista,artista,1989,1,MLT_DB_07_2016
ex.402,p.952,Undirected,artista,artista,1989,1,MLT_DB_07_2016
ex.402,p.1134,Undirected,artista,artista,1989,1,MLT_DB_07_2016
ex.402,p.562,Undirected,artista,artista,1989,1,MLT_DB_07_2016
ex.402,p.1708,Undirected,artista,artista,1989,1,MLT_DB_07_2016
ex.402,p.2118,Undirected,artista,artista,1989,1,MLT_DB_07_2016
ex.402,p.1942,Undirected,artista,artista,1989,1,MLT_DB_07_2016
ex.402,p.1576,Undirected,artista,artista,1989,1,MLT_DB_07_2016
ex.402,p.1496,Undirected,artista,artista,1989,1,MLT_DB_07_2016
ex.402,p.197,Undirected,artista,artista,1989,1,MLT_DB_07_2016
ex.402,p.672,Undirected,artista,artista,1989,1,MLT_DB_07_2016
ex.402,p.2457,Undirected,artista,artista,1989,1,MLT_DB_07_2016
ex.402,p.2099,Undirected,artista,artista,1989,1,MLT_DB_07_2016
ex.402,p.1919,Undirected,artista,artista,1989,1,MLT_DB_07_2016
ex.402,p.1610,Undirected,artista,artista,1989,1,MLT_DB_07_2016
ex.402,p.1011,Undirected,artista,artista,1989,1,MLT_DB_07_2016
ex.402,p.1811,Undirected,artista,artista,1989,1,MLT_DB_07_2016
ex.402,p.1269,Undirected,artista,artista,1989,1,MLT_DB_07_2016
ex.402,p.2043,Undirected,artista,artista,1989,1,MLT_DB_07_2016
ex.402,p.1684,Undirected,artista,artista,1989,1,MLT_DB_07_2016
ex.402,p.890,Undirected,artista,artista,1989,1,MLT_DB_07_2016
ex.402,p.2165,Undirected,artista,artista,1989,1,MLT_DB_07_2016
ex.402,p.1964,Undirected,artista,artista,1989,1,MLT_DB_07_2016
ex.402,p.2376,Undirected,artista,artista,1989,1,MLT_DB_07_2016
ex.402,p.2262,Undirected,artista,artista,1989,1,MLT_DB_07_2016
ex.402,p.2178,Undirected,artista,artista,1989,1,MLT_DB_07_2016
ex.402,p.1385,Undirected,artista,artista,1989,1,MLT_DB_07_2016
ex.402,p.1085,Undirected,artista,artista,1989,1,MLT_DB_07_2016
ex.402,p.46,Undirected,artista,artista,1989,1,MLT_DB_07_2016
ex.402,p.2403,Undirected,artista,artista,1989,1,MLT_DB_07_2016
ex.402,p.26,Undirected,artista,artista,1989,1,MLT_DB_07_2016
ex.402,p.1745,Undirected,artista,artista,1989,1,MLT_DB_07_2016
ex.402,p.2380,Undirected,artista,artista,1989,1,MLT_DB_07_2016
ex.402,p.9,Undirected,artista,artista,1989,1,MLT_DB_07_2016
ex.402,p.1274,Undirected,artista,artista,1989,1,MLT_DB_07_2016
ex.402,p.332,Undirected,artista,artista,1989,1,MLT_DB_07_2016
ex.402,p.160,Undirected,artista,artista,1989,1,MLT_DB_07_2016
ex.402,p.1510,Undirected,artista,artista,1989,1,MLT_DB_07_2016
ex.402,p.12,Undirected,artista,artista,1989,1,MLT_DB_07_2016
ex.402,p.2169,Undirected,artista,artista,1989,1,MLT_DB_07_2016
ex.402,p.2120,Undirected,artista,artista,1989,1,MLT_DB_07_2016
ex.402,p.1930,Undirected,artista,artista,1989,1,MLT_DB_07_2016
ex.402,p.1940,Undirected,artista,artista,1989,1,MLT_DB_07_2016
ex.402,p.1703,Undirected,artista,artista,1989,1,MLT_DB_07_2016
ex.402,p.35,Undirected,artista,artista,1989,1,MLT_DB_07_2016
ex.402,p.2435,Undirected,artista,artista,1989,1,MLT_DB_07_2016
ex.402,p.2055,Undirected,artista,artista,1989,1,MLT_DB_07_2016
ex.402,p.174,Undirected,artista,artista,1989,1,MLT_DB_07_2016
ex.402,p.5,Undirected,artista,artista,1989,1,MLT_DB_07_2016
ex.402,p.51,Undirected,artista,artista,1989,1,MLT_DB_07_2016
ex.402,p.110,Undirected,artista,artista,1989,1,MLT_DB_07_2016
ex.402,p.679,Undirected,artista,artista,1989,1,MLT_DB_07_2016
ex.402,p.1543,Undirected,artista,artista,1989,1,MLT_DB_07_2016
ex.402,p.668,Undirected,artista,artista,1989,1,MLT_DB_07_2016
ex.402,p.1834,Undirected,artista,artista,1989,1,MLT_DB_07_2016
ex.402,p.178,Undirected,artista,artista,1989,1,MLT_DB_07_2016
ex.402,p.24,Undirected,artista,artista,1989,1,MLT_DB_07_2016
ex.402,p.206,Undirected,artista,artista,1989,1,MLT_DB_07_2016
ex.402,p.2066,Undirected,artista,artista,1989,1,MLT_DB_07_2016
ex.402,p.1909,Undirected,artista,artista,1989,1,MLT_DB_07_2016
ex.402,p.2409,Undirected,artista,artista,1989,1,MLT_DB_07_2016
ex.402,p.702,Undirected,artista,artista,1989,1,MLT_DB_07_2016
ex.402,p.1003,Undirected,artista,artista,1989,1,MLT_DB_07_2016
ex.402,p.2170,Undirected,artista,artista,1989,1,MLT_DB_07_2016
ex.402,p.1237,Undirected,artista,artista,1989,1,MLT_DB_07_2016
ex.402,p.1860,Undirected,artista,artista,1989,1,MLT_DB_07_2016
ex.402,p.164,Undirected,artista,artista,1989,1,MLT_DB_07_2016
ex.402,p.2056,Undirected,artista,artista,1989,1,MLT_DB_07_2016
ex.402,p.2076,Undirected,artista,artista,1989,1,MLT_DB_07_2016
ex.402,p.1253,Undirected,artista,artista,1989,1,MLT_DB_07_2016
ex.402,p.14,Undirected,artista,artista,1989,1,MLT_DB_07_2016
ex.402,p.483,Undirected,artista,artista,1989,1,MLT_DB_07_2016
ex.402,p.349,Undirected,artista,artista,1989,1,MLT_DB_07_2016
ex.402,p.977,Undirected,artista,artista,1989,1,MLT_DB_07_2016
ex.402,p.1660,Undirected,artista,artista,1989,1,MLT_DB_07_2016
ex.402,p.1954,Undirected,artista,artista,1989,1,MLT_DB_07_2016
ex.402,p.1636,Undirected,artista,artista,1989,1,MLT_DB_07_2016
ex.402,p.414,Undirected,artista,artista,1989,1,MLT_DB_07_2016
ex.402,p.1849,Undirected,artista,artista,1989,1,MLT_DB_07_2016
ex.402,p.1795,Undirected,artista,artista,1989,1,MLT_DB_07_2016
ex.402,p.1107,Undirected,artista,artista,1989,1,MLT_DB_07_2016
ex.402,p.139,Undirected,artista,artista,1989,1,MLT_DB_07_2016
ex.402,p.2459,Undirected,artista,artista,1989,1,MLT_DB_07_2016
ex.402,p.1136,Undirected,artista,artista,1989,1,MLT_DB_07_2016
ex.402,p.39,Undirected,artista,artista,1989,1,MLT_DB_07_2016
ex.402,p.137,Undirected,artista,artista,1989,1,MLT_DB_07_2016
ex.402,p.4,Undirected,artista,artista,1989,1,MLT_DB_07_2016
ex.402,p.564,Undirected,artista,artista,1989,1,MLT_DB_07_2016
ex.402,p.1763,Undirected,artista,artista,1989,1,MLT_DB_07_2016
ex.402,p.1088,Undirected,artista,artista,1989,1,MLT_DB_07_2016
ex.402,p.1286,Undirected,artista,artista,1989,1,MLT_DB_07_2016
ex.402,p.689,Undirected,artista,artista,1989,1,MLT_DB_07_2016
ex.402,p.20,Undirected,artista,artista,1989,1,MLT_DB_07_2016
ex.402,p.2411,Undirected,artista,artista,1989,1,MLT_DB_07_2016
ex.402,p.2436,Undirected,artista,artista,1989,1,MLT_DB_07_2016
ex.402,p.1163,Undirected,artista,artista,1989,1,MLT_DB_07_2016
ex.402,p.223,Undirected,artista,artista,1989,1,MLT_DB_07_2016
ex.402,p.1724,Undirected,artista,artista,1989,1,MLT_DB_07_2016
ex.402,p.891,Undirected,artista,artista,1989,1,MLT_DB_07_2016
ex.402,p.660,Undirected,artista,artista,1989,1,MLT_DB_07_2016
ex.402,p.2124,Undirected,artista,artista,1989,1,MLT_DB_07_2016
ex.402,p.2395,Undirected,artista,artista,1989,1,MLT_DB_07_2016
ex.402,p.2244,Undirected,artista,artista,1989,1,MLT_DB_07_2016
ex.402,p.59,Undirected,artista,artista,1989,1,MLT_DB_07_2016
ex.402,p.1704,Undirected,artista,artista,1989,1,MLT_DB_07_2016
ex.402,p.1827,Undirected,artista,artista,1989,1,MLT_DB_07_2016
ex.402,p.1831,Undirected,artista,artista,1989,1,MLT_DB_07_2016
ex.402,p.536,Undirected,artista,artista,1989,1,MLT_DB_07_2016
ex.402,p.2367,Undirected,artista,artista,1989,1,MLT_DB_07_2016
ex.402,p.1060,Undirected,artista,artista,1989,1,MLT_DB_07_2016
ex.402,p.449,Undirected,artista,artista,1989,1,MLT_DB_07_2016
ex.402,p.17,Undirected,artista,artista,1989,1,MLT_DB_07_2016
ex.402,p.476,Undirected,artista,artista,1989,1,MLT_DB_07_2016
ex.402,p.1411,Undirected,artista,artista,1989,1,MLT_DB_07_2016
ex.402,p.1154,Undirected,artista,artista,1989,1,MLT_DB_07_2016
ex.402,p.1226,Undirected,artista,artista,1989,1,MLT_DB_07_2016
ex.402,p.2413,Undirected,artista,artista,1989,1,MLT_DB_07_2016
ex.402,p.189,Undirected,artista,artista,1989,1,MLT_DB_07_2016
ex.402,p.1847,Undirected,artista,artista,1989,1,MLT_DB_07_2016
ex.402,p.2080,Undirected,artista,artista,1989,1,MLT_DB_07_2016
ex.402,p.1776,Undirected,artista,artista,1989,1,MLT_DB_07_2016
ex.402,p.13,Undirected,artista,artista,1989,1,MLT_DB_07_2016
ex.402,p.574,Undirected,artista,artista,1989,1,MLT_DB_07_2016
ex.402,o.78,Undirected,apoyo,apoyo,1989,1,MLT_DB_07_2016
ex.402,o.173,Undirected,apoyo,apoyo,1989,1,MLT_DB_07_2016
ex.404,p.2743,Undirected,artista,artista,1989,1,MLT_DB_07_2016
ex.404,p.3089,Undirected,artista,artista,1989,1,MLT_DB_07_2016
ex.404,p.2976,Undirected,artista,artista,1989,1,MLT_DB_07_2016
ex.404,p.2556,Undirected,artista,artista,1989,1,MLT_DB_07_2016
ex.404,p.2919,Undirected,artista,artista,1989,1,MLT_DB_07_2016
ex.404,p.2744,Undirected,artista,artista,1989,1,MLT_DB_07_2016
ex.404,p.2841,Undirected,artista,artista,1989,1,MLT_DB_07_2016
ex.404,p.1590,Undirected,artista,artista,1989,1,MLT_DB_07_2016
ex.404,p.3070,Undirected,artista,artista,1989,1,MLT_DB_07_2016
ex.404,p.2842,Undirected,artista,artista,1989,1,MLT_DB_07_2016
ex.404,p.351,Undirected,artista,artista,1989,1,MLT_DB_07_2016
ex.404,p.2577,Undirected,artista,artista,1989,1,MLT_DB_07_2016
ex.404,p.2971,Undirected,artista,artista,1989,1,MLT_DB_07_2016
ex.404,p.2969,Undirected,artista,artista,1989,1,MLT_DB_07_2016
ex.404,p.2810,Undirected,artista,artista,1989,1,MLT_DB_07_2016
ex.404,p.498,Undirected,artista,artista,1989,1,MLT_DB_07_2016
ex.404,p.832,Undirected,artista,artista,1989,1,MLT_DB_07_2016
ex.404,p.2640,Undirected,artista,artista,1989,1,MLT_DB_07_2016
ex.404,p.2655,Undirected,artista,artista,1989,1,MLT_DB_07_2016
ex.404,p.2594,Undirected,artista,artista,1989,1,MLT_DB_07_2016
ex.404,p.2780,Undirected,artista,artista,1989,1,MLT_DB_07_2016
ex.404,p.3119,Undirected,artista,artista,1989,1,MLT_DB_07_2016
ex.404,p.2730,Undirected,artista,artista,1989,1,MLT_DB_07_2016
ex.404,p.2763,Undirected,artista,artista,1989,1,MLT_DB_07_2016
ex.404,p.2647,Undirected,artista,artista,1989,1,MLT_DB_07_2016
ex.404,p.2783,Undirected,artista,artista,1989,1,MLT_DB_07_2016
ex.404,p.3008,Undirected,artista,artista,1989,1,MLT_DB_07_2016
ex.404,p.2967,Undirected,artista,artista,1989,1,MLT_DB_07_2016
ex.404,p.3268,Undirected,artista,artista,1989,1,MLT_DB_07_2016
ex.404,p.153,Undirected,artista,artista,1989,1,MLT_DB_07_2016
ex.404,p.121,Undirected,artista,artista,1989,1,MLT_DB_07_2016
ex.404,p.2820,Undirected,artista,artista,1989,1,MLT_DB_07_2016
ex.404,p.2775,Undirected,artista,artista,1989,1,MLT_DB_07_2016
ex.404,p.2847,Undirected,artista,artista,1989,1,MLT_DB_07_2016
ex.404,p.3118,Undirected,artista,artista,1989,1,MLT_DB_07_2016
ex.404,p.2688,Undirected,artista,artista,1989,1,MLT_DB_07_2016
ex.404,p.2921,Undirected,artista,artista,1989,1,MLT_DB_07_2016
ex.404,p.2929,Undirected,artista,artista,1989,1,MLT_DB_07_2016
ex.404,p.2689,Undirected,artista,artista,1989,1,MLT_DB_07_2016
ex.404,p.2805,Undirected,artista,artista,1989,1,MLT_DB_07_2016
ex.404,p.3015,Undirected,artista,artista,1989,1,MLT_DB_07_2016
ex.404,p.3219,Undirected,curador,curador,1989,1,MLT_DB_07_2016
ex.403,p.3219,Undirected,curador,curador,1989,1,MLT_DB_07_2016
ex.405,o.88,Undirected,apoyo,apoyo,1989,1,MLT_DB_07_2016
ex.407,p.75,Undirected,artista,artista,1990,1,MLT_DB_07_2016
ex.407,p.3219,Undirected,curador,curador,1990,1,MLT_DB_07_2016
ex.406,p.51,Undirected,artista,artista,1990,1,MLT_DB_07_2016
ex.409,p.1908,Undirected,artista,artista,1990,1,MLT_DB_07_2016
ex.409,p.3219,Undirected,curador,curador,1990,1,MLT_DB_07_2016
ex.411,p.3219,Undirected,curador,curador,1990,1,MLT_DB_07_2016
ex.410,p.40,Undirected,artista,artista,1990,1,MLT_DB_07_2016
ex.412,p.685,Undirected,artista,artista,1990,1,MLT_DB_07_2016
ex.412,o.60,Undirected,apoyo,apoyo,1990,1,MLT_DB_07_2016
ex.412,o.100,Undirected,apoyo,apoyo,1990,1,MLT_DB_07_2016
ex.413,p.8,Undirected,artista,artista,1990,1,MLT_DB_07_2016
ex.414,p.901,Undirected,artista,artista,1990,1,MLT_DB_07_2016
ex.414,p.3175,Undirected,curador,curador,1990,1,MLT_DB_07_2016
ex.414,o.354,Undirected,apoyo,apoyo,1990,1,MLT_DB_07_2016
ex.417,p.16,Undirected,artista,artista,1990,1,MLT_DB_07_2016
ex.417,p.3219,Undirected,curador,curador,1990,1,MLT_DB_07_2016
ex.415,p.542,Undirected,artista,artista,1990,1,MLT_DB_07_2016
ex.415,o.231,Undirected,apoyo,apoyo,1990,1,MLT_DB_07_2016
ex.415,p.3250,Undirected,apoyo,apoyo,1990,1,MLT_DB_07_2016
ex.416,p.3219,Undirected,curador,curador,1990,1,MLT_DB_07_2016
ex.418,p.215,Undirected,artista,artista,1990,1,MLT_DB_07_2016
ex.419,p.67,Undirected,artista,artista,1990,1,MLT_DB_07_2016
ex.419,p.962,Undirected,artista,artista,1990,1,MLT_DB_07_2016
ex.419,p.70,Undirected,artista,artista,1990,1,MLT_DB_07_2016
ex.421,p.3219,Undirected,curador,curador,1990,1,MLT_DB_07_2016
ex.420,p.206,Undirected,artista,artista,1990,1,MLT_DB_07_2016
ex.420,p.3219,Undirected,curador,curador,1990,1,MLT_DB_07_2016
ex.422,p.14,Undirected,artista,artista,1990,1,MLT_DB_07_2016
ex.424,p.47,Undirected,artista,artista,1990,1,MLT_DB_07_2016
ex.424,p.21,Undirected,artista,artista,1990,1,MLT_DB_07_2016
ex.424,p.77,Undirected,artista,artista,1990,1,MLT_DB_07_2016
ex.424,p.2179,Undirected,artista,artista,1990,1,MLT_DB_07_2016
ex.424,p.24,Undirected,artista,artista,1990,1,MLT_DB_07_2016
ex.424,p.851,Undirected,artista,artista,1990,1,MLT_DB_07_2016
ex.424,p.20,Undirected,artista,artista,1990,1,MLT_DB_07_2016
ex.424,p.23,Undirected,artista,artista,1990,1,MLT_DB_07_2016
ex.425,p.5,Undirected,artista,artista,1991,1,MLT_DB_07_2016
ex.426,p.402,Undirected,artista,artista,1991,1,MLT_DB_07_2016
ex.426,p.648,Undirected,artista,artista,1991,1,MLT_DB_07_2016
ex.426,p.2351,Undirected,artista,artista,1991,1,MLT_DB_07_2016
ex.426,p.576,Undirected,artista,artista,1991,1,MLT_DB_07_2016
ex.426,p.327,Undirected,artista,artista,1991,1,MLT_DB_07_2016
ex.426,p.613,Undirected,artista,artista,1991,1,MLT_DB_07_2016
ex.426,p.633,Undirected,artista,artista,1991,1,MLT_DB_07_2016
ex.426,p.114,Undirected,artista,artista,1991,1,MLT_DB_07_2016
ex.427,p.1393,Undirected,artista,artista,1991,1,MLT_DB_07_2016
ex.427,p.1791,Undirected,artista,artista,1991,1,MLT_DB_07_2016
ex.427,p.204,Undirected,artista,artista,1991,1,MLT_DB_07_2016
ex.427,p.1221,Undirected,artista,artista,1991,1,MLT_DB_07_2016
ex.427,p.2406,Undirected,artista,artista,1991,1,MLT_DB_07_2016
ex.427,p.2711,Undirected,artista,artista,1991,1,MLT_DB_07_2016
ex.427,p.939,Undirected,artista,artista,1991,1,MLT_DB_07_2016
ex.427,p.1098,Undirected,artista,artista,1991,1,MLT_DB_07_2016
ex.427,p.2139,Undirected,artista,artista,1991,1,MLT_DB_07_2016
ex.427,p.2113,Undirected,artista,artista,1991,1,MLT_DB_07_2016
ex.427,p.1588,Undirected,artista,artista,1991,1,MLT_DB_07_2016
ex.427,p.1397,Undirected,artista,artista,1991,1,MLT_DB_07_2016
ex.427,p.1054,Undirected,artista,artista,1991,1,MLT_DB_07_2016
ex.427,p.1531,Undirected,artista,artista,1991,1,MLT_DB_07_2016
ex.427,p.1859,Undirected,artista,artista,1991,1,MLT_DB_07_2016
ex.427,p.2110,Undirected,artista,artista,1991,1,MLT_DB_07_2016
ex.427,p.1710,Undirected,artista,artista,1991,1,MLT_DB_07_2016
ex.427,p.1187,Undirected,artista,artista,1991,1,MLT_DB_07_2016
ex.427,p.1814,Undirected,artista,artista,1991,1,MLT_DB_07_2016
ex.427,p.1359,Undirected,artista,artista,1991,1,MLT_DB_07_2016
ex.427,p.2307,Undirected,artista,artista,1991,1,MLT_DB_07_2016
ex.427,p.1137,Undirected,artista,artista,1991,1,MLT_DB_07_2016
ex.427,p.1815,Undirected,artista,artista,1991,1,MLT_DB_07_2016
ex.427,p.1105,Undirected,artista,artista,1991,1,MLT_DB_07_2016
ex.427,p.1746,Undirected,artista,artista,1991,1,MLT_DB_07_2016
ex.427,p.2407,Undirected,artista,artista,1991,1,MLT_DB_07_2016
ex.427,p.28,Undirected,artista,artista,1991,1,MLT_DB_07_2016
ex.427,p.1195,Undirected,artista,artista,1991,1,MLT_DB_07_2016
ex.427,p.88,Undirected,artista,artista,1991,1,MLT_DB_07_2016
ex.427,p.705,Undirected,artista,artista,1991,1,MLT_DB_07_2016
ex.427,p.2172,Undirected,artista,artista,1991,1,MLT_DB_07_2016
ex.427,p.2150,Undirected,artista,artista,1991,1,MLT_DB_07_2016
ex.427,p.2078,Undirected,artista,artista,1991,1,MLT_DB_07_2016
ex.427,p.2389,Undirected,artista,artista,1991,1,MLT_DB_07_2016
ex.427,p.833,Undirected,artista,artista,1991,1,MLT_DB_07_2016
ex.427,p.2462,Undirected,artista,artista,1991,1,MLT_DB_07_2016
ex.427,p.1202,Undirected,artista,artista,1991,1,MLT_DB_07_2016
ex.427,p.76,Undirected,artista,artista,1991,1,MLT_DB_07_2016
ex.427,p.852,Undirected,artista,artista,1991,1,MLT_DB_07_2016
ex.427,p.1292,Undirected,artista,artista,1991,1,MLT_DB_07_2016
ex.427,p.1915,Undirected,artista,artista,1991,1,MLT_DB_07_2016
ex.427,p.1240,Undirected,artista,artista,1991,1,MLT_DB_07_2016
ex.427,p.25,Undirected,artista,artista,1991,1,MLT_DB_07_2016
ex.427,p.3198,Undirected,curador,curador,1991,1,MLT_DB_07_2016
ex.427,o.107,Undirected,apoyo,apoyo,1991,1,MLT_DB_07_2016
ex.427,o.370,Undirected,apoyo,apoyo,1991,1,MLT_DB_07_2016
ex.428,p.349,Undirected,artista,artista,1991,1,MLT_DB_07_2016
ex.428,p.2,Undirected,artista,artista,1991,1,MLT_DB_07_2016
ex.428,p.39,Undirected,artista,artista,1991,1,MLT_DB_07_2016
ex.428,p.70,Undirected,artista,artista,1991,1,MLT_DB_07_2016
ex.428,p.141,Undirected,artista,artista,1991,1,MLT_DB_07_2016
ex.428,p.67,Undirected,artista,artista,1991,1,MLT_DB_07_2016
ex.428,p.600,Undirected,artista,artista,1991,1,MLT_DB_07_2016
ex.428,p.87,Undirected,artista,artista,1991,1,MLT_DB_07_2016
ex.428,p.353,Undirected,artista,artista,1991,1,MLT_DB_07_2016
ex.428,p.103,Undirected,artista,artista,1991,1,MLT_DB_07_2016
ex.428,p.677,Undirected,artista,artista,1991,1,MLT_DB_07_2016
ex.428,p.183,Undirected,artista,artista,1991,1,MLT_DB_07_2016
ex.428,p.3219,Undirected,curador,curador,1991,1,MLT_DB_07_2016
ex.429,p.29,Undirected,artista,artista,1991,1,MLT_DB_07_2016
ex.429,p.3219,Undirected,curador,curador,1991,1,MLT_DB_07_2016
ex.430,p.3221,Undirected,curador,curador,1991,1,MLT_DB_07_2016
ex.430,p.2944,Undirected,curador,curador,1991,1,MLT_DB_07_2016
ex.430,o.60,Undirected,apoyo,apoyo,1991,1,MLT_DB_07_2016
ex.430,o.49,Undirected,apoyo,apoyo,1991,1,MLT_DB_07_2016
ex.431,p.458,Undirected,artista,artista,1991,1,MLT_DB_07_2016
ex.431,p.2936,Undirected,artista,artista,1991,1,MLT_DB_07_2016
ex.431,p.2670,Undirected,artista,artista,1991,1,MLT_DB_07_2016
ex.431,p.610,Undirected,artista,artista,1991,1,MLT_DB_07_2016
ex.431,p.2807,Undirected,artista,artista,1991,1,MLT_DB_07_2016
ex.431,p.208,Undirected,artista,artista,1991,1,MLT_DB_07_2016
ex.431,p.2797,Undirected,artista,artista,1991,1,MLT_DB_07_2016
ex.431,p.2595,Undirected,artista,artista,1991,1,MLT_DB_07_2016
ex.431,p.3036,Undirected,artista,artista,1991,1,MLT_DB_07_2016
ex.431,p.481,Undirected,artista,artista,1991,1,MLT_DB_07_2016
ex.431,p.2828,Undirected,artista,artista,1991,1,MLT_DB_07_2016
ex.431,p.51,Undirected,artista,artista,1991,1,MLT_DB_07_2016
ex.431,p.2736,Undirected,artista,artista,1991,1,MLT_DB_07_2016
ex.431,p.413,Undirected,artista,artista,1991,1,MLT_DB_07_2016
ex.431,p.75,Undirected,artista,artista,1991,1,MLT_DB_07_2016
ex.431,p.3022,Undirected,artista,artista,1991,1,MLT_DB_07_2016
ex.431,p.1534,Undirected,artista,artista,1991,1,MLT_DB_07_2016
ex.431,p.105,Undirected,artista,artista,1991,1,MLT_DB_07_2016
ex.431,p.2813,Undirected,artista,artista,1991,1,MLT_DB_07_2016
ex.431,p.214,Undirected,artista,artista,1991,1,MLT_DB_07_2016
ex.431,p.629,Undirected,artista,artista,1991,1,MLT_DB_07_2016
ex.431,p.2701,Undirected,artista,artista,1991,1,MLT_DB_07_2016
ex.431,p.2690,Undirected,artista,artista,1991,1,MLT_DB_07_2016
ex.431,p.2699,Undirected,artista,artista,1991,1,MLT_DB_07_2016
ex.431,p.135,Undirected,artista,artista,1991,1,MLT_DB_07_2016
ex.431,p.2896,Undirected,artista,artista,1991,1,MLT_DB_07_2016
ex.431,p.2755,Undirected,artista,artista,1991,1,MLT_DB_07_2016
ex.431,p.269,Undirected,artista,artista,1991,1,MLT_DB_07_2016
ex.431,p.3062,Undirected,artista,artista,1991,1,MLT_DB_07_2016
ex.431,p.2937,Undirected,artista,artista,1991,1,MLT_DB_07_2016
ex.431,p.2571,Undirected,artista,artista,1991,1,MLT_DB_07_2016
ex.431,p.3023,Undirected,artista,artista,1991,1,MLT_DB_07_2016
ex.431,p.79,Undirected,artista,artista,1991,1,MLT_DB_07_2016
ex.431,p.2624,Undirected,artista,artista,1991,1,MLT_DB_07_2016
ex.431,p.630,Undirected,artista,artista,1991,1,MLT_DB_07_2016
ex.431,p.3219,Undirected,curador,curador,1991,1,MLT_DB_07_2016
ex.431,o.218,Undirected,apoyo,apoyo,1991,1,MLT_DB_07_2016
ex.432,p.11,Undirected,artista,artista,1991,1,MLT_DB_07_2016
ex.433,p.1120,Undirected,artista,artista,1991,1,MLT_DB_07_2016
ex.433,p.1018,Undirected,artista,artista,1991,1,MLT_DB_07_2016
ex.433,p.740,Undirected,artista,artista,1991,1,MLT_DB_07_2016
ex.433,p.1905,Undirected,artista,artista,1991,1,MLT_DB_07_2016
ex.433,p.1777,Undirected,artista,artista,1991,1,MLT_DB_07_2016
ex.433,p.1737,Undirected,artista,artista,1991,1,MLT_DB_07_2016
ex.433,p.1851,Undirected,artista,artista,1991,1,MLT_DB_07_2016
ex.433,p.1119,Undirected,artista,artista,1991,1,MLT_DB_07_2016
ex.433,p.1492,Undirected,artista,artista,1991,1,MLT_DB_07_2016
ex.433,p.1020,Undirected,artista,artista,1991,1,MLT_DB_07_2016
ex.433,p.2210,Undirected,artista,artista,1991,1,MLT_DB_07_2016
ex.433,p.2336,Undirected,artista,artista,1991,1,MLT_DB_07_2016
ex.433,o.161,Undirected,apoyo,apoyo,1991,1,MLT_DB_07_2016
ex.434,p.324,Undirected,artista,artista,1991,1,MLT_DB_07_2016
ex.434,p.3219,Undirected,curador,curador,1991,1,MLT_DB_07_2016
ex.434,o.356,Undirected,apoyo,apoyo,1991,1,MLT_DB_07_2016
ex.435,p.1345,Undirected,artista,artista,1991,1,MLT_DB_07_2016
ex.435,p.2009,Undirected,artista,artista,1991,1,MLT_DB_07_2016
ex.435,p.1209,Undirected,artista,artista,1991,1,MLT_DB_07_2016
ex.435,p.1289,Undirected,artista,artista,1991,1,MLT_DB_07_2016
ex.435,p.1219,Undirected,artista,artista,1991,1,MLT_DB_07_2016
ex.435,p.720,Undirected,artista,artista,1991,1,MLT_DB_07_2016
ex.435,p.1375,Undirected,artista,artista,1991,1,MLT_DB_07_2016
ex.435,p.1765,Undirected,artista,artista,1991,1,MLT_DB_07_2016
ex.435,p.1309,Undirected,artista,artista,1991,1,MLT_DB_07_2016
ex.435,p.1824,Undirected,artista,artista,1991,1,MLT_DB_07_2016
ex.435,p.1671,Undirected,artista,artista,1991,1,MLT_DB_07_2016
ex.435,p.1249,Undirected,artista,artista,1991,1,MLT_DB_07_2016
ex.435,p.1344,Undirected,artista,artista,1991,1,MLT_DB_07_2016
ex.435,p.732,Undirected,artista,artista,1991,1,MLT_DB_07_2016
ex.435,p.1058,Undirected,artista,artista,1991,1,MLT_DB_07_2016
ex.435,p.1423,Undirected,artista,artista,1991,1,MLT_DB_07_2016
ex.435,p.2061,Undirected,artista,artista,1991,1,MLT_DB_07_2016
ex.435,p.934,Undirected,artista,artista,1991,1,MLT_DB_07_2016
ex.435,p.1224,Undirected,artista,artista,1991,1,MLT_DB_07_2016
ex.435,p.787,Undirected,artista,artista,1991,1,MLT_DB_07_2016
ex.435,p.1376,Undirected,artista,artista,1991,1,MLT_DB_07_2016
ex.435,p.2268,Undirected,artista,artista,1991,1,MLT_DB_07_2016
ex.435,p.2284,Undirected,artista,artista,1991,1,MLT_DB_07_2016
ex.435,p.2233,Undirected,artista,artista,1991,1,MLT_DB_07_2016
ex.435,p.1567,Undirected,artista,artista,1991,1,MLT_DB_07_2016
ex.435,p.1629,Undirected,artista,artista,1991,1,MLT_DB_07_2016
ex.435,p.1171,Undirected,artista,artista,1991,1,MLT_DB_07_2016
ex.435,p.769,Undirected,artista,artista,1991,1,MLT_DB_07_2016
ex.435,p.1949,Undirected,artista,artista,1991,1,MLT_DB_07_2016
ex.435,p.1628,Undirected,artista,artista,1991,1,MLT_DB_07_2016
ex.435,p.1569,Undirected,artista,artista,1991,1,MLT_DB_07_2016
ex.435,p.1552,Undirected,artista,artista,1991,1,MLT_DB_07_2016
ex.435,p.1570,Undirected,artista,artista,1991,1,MLT_DB_07_2016
ex.435,p.908,Undirected,artista,artista,1991,1,MLT_DB_07_2016
ex.435,p.795,Undirected,artista,artista,1991,1,MLT_DB_07_2016
ex.435,p.721,Undirected,artista,artista,1991,1,MLT_DB_07_2016
ex.435,p.1650,Undirected,artista,artista,1991,1,MLT_DB_07_2016
ex.435,p.1045,Undirected,artista,artista,1991,1,MLT_DB_07_2016
ex.435,p.1781,Undirected,artista,artista,1991,1,MLT_DB_07_2016
ex.435,p.1661,Undirected,artista,artista,1991,1,MLT_DB_07_2016
ex.435,p.1545,Undirected,artista,artista,1991,1,MLT_DB_07_2016
ex.435,p.935,Undirected,artista,artista,1991,1,MLT_DB_07_2016
ex.435,p.1553,Undirected,artista,artista,1991,1,MLT_DB_07_2016
ex.435,p.1471,Undirected,artista,artista,1991,1,MLT_DB_07_2016
ex.435,p.1947,Undirected,artista,artista,1991,1,MLT_DB_07_2016
ex.435,p.986,Undirected,artista,artista,1991,1,MLT_DB_07_2016
ex.435,p.722,Undirected,artista,artista,1991,1,MLT_DB_07_2016
ex.435,p.807,Undirected,artista,artista,1991,1,MLT_DB_07_2016
ex.435,p.867,Undirected,artista,artista,1991,1,MLT_DB_07_2016
ex.435,p.1554,Undirected,artista,artista,1991,1,MLT_DB_07_2016
ex.435,p.1756,Undirected,artista,artista,1991,1,MLT_DB_07_2016
ex.435,p.765,Undirected,artista,artista,1991,1,MLT_DB_07_2016
ex.435,p.1677,Undirected,artista,artista,1991,1,MLT_DB_07_2016
ex.435,p.1516,Undirected,artista,artista,1991,1,MLT_DB_07_2016
ex.435,p.1472,Undirected,artista,artista,1991,1,MLT_DB_07_2016
ex.435,p.2200,Undirected,artista,artista,1991,1,MLT_DB_07_2016
ex.435,p.2338,Undirected,artista,artista,1991,1,MLT_DB_07_2016
ex.435,p.1084,Undirected,artista,artista,1991,1,MLT_DB_07_2016
ex.435,p.1331,Undirected,artista,artista,1991,1,MLT_DB_07_2016
ex.435,p.987,Undirected,artista,artista,1991,1,MLT_DB_07_2016
ex.435,p.2002,Undirected,artista,artista,1991,1,MLT_DB_07_2016
ex.435,p.1571,Undirected,artista,artista,1991,1,MLT_DB_07_2016
ex.435,p.1666,Undirected,artista,artista,1991,1,MLT_DB_07_2016
ex.435,p.2004,Undirected,artista,artista,1991,1,MLT_DB_07_2016
ex.435,p.734,Undirected,artista,artista,1991,1,MLT_DB_07_2016
ex.435,p.863,Undirected,artista,artista,1991,1,MLT_DB_07_2016
ex.435,p.2024,Undirected,artista,artista,1991,1,MLT_DB_07_2016
ex.435,p.980,Undirected,artista,artista,1991,1,MLT_DB_07_2016
ex.435,p.1757,Undirected,artista,artista,1991,1,MLT_DB_07_2016
ex.435,p.936,Undirected,artista,artista,1991,1,MLT_DB_07_2016
ex.435,p.1790,Undirected,artista,artista,1991,1,MLT_DB_07_2016
ex.435,p.2469,Undirected,artista,artista,1991,1,MLT_DB_07_2016
ex.435,p.1538,Undirected,artista,artista,1991,1,MLT_DB_07_2016
ex.435,p.1442,Undirected,artista,artista,1991,1,MLT_DB_07_2016
ex.435,p.1672,Undirected,artista,artista,1991,1,MLT_DB_07_2016
ex.435,p.2093,Undirected,artista,artista,1991,1,MLT_DB_07_2016
ex.435,p.1425,Undirected,artista,artista,1991,1,MLT_DB_07_2016
ex.435,p.1490,Undirected,artista,artista,1991,1,MLT_DB_07_2016
ex.435,p.735,Undirected,artista,artista,1991,1,MLT_DB_07_2016
ex.435,p.1447,Undirected,artista,artista,1991,1,MLT_DB_07_2016
ex.435,p.1676,Undirected,artista,artista,1991,1,MLT_DB_07_2016
ex.435,p.1059,Undirected,artista,artista,1991,1,MLT_DB_07_2016
ex.435,p.2032,Undirected,artista,artista,1991,1,MLT_DB_07_2016
ex.435,p.1616,Undirected,artista,artista,1991,1,MLT_DB_07_2016
ex.435,p.1845,Undirected,artista,artista,1991,1,MLT_DB_07_2016
ex.435,p.1837,Undirected,artista,artista,1991,1,MLT_DB_07_2016
ex.435,p.1030,Undirected,artista,artista,1991,1,MLT_DB_07_2016
ex.435,p.2069,Undirected,artista,artista,1991,1,MLT_DB_07_2016
ex.435,p.1838,Undirected,artista,artista,1991,1,MLT_DB_07_2016
ex.435,p.1758,Undirected,artista,artista,1991,1,MLT_DB_07_2016
ex.435,p.1573,Undirected,artista,artista,1991,1,MLT_DB_07_2016
ex.435,p.881,Undirected,artista,artista,1991,1,MLT_DB_07_2016
ex.435,p.878,Undirected,artista,artista,1991,1,MLT_DB_07_2016
ex.435,p.991,Undirected,artista,artista,1991,1,MLT_DB_07_2016
ex.435,p.1604,Undirected,artista,artista,1991,1,MLT_DB_07_2016
ex.435,p.1782,Undirected,artista,artista,1991,1,MLT_DB_07_2016
ex.435,p.1493,Undirected,artista,artista,1991,1,MLT_DB_07_2016
ex.435,p.1006,Undirected,artista,artista,1991,1,MLT_DB_07_2016
ex.435,p.1821,Undirected,artista,artista,1991,1,MLT_DB_07_2016
ex.435,p.715,Undirected,artista,artista,1991,1,MLT_DB_07_2016
ex.435,p.1783,Undirected,artista,artista,1991,1,MLT_DB_07_2016
ex.435,p.1904,Undirected,artista,artista,1991,1,MLT_DB_07_2016
ex.435,p.1574,Undirected,artista,artista,1991,1,MLT_DB_07_2016
ex.435,p.1537,Undirected,artista,artista,1991,1,MLT_DB_07_2016
ex.435,p.1426,Undirected,artista,artista,1991,1,MLT_DB_07_2016
ex.435,p.1374,Undirected,artista,artista,1991,1,MLT_DB_07_2016
ex.435,p.1473,Undirected,artista,artista,1991,1,MLT_DB_07_2016
ex.435,p.1895,Undirected,artista,artista,1991,1,MLT_DB_07_2016
ex.435,p.1946,Undirected,artista,artista,1991,1,MLT_DB_07_2016
ex.435,p.1674,Undirected,artista,artista,1991,1,MLT_DB_07_2016
ex.435,p.1575,Undirected,artista,artista,1991,1,MLT_DB_07_2016
ex.435,p.2106,Undirected,artista,artista,1991,1,MLT_DB_07_2016
ex.435,p.1117,Undirected,artista,artista,1991,1,MLT_DB_07_2016
ex.435,p.1310,Undirected,artista,artista,1991,1,MLT_DB_07_2016
ex.435,p.1131,Undirected,artista,artista,1991,1,MLT_DB_07_2016
ex.435,p.2133,Undirected,artista,artista,1991,1,MLT_DB_07_2016
ex.435,o.173,Undirected,apoyo,apoyo,1991,1,MLT_DB_07_2016
ex.436,p.3219,Undirected,curador,curador,1991,1,MLT_DB_07_2016
ex.437,p.1340,Undirected,artista,artista,1991,1,MLT_DB_07_2016
ex.437,p.1613,Undirected,artista,artista,1991,1,MLT_DB_07_2016
ex.437,p.1975,Undirected,artista,artista,1991,1,MLT_DB_07_2016
ex.437,p.2216,Undirected,artista,artista,1991,1,MLT_DB_07_2016
ex.437,p.971,Undirected,artista,artista,1991,1,MLT_DB_07_2016
ex.437,p.1199,Undirected,artista,artista,1991,1,MLT_DB_07_2016
ex.437,p.1853,Undirected,artista,artista,1991,1,MLT_DB_07_2016
ex.437,p.1048,Undirected,artista,artista,1991,1,MLT_DB_07_2016
ex.437,p.421,Undirected,artista,artista,1991,1,MLT_DB_07_2016
ex.437,p.148,Undirected,artista,artista,1991,1,MLT_DB_07_2016
ex.437,p.2586,Undirected,artista,artista,1991,1,MLT_DB_07_2016
ex.437,p.3060,Undirected,artista,artista,1991,1,MLT_DB_07_2016
ex.437,p.1043,Undirected,artista,artista,1991,1,MLT_DB_07_2016
ex.437,p.1928,Undirected,artista,artista,1991,1,MLT_DB_07_2016
ex.437,p.102,Undirected,artista,artista,1991,1,MLT_DB_07_2016
ex.437,p.1593,Undirected,artista,artista,1991,1,MLT_DB_07_2016
ex.437,p.1350,Undirected,artista,artista,1991,1,MLT_DB_07_2016
ex.437,p.1931,Undirected,artista,artista,1991,1,MLT_DB_07_2016
ex.437,p.2493,Undirected,artista,artista,1991,1,MLT_DB_07_2016
ex.437,p.1941,Undirected,artista,artista,1991,1,MLT_DB_07_2016
ex.437,p.1689,Undirected,artista,artista,1991,1,MLT_DB_07_2016
ex.437,p.1275,Undirected,artista,artista,1991,1,MLT_DB_07_2016
ex.437,p.1432,Undirected,artista,artista,1991,1,MLT_DB_07_2016
ex.437,p.747,Undirected,artista,artista,1991,1,MLT_DB_07_2016
ex.437,p.1351,Undirected,artista,artista,1991,1,MLT_DB_07_2016
ex.437,p.2187,Undirected,artista,artista,1991,1,MLT_DB_07_2016
ex.437,p.1476,Undirected,artista,artista,1991,1,MLT_DB_07_2016
ex.437,p.1736,Undirected,artista,artista,1991,1,MLT_DB_07_2016
ex.437,p.1700,Undirected,artista,artista,1991,1,MLT_DB_07_2016
ex.437,p.1164,Undirected,artista,artista,1991,1,MLT_DB_07_2016
ex.438,p.691,Undirected,artista,artista,1991,1,MLT_DB_07_2016
ex.439,p.498,Undirected,artista,artista,1991,1,MLT_DB_07_2016
ex.439,p.3219,Undirected,curador,curador,1991,1,MLT_DB_07_2016
ex.440,p.198,Undirected,artista,artista,1991,1,MLT_DB_07_2016
ex.440,p.3219,Undirected,curador,curador,1991,1,MLT_DB_07_2016
ex.441,p.12,Undirected,artista,artista,1991,1,MLT_DB_07_2016
ex.441,p.3219,Undirected,curador,curador,1991,1,MLT_DB_07_2016
ex.442,p.186,Undirected,artista,artista,1991,1,MLT_DB_07_2016
ex.442,p.16,Undirected,artista,artista,1991,1,MLT_DB_07_2016
ex.442,p.22,Undirected,artista,artista,1991,1,MLT_DB_07_2016
ex.442,p.148,Undirected,artista,artista,1991,1,MLT_DB_07_2016
ex.442,p.1745,Undirected,artista,artista,1991,1,MLT_DB_07_2016
ex.442,p.9,Undirected,artista,artista,1991,1,MLT_DB_07_2016
ex.442,p.35,Undirected,artista,artista,1991,1,MLT_DB_07_2016
ex.442,p.77,Undirected,artista,artista,1991,1,MLT_DB_07_2016
ex.442,p.5,Undirected,artista,artista,1991,1,MLT_DB_07_2016
ex.442,p.44,Undirected,artista,artista,1991,1,MLT_DB_07_2016
ex.442,p.40,Undirected,artista,artista,1991,1,MLT_DB_07_2016
ex.442,p.214,Undirected,artista,artista,1991,1,MLT_DB_07_2016
ex.442,p.127,Undirected,artista,artista,1991,1,MLT_DB_07_2016
ex.443,p.3219,Undirected,curador,curador,1991,1,MLT_DB_07_2016
ex.444,p.296,Undirected,artista,artista,1992,1,MLT_DB_07_2016
ex.444,p.3232,Undirected,curador,curador,1992,1,MLT_DB_07_2016
ex.444,o.354,Undirected,apoyo,apoyo,1992,1,MLT_DB_07_2016
ex.444,o.92,Undirected,apoyo,apoyo,1992,1,MLT_DB_07_2016
ex.445,p.413,Undirected,artista,artista,1992,1,MLT_DB_07_2016
ex.445,p.3219,Undirected,curador,curador,1992,1,MLT_DB_07_2016
ex.445,o.227,Undirected,apoyo,apoyo,1992,1,MLT_DB_07_2016
ex.446,p.1012,Undirected,artista,artista,1992,1,MLT_DB_07_2016
ex.446,p.2347,Undirected,artista,artista,1992,1,MLT_DB_07_2016
ex.446,p.2280,Undirected,artista,artista,1992,1,MLT_DB_07_2016
ex.446,p.690,Undirected,curador,curador,1992,1,MLT_DB_07_2016
ex.446,o.67,Undirected,apoyo,apoyo,1992,1,MLT_DB_07_2016
ex.447,p.1633,Undirected,artista,artista,1992,1,MLT_DB_07_2016
ex.447,p.3219,Undirected,curador,curador,1992,1,MLT_DB_07_2016
ex.447,o.236,Undirected,apoyo,apoyo,1992,1,MLT_DB_07_2016
ex.448,p.1212,Undirected,artista,artista,1992,1,MLT_DB_07_2016
ex.448,p.1484,Undirected,artista,artista,1992,1,MLT_DB_07_2016
ex.448,p.3180,Undirected,curador,curador,1992,1,MLT_DB_07_2016
ex.449,p.458,Undirected,artista,artista,1992,1,MLT_DB_07_2016
ex.451,p.41,Undirected,artista,artista,1992,1,MLT_DB_07_2016
ex.451,p.12,Undirected,artista,artista,1992,1,MLT_DB_07_2016
ex.451,p.2,Undirected,artista,artista,1992,1,MLT_DB_07_2016
ex.451,p.39,Undirected,artista,artista,1992,1,MLT_DB_07_2016
ex.451,p.200,Undirected,artista,artista,1992,1,MLT_DB_07_2016
ex.451,p.4,Undirected,artista,artista,1992,1,MLT_DB_07_2016
ex.451,p.40,Undirected,artista,artista,1992,1,MLT_DB_07_2016
ex.451,p.35,Undirected,artista,artista,1992,1,MLT_DB_07_2016
ex.451,p.9,Undirected,artista,artista,1992,1,MLT_DB_07_2016
ex.451,p.22,Undirected,artista,artista,1992,1,MLT_DB_07_2016
ex.451,p.3219,Undirected,curador,curador,1992,1,MLT_DB_07_2016
ex.450,p.2289,Undirected,artista,artista,1992,1,MLT_DB_07_2016
ex.450,p.3219,Undirected,curador,curador,1992,1,MLT_DB_07_2016
ex.450,o.231,Undirected,apoyo,apoyo,1992,1,MLT_DB_07_2016
ex.450,o.298,Undirected,apoyo,apoyo,1992,1,MLT_DB_07_2016
ex.450,o.60,Undirected,apoyo,apoyo,1992,1,MLT_DB_07_2016
ex.450,o.144,Undirected,apoyo,apoyo,1992,1,MLT_DB_07_2016
ex.452,p.104,Undirected,artista,artista,1992,1,MLT_DB_07_2016
ex.452,p.3219,Undirected,curador,curador,1992,1,MLT_DB_07_2016
ex.452,o.32,Undirected,apoyo,apoyo,1992,1,MLT_DB_07_2016
ex.452,o.34,Undirected,apoyo,apoyo,1992,1,MLT_DB_07_2016
ex.453,p.3219,Undirected,curador,curador,1992,1,MLT_DB_07_2016
ex.454,p.2985,Undirected,artista,artista,1992,1,MLT_DB_07_2016
ex.454,p.2950,Undirected,artista,artista,1992,1,MLT_DB_07_2016
ex.454,p.2794,Undirected,artista,artista,1992,1,MLT_DB_07_2016
ex.454,p.2636,Undirected,artista,artista,1992,1,MLT_DB_07_2016
ex.454,p.2918,Undirected,artista,artista,1992,1,MLT_DB_07_2016
ex.454,p.2868,Undirected,artista,artista,1992,1,MLT_DB_07_2016
ex.454,p.2974,Undirected,artista,artista,1992,1,MLT_DB_07_2016
ex.454,p.2603,Undirected,artista,artista,1992,1,MLT_DB_07_2016
ex.454,p.2717,Undirected,artista,artista,1992,1,MLT_DB_07_2016
ex.454,p.3178,Undirected,curador,curador,1992,1,MLT_DB_07_2016
ex.455,p.720,Undirected,artista,artista,1992,1,MLT_DB_07_2016
ex.455,o.173,Undirected,apoyo,apoyo,1992,1,MLT_DB_07_2016
ex.456,p.36,Undirected,artista,artista,1992,1,MLT_DB_07_2016
ex.456,o.231,Undirected,apoyo,apoyo,1992,1,MLT_DB_07_2016
ex.456,o.298,Undirected,apoyo,apoyo,1992,1,MLT_DB_07_2016
ex.456,o.60,Undirected,apoyo,apoyo,1992,1,MLT_DB_07_2016
ex.456,o.144,Undirected,apoyo,apoyo,1992,1,MLT_DB_07_2016
ex.457,p.859,Undirected,artista,artista,1992,1,MLT_DB_07_2016
ex.457,p.3219,Undirected,curador,curador,1992,1,MLT_DB_07_2016
ex.458,p.449,Undirected,artista,artista,1992,1,MLT_DB_07_2016
ex.459,p.116,Undirected,artista,artista,1992,1,MLT_DB_07_2016
ex.459,p.41,Undirected,artista,artista,1992,1,MLT_DB_07_2016
ex.459,p.12,Undirected,artista,artista,1992,1,MLT_DB_07_2016
ex.459,p.68,Undirected,artista,artista,1992,1,MLT_DB_07_2016
ex.459,p.35,Undirected,artista,artista,1992,1,MLT_DB_07_2016
ex.459,p.9,Undirected,artista,artista,1992,1,MLT_DB_07_2016
ex.459,p.22,Undirected,artista,artista,1992,1,MLT_DB_07_2016
ex.459,p.1,Undirected,artista,artista,1992,1,MLT_DB_07_2016
ex.459,p.47,Undirected,artista,artista,1992,1,MLT_DB_07_2016
ex.459,p.5,Undirected,artista,artista,1992,1,MLT_DB_07_2016
ex.459,p.66,Undirected,artista,artista,1992,1,MLT_DB_07_2016
ex.459,p.51,Undirected,artista,artista,1992,1,MLT_DB_07_2016
ex.459,p.208,Undirected,artista,artista,1992,1,MLT_DB_07_2016
ex.459,p.60,Undirected,artista,artista,1992,1,MLT_DB_07_2016
ex.459,p.198,Undirected,artista,artista,1992,1,MLT_DB_07_2016
ex.459,p.75,Undirected,artista,artista,1992,1,MLT_DB_07_2016
ex.459,p.206,Undirected,artista,artista,1992,1,MLT_DB_07_2016
ex.459,p.105,Undirected,artista,artista,1992,1,MLT_DB_07_2016
ex.459,p.223,Undirected,artista,artista,1992,1,MLT_DB_07_2016
ex.459,p.214,Undirected,artista,artista,1992,1,MLT_DB_07_2016
ex.459,p.148,Undirected,artista,artista,1992,1,MLT_DB_07_2016
ex.459,p.269,Undirected,artista,artista,1992,1,MLT_DB_07_2016
ex.459,p.215,Undirected,artista,artista,1992,1,MLT_DB_07_2016
ex.459,p.163,Undirected,artista,artista,1992,1,MLT_DB_07_2016
ex.459,p.114,Undirected,artista,artista,1992,1,MLT_DB_07_2016
ex.459,p.3219,Undirected,curador,curador,1992,1,MLT_DB_07_2016
ex.461,p.122,Undirected,artista,artista,1992,1,MLT_DB_07_2016
ex.461,p.54,Undirected,artista,artista,1992,1,MLT_DB_07_2016
ex.461,o.10,Undirected,curador,curador,1992,1,MLT_DB_07_2016
ex.461,o.60,Undirected,apoyo,apoyo,1992,1,MLT_DB_07_2016
ex.461,o.234,Undirected,apoyo,apoyo,1992,1,MLT_DB_07_2016
ex.460,p.60,Undirected,artista,artista,1992,1,MLT_DB_07_2016
ex.463,p.535,Undirected,artista,artista,1993,1,MLT_DB_07_2016
ex.463,p.201,Undirected,artista,artista,1993,1,MLT_DB_07_2016
ex.463,p.1159,Undirected,artista,artista,1993,1,MLT_DB_07_2016
ex.463,p.81,Undirected,artista,artista,1993,1,MLT_DB_07_2016
ex.463,p.115,Undirected,artista,artista,1993,1,MLT_DB_07_2016
ex.463,p.484,Undirected,artista,artista,1993,1,MLT_DB_07_2016
ex.463,p.278,Undirected,artista,artista,1993,1,MLT_DB_07_2016
ex.463,p.2,Undirected,artista,artista,1993,1,MLT_DB_07_2016
ex.463,p.39,Undirected,artista,artista,1993,1,MLT_DB_07_2016
ex.463,p.12,Undirected,artista,artista,1993,1,MLT_DB_07_2016
ex.463,p.40,Undirected,artista,artista,1993,1,MLT_DB_07_2016
ex.463,p.73,Undirected,artista,artista,1993,1,MLT_DB_07_2016
ex.463,p.8,Undirected,artista,artista,1993,1,MLT_DB_07_2016
ex.463,p.127,Undirected,artista,artista,1993,1,MLT_DB_07_2016
ex.463,p.217,Undirected,artista,artista,1993,1,MLT_DB_07_2016
ex.463,p.70,Undirected,artista,artista,1993,1,MLT_DB_07_2016
ex.463,p.677,Undirected,artista,artista,1993,1,MLT_DB_07_2016
ex.463,p.600,Undirected,artista,artista,1993,1,MLT_DB_07_2016
ex.463,p.353,Undirected,artista,artista,1993,1,MLT_DB_07_2016
ex.463,p.327,Undirected,artista,artista,1993,1,MLT_DB_07_2016
ex.463,p.3219,Undirected,curador,curador,1993,1,MLT_DB_07_2016
ex.462,p.134,Undirected,artista,artista,1993,1,MLT_DB_07_2016
ex.462,p.3219,Undirected,curador,curador,1993,1,MLT_DB_07_2016
ex.464,p.1916,Undirected,artista,artista,1993,1,MLT_DB_07_2016
ex.464,p.1368,Undirected,artista,artista,1993,1,MLT_DB_07_2016
ex.464,p.710,Undirected,artista,artista,1993,1,MLT_DB_07_2016
ex.464,p.2236,Undirected,artista,artista,1993,1,MLT_DB_07_2016
ex.464,p.780,Undirected,artista,artista,1993,1,MLT_DB_07_2016
ex.464,p.1306,Undirected,artista,artista,1993,1,MLT_DB_07_2016
ex.464,p.1254,Undirected,artista,artista,1993,1,MLT_DB_07_2016
ex.464,p.2513,Undirected,artista,artista,1993,1,MLT_DB_07_2016
ex.464,p.907,Undirected,artista,artista,1993,1,MLT_DB_07_2016
ex.464,p.1889,Undirected,artista,artista,1993,1,MLT_DB_07_2016
ex.464,p.1658,Undirected,artista,artista,1993,1,MLT_DB_07_2016
ex.464,p.1565,Undirected,artista,artista,1993,1,MLT_DB_07_2016
ex.464,p.1877,Undirected,artista,artista,1993,1,MLT_DB_07_2016
ex.464,p.1464,Undirected,artista,artista,1993,1,MLT_DB_07_2016
ex.464,p.899,Undirected,artista,artista,1993,1,MLT_DB_07_2016
ex.464,p.910,Undirected,artista,artista,1993,1,MLT_DB_07_2016
ex.464,p.1465,Undirected,artista,artista,1993,1,MLT_DB_07_2016
ex.464,p.1898,Undirected,artista,artista,1993,1,MLT_DB_07_2016
ex.464,p.1678,Undirected,artista,artista,1993,1,MLT_DB_07_2016
ex.464,p.1501,Undirected,artista,artista,1993,1,MLT_DB_07_2016
ex.464,p.2327,Undirected,artista,artista,1993,1,MLT_DB_07_2016
ex.464,p.813,Undirected,artista,artista,1993,1,MLT_DB_07_2016
ex.464,p.1944,Undirected,artista,artista,1993,1,MLT_DB_07_2016
ex.464,p.1659,Undirected,artista,artista,1993,1,MLT_DB_07_2016
ex.464,p.917,Undirected,artista,artista,1993,1,MLT_DB_07_2016
ex.464,p.1172,Undirected,artista,artista,1993,1,MLT_DB_07_2016
ex.464,p.811,Undirected,artista,artista,1993,1,MLT_DB_07_2016
ex.464,o.13,Undirected,curador,curador,1993,1,MLT_DB_07_2016
ex.464,o.13,Undirected,apoyo,apoyo,1993,1,MLT_DB_07_2016
ex.464,o.170,Undirected,apoyo,apoyo,1993,1,MLT_DB_07_2016
ex.465,p.1,Undirected,artista,artista,1993,1,MLT_DB_07_2016
ex.465,p.2122,Undirected,curador,curador,1993,1,MLT_DB_07_2016
ex.465,o.245,Undirected,apoyo,apoyo,1993,1,MLT_DB_07_2016
ex.466,p.830,Undirected,artista,artista,1993,1,MLT_DB_07_2016
ex.466,o.103,Undirected,apoyo,apoyo,1993,1,MLT_DB_07_2016
ex.467,p.589,Undirected,artista,artista,1993,1,MLT_DB_07_2016
ex.467,p.446,Undirected,artista,artista,1993,1,MLT_DB_07_2016
ex.467,p.207,Undirected,artista,artista,1993,1,MLT_DB_07_2016
ex.467,p.85,Undirected,artista,artista,1993,1,MLT_DB_07_2016
ex.467,p.180,Undirected,artista,artista,1993,1,MLT_DB_07_2016
ex.467,p.33,Undirected,artista,artista,1993,1,MLT_DB_07_2016
ex.467,p.58,Undirected,artista,artista,1993,1,MLT_DB_07_2016
ex.467,p.49,Undirected,artista,artista,1993,1,MLT_DB_07_2016
ex.467,p.90,Undirected,artista,artista,1993,1,MLT_DB_07_2016
ex.467,p.652,Undirected,artista,artista,1993,1,MLT_DB_07_2016
ex.467,p.111,Undirected,artista,artista,1993,1,MLT_DB_07_2016
ex.467,p.366,Undirected,artista,artista,1993,1,MLT_DB_07_2016
ex.467,p.29,Undirected,artista,artista,1993,1,MLT_DB_07_2016
ex.467,p.138,Undirected,artista,artista,1993,1,MLT_DB_07_2016
ex.467,p.129,Undirected,artista,artista,1993,1,MLT_DB_07_2016
ex.467,p.72,Undirected,artista,artista,1993,1,MLT_DB_07_2016
ex.467,p.328,Undirected,artista,artista,1993,1,MLT_DB_07_2016
ex.467,p.115,Undirected,artista,artista,1993,1,MLT_DB_07_2016
ex.467,p.32,Undirected,artista,artista,1993,1,MLT_DB_07_2016
ex.467,p.229,Undirected,artista,artista,1993,1,MLT_DB_07_2016
ex.467,p.41,Undirected,artista,artista,1993,1,MLT_DB_07_2016
ex.467,p.2,Undirected,artista,artista,1993,1,MLT_DB_07_2016
ex.467,p.200,Undirected,artista,artista,1993,1,MLT_DB_07_2016
ex.467,p.9,Undirected,artista,artista,1993,1,MLT_DB_07_2016
ex.467,p.3219,Undirected,curador,curador,1993,1,MLT_DB_07_2016
ex.468,p.549,Undirected,artista,artista,1993,1,MLT_DB_07_2016
ex.468,p.677,Undirected,artista,artista,1993,1,MLT_DB_07_2016
ex.468,p.2956,Undirected,artista,artista,1993,1,MLT_DB_07_2016
ex.468,p.2441,Undirected,artista,artista,1993,1,MLT_DB_07_2016
ex.468,p.216,Undirected,artista,artista,1993,1,MLT_DB_07_2016
ex.468,p.14,Undirected,artista,artista,1993,1,MLT_DB_07_2016
ex.468,p.2855,Undirected,artista,artista,1993,1,MLT_DB_07_2016
ex.468,p.2349,Undirected,artista,artista,1993,1,MLT_DB_07_2016
ex.468,p.43,Undirected,artista,artista,1993,1,MLT_DB_07_2016
ex.468,p.1839,Undirected,artista,artista,1993,1,MLT_DB_07_2016
ex.468,p.203,Undirected,artista,artista,1993,1,MLT_DB_07_2016
ex.468,p.327,Undirected,artista,artista,1993,1,MLT_DB_07_2016
ex.468,p.3219,Undirected,curador,curador,1993,1,MLT_DB_07_2016
ex.468,o.29,Undirected,apoyo,apoyo,1993,1,MLT_DB_07_2016
ex.468,o.354,Undirected,apoyo,apoyo,1993,1,MLT_DB_07_2016
ex.469,p.349,Undirected,artista,artista,1993,1,MLT_DB_07_2016
ex.469,p.3219,Undirected,curador,curador,1993,1,MLT_DB_07_2016
ex.469,o.229,Undirected,apoyo,apoyo,1993,1,MLT_DB_07_2016
ex.469,o.243,Undirected,apoyo,apoyo,1993,1,MLT_DB_07_2016
ex.470,p.115,Undirected,artista,artista,1993,1,MLT_DB_07_2016
ex.470,p.32,Undirected,artista,artista,1993,1,MLT_DB_07_2016
ex.470,p.409,Undirected,artista,artista,1993,1,MLT_DB_07_2016
ex.470,p.531,Undirected,artista,artista,1993,1,MLT_DB_07_2016
ex.470,p.53,Undirected,artista,artista,1993,1,MLT_DB_07_2016
ex.470,p.229,Undirected,artista,artista,1993,1,MLT_DB_07_2016
ex.470,p.754,Undirected,artista,artista,1993,1,MLT_DB_07_2016
ex.470,p.368,Undirected,artista,artista,1993,1,MLT_DB_07_2016
ex.470,p.487,Undirected,artista,artista,1993,1,MLT_DB_07_2016
ex.470,p.598,Undirected,artista,artista,1993,1,MLT_DB_07_2016
ex.470,p.228,Undirected,artista,artista,1993,1,MLT_DB_07_2016
ex.470,p.587,Undirected,artista,artista,1993,1,MLT_DB_07_2016
ex.470,p.1034,Undirected,artista,artista,1993,1,MLT_DB_07_2016
ex.470,p.676,Undirected,artista,artista,1993,1,MLT_DB_07_2016
ex.470,p.1002,Undirected,artista,artista,1993,1,MLT_DB_07_2016
ex.470,p.882,Undirected,artista,artista,1993,1,MLT_DB_07_2016
ex.470,p.630,Undirected,artista,artista,1993,1,MLT_DB_07_2016
ex.470,p.3219,Undirected,curador,curador,1993,1,MLT_DB_07_2016
ex.470,o.243,Undirected,apoyo,apoyo,1993,1,MLT_DB_07_2016
ex.471,p.132,Undirected,artista,artista,1993,1,MLT_DB_07_2016
ex.471,o.243,Undirected,apoyo,apoyo,1993,1,MLT_DB_07_2016
ex.472,p.33,Undirected,artista,artista,1993,1,MLT_DB_07_2016
ex.472,p.58,Undirected,artista,artista,1993,1,MLT_DB_07_2016
ex.472,p.38,Undirected,artista,artista,1993,1,MLT_DB_07_2016
ex.472,p.100,Undirected,artista,artista,1993,1,MLT_DB_07_2016
ex.472,p.182,Undirected,artista,artista,1993,1,MLT_DB_07_2016
ex.472,p.232,Undirected,artista,artista,1993,1,MLT_DB_07_2016
ex.472,p.230,Undirected,artista,artista,1993,1,MLT_DB_07_2016
ex.472,p.471,Undirected,artista,artista,1993,1,MLT_DB_07_2016
ex.472,p.1091,Undirected,artista,artista,1993,1,MLT_DB_07_2016
ex.472,p.453,Undirected,artista,artista,1993,1,MLT_DB_07_2016
ex.472,p.1507,Undirected,artista,artista,1993,1,MLT_DB_07_2016
ex.472,p.1104,Undirected,artista,artista,1993,1,MLT_DB_07_2016
ex.472,p.527,Undirected,artista,artista,1993,1,MLT_DB_07_2016
ex.472,p.345,Undirected,artista,artista,1993,1,MLT_DB_07_2016
ex.472,p.650,Undirected,artista,artista,1993,1,MLT_DB_07_2016
ex.472,p.693,Undirected,artista,artista,1993,1,MLT_DB_07_2016
ex.472,p.3219,Undirected,curador,curador,1993,1,MLT_DB_07_2016
ex.472,o.243,Undirected,apoyo,apoyo,1993,1,MLT_DB_07_2016
ex.473,p.208,Undirected,artista,artista,1993,1,MLT_DB_07_2016
ex.473,p.610,Undirected,artista,artista,1993,1,MLT_DB_07_2016
ex.473,p.148,Undirected,artista,artista,1993,1,MLT_DB_07_2016
ex.473,p.105,Undirected,artista,artista,1993,1,MLT_DB_07_2016
ex.473,p.223,Undirected,artista,artista,1993,1,MLT_DB_07_2016
ex.473,p.214,Undirected,artista,artista,1993,1,MLT_DB_07_2016
ex.473,p.648,Undirected,artista,artista,1993,1,MLT_DB_07_2016
ex.473,p.269,Undirected,artista,artista,1993,1,MLT_DB_07_2016
ex.473,p.402,Undirected,artista,artista,1993,1,MLT_DB_07_2016
ex.473,p.404,Undirected,artista,artista,1993,1,MLT_DB_07_2016
ex.473,p.458,Undirected,artista,artista,1993,1,MLT_DB_07_2016
ex.473,p.134,Undirected,artista,artista,1993,1,MLT_DB_07_2016
ex.473,p.97,Undirected,artista,artista,1993,1,MLT_DB_07_2016
ex.473,p.51,Undirected,artista,artista,1993,1,MLT_DB_07_2016
ex.473,p.198,Undirected,artista,artista,1993,1,MLT_DB_07_2016
ex.473,p.75,Undirected,artista,artista,1993,1,MLT_DB_07_2016
ex.473,p.114,Undirected,artista,artista,1993,1,MLT_DB_07_2016
ex.473,p.206,Undirected,artista,artista,1993,1,MLT_DB_07_2016
ex.473,p.162,Undirected,artista,artista,1993,1,MLT_DB_07_2016
ex.473,p.309,Undirected,artista,artista,1993,1,MLT_DB_07_2016
ex.473,p.87,Undirected,artista,artista,1993,1,MLT_DB_07_2016
ex.473,p.215,Undirected,artista,artista,1993,1,MLT_DB_07_2016
ex.473,p.89,Undirected,artista,artista,1993,1,MLT_DB_07_2016
ex.473,p.163,Undirected,artista,artista,1993,1,MLT_DB_07_2016
ex.473,p.3219,Undirected,curador,curador,1993,1,MLT_DB_07_2016
ex.474,p.3180,Undirected,curador,curador,1993,1,MLT_DB_07_2016
ex.474,o.243,Undirected,apoyo,apoyo,1993,1,MLT_DB_07_2016
ex.475,p.2282,Undirected,artista,artista,1993,1,MLT_DB_07_2016
ex.475,o.11,Undirected,curador,curador,1993,1,MLT_DB_07_2016
ex.475,o.60,Undirected,apoyo,apoyo,1993,1,MLT_DB_07_2016
ex.475,o.11,Undirected,apoyo,apoyo,1993,1,MLT_DB_07_2016
ex.475,o.78,Undirected,apoyo,apoyo,1993,1,MLT_DB_07_2016
ex.475,o.221,Undirected,apoyo,apoyo,1993,1,MLT_DB_07_2016
ex.475,o.243,Undirected,apoyo,apoyo,1993,1,MLT_DB_07_2016
ex.476,p.125,Undirected,artista,artista,1993,1,MLT_DB_07_2016
ex.476,o.243,Undirected,apoyo,apoyo,1993,1,MLT_DB_07_2016
ex.477,p.638,Undirected,artista,artista,1993,1,MLT_DB_07_2016
ex.477,p.3219,Undirected,curador,curador,1993,1,MLT_DB_07_2016
ex.477,o.245,Undirected,apoyo,apoyo,1993,1,MLT_DB_07_2016
ex.478,p.41,Undirected,artista,artista,1993,1,MLT_DB_07_2016
ex.478,p.2481,Undirected,artista,artista,1993,1,MLT_DB_07_2016
ex.478,p.217,Undirected,artista,artista,1993,1,MLT_DB_07_2016
ex.478,p.200,Undirected,artista,artista,1993,1,MLT_DB_07_2016
ex.478,p.39,Undirected,artista,artista,1993,1,MLT_DB_07_2016
ex.478,p.2,Undirected,artista,artista,1993,1,MLT_DB_07_2016
ex.478,p.16,Undirected,artista,artista,1993,1,MLT_DB_07_2016
ex.478,p.7,Undirected,artista,artista,1993,1,MLT_DB_07_2016
ex.478,p.9,Undirected,artista,artista,1993,1,MLT_DB_07_2016
ex.478,p.73,Undirected,artista,artista,1993,1,MLT_DB_07_2016
ex.478,p.127,Undirected,artista,artista,1993,1,MLT_DB_07_2016
ex.478,p.22,Undirected,artista,artista,1993,1,MLT_DB_07_2016
ex.478,p.13,Undirected,artista,artista,1993,1,MLT_DB_07_2016
ex.478,p.10,Undirected,artista,artista,1993,1,MLT_DB_07_2016
ex.478,p.119,Undirected,artista,artista,1993,1,MLT_DB_07_2016
ex.478,p.3219,Undirected,curador,curador,1993,1,MLT_DB_07_2016
ex.479,p.105,Undirected,artista,artista,1993,1,MLT_DB_07_2016
ex.480,p.5,Undirected,artista,artista,1993,1,MLT_DB_07_2016
ex.481,p.7,Undirected,artista,artista,1994,1,MLT_DB_07_2016
ex.481,p.48,Undirected,artista,artista,1994,1,MLT_DB_07_2016
ex.481,p.68,Undirected,artista,artista,1994,1,MLT_DB_07_2016
ex.481,p.31,Undirected,artista,artista,1994,1,MLT_DB_07_2016
ex.481,p.14,Undirected,artista,artista,1994,1,MLT_DB_07_2016
ex.481,p.44,Undirected,artista,artista,1994,1,MLT_DB_07_2016
ex.481,p.23,Undirected,artista,artista,1994,1,MLT_DB_07_2016
ex.481,p.17,Undirected,artista,artista,1994,1,MLT_DB_07_2016
ex.481,o.39,Undirected,apoyo,apoyo,1994,1,MLT_DB_07_2016
ex.482,p.20,Undirected,artista,artista,1994,1,MLT_DB_07_2016
ex.482,p.3219,Undirected,curador,curador,1994,1,MLT_DB_07_2016
ex.482,o.39,Undirected,apoyo,apoyo,1994,1,MLT_DB_07_2016
ex.485,o.158,Undirected,apoyo,apoyo,1994,1,MLT_DB_07_2016
ex.485,o.131,Undirected,apoyo,apoyo,1994,1,MLT_DB_07_2016
ex.483,p.625,Undirected,artista,artista,1994,1,MLT_DB_07_2016
ex.483,p.2203,Undirected,artista,artista,1994,1,MLT_DB_07_2016
ex.483,p.1829,Undirected,artista,artista,1994,1,MLT_DB_07_2016
ex.483,p.379,Undirected,artista,artista,1994,1,MLT_DB_07_2016
ex.483,p.3219,Undirected,curador,curador,1994,1,MLT_DB_07_2016
ex.483,o.116,Undirected,apoyo,apoyo,1994,1,MLT_DB_07_2016
ex.486,p.132,Undirected,artista,artista,1994,1,MLT_DB_07_2016
ex.486,p.638,Undirected,artista,artista,1994,1,MLT_DB_07_2016
ex.486,p.114,Undirected,artista,artista,1994,1,MLT_DB_07_2016
ex.486,p.125,Undirected,artista,artista,1994,1,MLT_DB_07_2016
ex.486,p.349,Undirected,artista,artista,1994,1,MLT_DB_07_2016
ex.486,p.203,Undirected,artista,artista,1994,1,MLT_DB_07_2016
ex.486,p.43,Undirected,artista,artista,1994,1,MLT_DB_07_2016
ex.486,p.216,Undirected,artista,artista,1994,1,MLT_DB_07_2016
ex.486,p.36,Undirected,artista,artista,1994,1,MLT_DB_07_2016
ex.486,p.3219,Undirected,curador,curador,1994,1,MLT_DB_07_2016
ex.484,p.3044,Undirected,artista,artista,1994,1,MLT_DB_07_2016
ex.484,p.2611,Undirected,artista,artista,1994,1,MLT_DB_07_2016
ex.484,p.3045,Undirected,artista,artista,1994,1,MLT_DB_07_2016
ex.484,p.2737,Undirected,artista,artista,1994,1,MLT_DB_07_2016
ex.484,p.2927,Undirected,artista,artista,1994,1,MLT_DB_07_2016
ex.484,p.2751,Undirected,artista,artista,1994,1,MLT_DB_07_2016
ex.484,p.2692,Undirected,artista,artista,1994,1,MLT_DB_07_2016
ex.484,p.2735,Undirected,artista,artista,1994,1,MLT_DB_07_2016
ex.484,p.3165,Undirected,curador,curador,1994,1,MLT_DB_07_2016
ex.487,p.127,Undirected,artista,artista,1994,1,MLT_DB_07_2016
ex.487,p.3219,Undirected,curador,curador,1994,1,MLT_DB_07_2016
ex.487,o.229,Undirected,apoyo,apoyo,1994,1,MLT_DB_07_2016
ex.487,o.116,Undirected,apoyo,apoyo,1994,1,MLT_DB_07_2016
ex.488,p.212,Undirected,artista,artista,1994,1,MLT_DB_07_2016
ex.489,p.403,Undirected,artista,artista,1994,1,MLT_DB_07_2016
ex.489,o.116,Undirected,apoyo,apoyo,1994,1,MLT_DB_07_2016
ex.490,p.68,Undirected,artista,artista,1994,1,MLT_DB_07_2016
ex.490,p.3219,Undirected,curador,curador,1994,1,MLT_DB_07_2016
ex.490,p.3228,Undirected,curador,curador,1994,1,MLT_DB_07_2016
ex.492,p.536,Undirected,artista,artista,1994,1,MLT_DB_07_2016
ex.492,o.229,Undirected,apoyo,apoyo,1994,1,MLT_DB_07_2016
ex.493,p.1181,Undirected,artista,artista,1994,1,MLT_DB_07_2016
ex.493,p.323,Undirected,artista,artista,1994,1,MLT_DB_07_2016
ex.493,p.2199,Undirected,artista,artista,1994,1,MLT_DB_07_2016
ex.493,p.385,Undirected,artista,artista,1994,1,MLT_DB_07_2016
ex.493,p.2212,Undirected,artista,artista,1994,1,MLT_DB_07_2016
ex.493,p.1403,Undirected,artista,artista,1994,1,MLT_DB_07_2016
ex.493,p.1238,Undirected,artista,artista,1994,1,MLT_DB_07_2016
ex.493,p.1611,Undirected,artista,artista,1994,1,MLT_DB_07_2016
ex.493,p.1239,Undirected,artista,artista,1994,1,MLT_DB_07_2016
ex.493,p.752,Undirected,artista,artista,1994,1,MLT_DB_07_2016
ex.493,p.2412,Undirected,artista,artista,1994,1,MLT_DB_07_2016
ex.493,p.2156,Undirected,artista,artista,1994,1,MLT_DB_07_2016
ex.493,p.3219,Undirected,curador,curador,1994,1,MLT_DB_07_2016
ex.493,o.243,Undirected,apoyo,apoyo,1994,1,MLT_DB_07_2016
ex.491,p.7,Undirected,artista,artista,1994,1,MLT_DB_07_2016
ex.491,p.48,Undirected,artista,artista,1994,1,MLT_DB_07_2016
ex.491,p.46,Undirected,artista,artista,1994,1,MLT_DB_07_2016
ex.491,p.12,Undirected,artista,artista,1994,1,MLT_DB_07_2016
ex.491,p.5,Undirected,artista,artista,1994,1,MLT_DB_07_2016
ex.491,p.14,Undirected,artista,artista,1994,1,MLT_DB_07_2016
ex.491,p.44,Undirected,artista,artista,1994,1,MLT_DB_07_2016
ex.491,p.2,Undirected,artista,artista,1994,1,MLT_DB_07_2016
ex.491,p.41,Undirected,artista,artista,1994,1,MLT_DB_07_2016
ex.491,p.4,Undirected,artista,artista,1994,1,MLT_DB_07_2016
ex.491,p.23,Undirected,artista,artista,1994,1,MLT_DB_07_2016
ex.491,p.17,Undirected,artista,artista,1994,1,MLT_DB_07_2016
ex.491,p.3219,Undirected,curador,curador,1994,1,MLT_DB_07_2016
ex.494,p.186,Undirected,artista,artista,1994,1,MLT_DB_07_2016
ex.494,p.3175,Undirected,curador,curador,1994,1,MLT_DB_07_2016
ex.494,o.243,Undirected,apoyo,apoyo,1994,1,MLT_DB_07_2016
ex.495,p.149,Undirected,artista,artista,1994,1,MLT_DB_07_2016
ex.495,o.195,Undirected,apoyo,apoyo,1994,1,MLT_DB_07_2016
ex.495,o.229,Undirected,apoyo,apoyo,1994,1,MLT_DB_07_2016
ex.495,o.230,Undirected,apoyo,apoyo,1994,1,MLT_DB_07_2016
ex.496,p.203,Undirected,artista,artista,1994,1,MLT_DB_07_2016
ex.496,p.3219,Undirected,curador,curador,1994,1,MLT_DB_07_2016
ex.496,o.243,Undirected,apoyo,apoyo,1994,1,MLT_DB_07_2016
ex.497,p.392,Undirected,artista,artista,1994,1,MLT_DB_07_2016
ex.497,p.278,Undirected,artista,artista,1994,1,MLT_DB_07_2016
ex.497,p.23,Undirected,artista,artista,1994,1,MLT_DB_07_2016
ex.497,p.40,Undirected,artista,artista,1994,1,MLT_DB_07_2016
ex.497,p.73,Undirected,artista,artista,1994,1,MLT_DB_07_2016
ex.497,p.127,Undirected,artista,artista,1994,1,MLT_DB_07_2016
ex.497,p.217,Undirected,artista,artista,1994,1,MLT_DB_07_2016
ex.497,p.70,Undirected,artista,artista,1994,1,MLT_DB_07_2016
ex.497,p.103,Undirected,artista,artista,1994,1,MLT_DB_07_2016
ex.497,p.677,Undirected,artista,artista,1994,1,MLT_DB_07_2016
ex.497,p.600,Undirected,artista,artista,1994,1,MLT_DB_07_2016
ex.497,p.327,Undirected,artista,artista,1994,1,MLT_DB_07_2016
ex.497,p.349,Undirected,artista,artista,1994,1,MLT_DB_07_2016
ex.497,p.3219,Undirected,curador,curador,1994,1,MLT_DB_07_2016
ex.498,p.67,Undirected,artista,artista,1995,1,MLT_DB_07_2016
ex.498,p.3219,Undirected,curador,curador,1995,1,MLT_DB_07_2016
ex.498,o.116,Undirected,apoyo,apoyo,1995,1,MLT_DB_07_2016
ex.500,p.3219,Undirected,curador,curador,1995,1,MLT_DB_07_2016
ex.499,p.45,Undirected,artista,artista,1995,1,MLT_DB_07_2016
ex.499,o.238,Undirected,apoyo,apoyo,1995,1,MLT_DB_07_2016
ex.499,o.116,Undirected,apoyo,apoyo,1995,1,MLT_DB_07_2016
ex.501,p.2,Undirected,artista,artista,1995,1,MLT_DB_07_2016
ex.501,p.70,Undirected,artista,artista,1995,1,MLT_DB_07_2016
ex.502,p.9,Undirected,artista,artista,1995,1,MLT_DB_07_2016
ex.502,o.116,Undirected,apoyo,apoyo,1995,1,MLT_DB_07_2016
ex.502,o.235,Undirected,apoyo,apoyo,1995,1,MLT_DB_07_2016
ex.504,p.3219,Undirected,curador,curador,1995,1,MLT_DB_07_2016
ex.503,p.336,Undirected,artista,artista,1995,1,MLT_DB_07_2016
ex.503,o.116,Undirected,apoyo,apoyo,1995,1,MLT_DB_07_2016
ex.505,p.2222,Undirected,artista,artista,1995,1,MLT_DB_07_2016
ex.505,p.2417,Undirected,artista,artista,1995,1,MLT_DB_07_2016
ex.505,p.295,Undirected,artista,artista,1995,1,MLT_DB_07_2016
ex.505,p.474,Undirected,artista,artista,1995,1,MLT_DB_07_2016
ex.505,p.2266,Undirected,artista,artista,1995,1,MLT_DB_07_2016
ex.505,p.296,Undirected,artista,artista,1995,1,MLT_DB_07_2016
ex.505,p.578,Undirected,artista,artista,1995,1,MLT_DB_07_2016
ex.505,p.116,Undirected,artista,artista,1995,1,MLT_DB_07_2016
ex.505,p.621,Undirected,artista,artista,1995,1,MLT_DB_07_2016
ex.505,p.519,Undirected,artista,artista,1995,1,MLT_DB_07_2016
ex.505,p.41,Undirected,artista,artista,1995,1,MLT_DB_07_2016
ex.505,p.80,Undirected,artista,artista,1995,1,MLT_DB_07_2016
ex.505,p.44,Undirected,artista,artista,1995,1,MLT_DB_07_2016
ex.505,p.128,Undirected,artista,artista,1995,1,MLT_DB_07_2016
ex.505,p.77,Undirected,artista,artista,1995,1,MLT_DB_07_2016
ex.505,p.8,Undirected,artista,artista,1995,1,MLT_DB_07_2016
ex.505,p.30,Undirected,artista,artista,1995,1,MLT_DB_07_2016
ex.505,p.48,Undirected,artista,artista,1995,1,MLT_DB_07_2016
ex.505,p.11,Undirected,artista,artista,1995,1,MLT_DB_07_2016
ex.505,p.677,Undirected,artista,artista,1995,1,MLT_DB_07_2016
ex.505,p.3219,Undirected,curador,curador,1995,1,MLT_DB_07_2016
ex.505,o.354,Undirected,apoyo,apoyo,1995,1,MLT_DB_07_2016
ex.506,p.159,Undirected,artista,artista,1995,1,MLT_DB_07_2016
ex.506,p.2452,Undirected,artista,artista,1995,1,MLT_DB_07_2016
ex.506,p.2446,Undirected,artista,artista,1995,1,MLT_DB_07_2016
ex.506,p.143,Undirected,artista,artista,1995,1,MLT_DB_07_2016
ex.506,p.1964,Undirected,artista,artista,1995,1,MLT_DB_07_2016
ex.506,p.203,Undirected,artista,artista,1995,1,MLT_DB_07_2016
ex.506,p.114,Undirected,artista,artista,1995,1,MLT_DB_07_2016
ex.506,p.125,Undirected,artista,artista,1995,1,MLT_DB_07_2016
ex.506,p.149,Undirected,artista,artista,1995,1,MLT_DB_07_2016
ex.506,p.349,Undirected,artista,artista,1995,1,MLT_DB_07_2016
ex.506,p.1818,Undirected,artista,artista,1995,1,MLT_DB_07_2016
ex.506,p.3155,Undirected,curador,curador,1995,1,MLT_DB_07_2016
ex.506,o.313,Undirected,apoyo,apoyo,1995,1,MLT_DB_07_2016
ex.506,o.71,Undirected,apoyo,apoyo,1995,1,MLT_DB_07_2016
ex.506,o.60,Undirected,apoyo,apoyo,1995,1,MLT_DB_07_2016
ex.507,p.357,Undirected,artista,artista,1995,1,MLT_DB_07_2016
ex.507,o.116,Undirected,apoyo,apoyo,1995,1,MLT_DB_07_2016
ex.508,p.47,Undirected,artista,artista,1995,1,MLT_DB_07_2016
ex.508,o.31,Undirected,apoyo,apoyo,1995,1,MLT_DB_07_2016
ex.508,o.116,Undirected,apoyo,apoyo,1995,1,MLT_DB_07_2016
ex.508,o.229,Undirected,apoyo,apoyo,1995,1,MLT_DB_07_2016
ex.509,p.7,Undirected,artista,artista,1995,1,MLT_DB_07_2016
ex.509,p.48,Undirected,artista,artista,1995,1,MLT_DB_07_2016
ex.509,p.677,Undirected,artista,artista,1995,1,MLT_DB_07_2016
ex.509,p.30,Undirected,artista,artista,1995,1,MLT_DB_07_2016
ex.509,p.200,Undirected,artista,artista,1995,1,MLT_DB_07_2016
ex.509,p.73,Undirected,artista,artista,1995,1,MLT_DB_07_2016
ex.509,p.16,Undirected,artista,artista,1995,1,MLT_DB_07_2016
ex.509,p.22,Undirected,artista,artista,1995,1,MLT_DB_07_2016
ex.509,p.11,Undirected,artista,artista,1995,1,MLT_DB_07_2016
ex.509,p.600,Undirected,artista,artista,1995,1,MLT_DB_07_2016
ex.509,p.46,Undirected,artista,artista,1995,1,MLT_DB_07_2016
ex.509,p.9,Undirected,artista,artista,1995,1,MLT_DB_07_2016
ex.509,p.12,Undirected,artista,artista,1995,1,MLT_DB_07_2016
ex.509,p.5,Undirected,artista,artista,1995,1,MLT_DB_07_2016
ex.509,p.123,Undirected,artista,artista,1995,1,MLT_DB_07_2016
ex.509,p.14,Undirected,artista,artista,1995,1,MLT_DB_07_2016
ex.509,p.44,Undirected,artista,artista,1995,1,MLT_DB_07_2016
ex.509,p.2,Undirected,artista,artista,1995,1,MLT_DB_07_2016
ex.509,p.41,Undirected,artista,artista,1995,1,MLT_DB_07_2016
ex.509,p.349,Undirected,artista,artista,1995,1,MLT_DB_07_2016
ex.509,p.39,Undirected,artista,artista,1995,1,MLT_DB_07_2016
ex.509,p.4,Undirected,artista,artista,1995,1,MLT_DB_07_2016
ex.509,p.40,Undirected,artista,artista,1995,1,MLT_DB_07_2016
ex.509,p.127,Undirected,artista,artista,1995,1,MLT_DB_07_2016
ex.509,p.23,Undirected,artista,artista,1995,1,MLT_DB_07_2016
ex.509,p.17,Undirected,artista,artista,1995,1,MLT_DB_07_2016
ex.509,p.327,Undirected,artista,artista,1995,1,MLT_DB_07_2016
ex.509,p.70,Undirected,artista,artista,1995,1,MLT_DB_07_2016
ex.509,p.3219,Undirected,curador,curador,1995,1,MLT_DB_07_2016
ex.509,o.31,Undirected,apoyo,apoyo,1995,1,MLT_DB_07_2016
ex.509,o.116,Undirected,apoyo,apoyo,1995,1,MLT_DB_07_2016
ex.510,p.1644,Undirected,artista,artista,1995,1,MLT_DB_07_2016
ex.510,o.60,Undirected,apoyo,apoyo,1995,1,MLT_DB_07_2016
ex.510,o.116,Undirected,apoyo,apoyo,1995,1,MLT_DB_07_2016
ex.512,p.64,Undirected,artista,artista,1995,1,MLT_DB_07_2016
ex.512,p.589,Undirected,artista,artista,1995,1,MLT_DB_07_2016
ex.512,p.2354,Undirected,artista,artista,1995,1,MLT_DB_07_2016
ex.512,p.207,Undirected,artista,artista,1995,1,MLT_DB_07_2016
ex.512,p.85,Undirected,artista,artista,1995,1,MLT_DB_07_2016
ex.512,p.325,Undirected,artista,artista,1995,1,MLT_DB_07_2016
ex.512,p.544,Undirected,artista,artista,1995,1,MLT_DB_07_2016
ex.512,p.424,Undirected,artista,artista,1995,1,MLT_DB_07_2016
ex.512,p.180,Undirected,artista,artista,1995,1,MLT_DB_07_2016
ex.512,p.398,Undirected,artista,artista,1995,1,MLT_DB_07_2016
ex.512,p.247,Undirected,artista,artista,1995,1,MLT_DB_07_2016
ex.512,p.686,Undirected,artista,artista,1995,1,MLT_DB_07_2016
ex.512,p.412,Undirected,artista,artista,1995,1,MLT_DB_07_2016
ex.512,p.631,Undirected,artista,artista,1995,1,MLT_DB_07_2016
ex.512,p.113,Undirected,artista,artista,1995,1,MLT_DB_07_2016
ex.512,p.367,Undirected,artista,artista,1995,1,MLT_DB_07_2016
ex.512,p.321,Undirected,artista,artista,1995,1,MLT_DB_07_2016
ex.512,p.3219,Undirected,curador,curador,1995,1,MLT_DB_07_2016
ex.511,p.180,Undirected,artista,artista,1995,1,MLT_DB_07_2016
ex.511,o.229,Undirected,apoyo,apoyo,1995,1,MLT_DB_07_2016
ex.511,o.116,Undirected,apoyo,apoyo,1995,1,MLT_DB_07_2016
ex.513,p.21,Undirected,artista,artista,1995,1,MLT_DB_07_2016
ex.513,o.116,Undirected,apoyo,apoyo,1995,1,MLT_DB_07_2016
ex.513,o.243,Undirected,apoyo,apoyo,1995,1,MLT_DB_07_2016
ex.515,p.855,Undirected,artista,artista,1995,1,MLT_DB_07_2016
ex.515,p.90,Undirected,artista,artista,1995,1,MLT_DB_07_2016
ex.515,o.229,Undirected,apoyo,apoyo,1995,1,MLT_DB_07_2016
ex.515,o.116,Undirected,apoyo,apoyo,1995,1,MLT_DB_07_2016
ex.515,o.243,Undirected,apoyo,apoyo,1995,1,MLT_DB_07_2016
ex.514,p.14,Undirected,artista,artista,1995,1,MLT_DB_07_2016
ex.514,o.116,Undirected,apoyo,apoyo,1995,1,MLT_DB_07_2016
ex.514,o.243,Undirected,apoyo,apoyo,1995,1,MLT_DB_07_2016
ex.516,o.19,Undirected,apoyo,apoyo,1995,1,MLT_DB_07_2016
ex.517,p.295,Undirected,artista,artista,1995,1,MLT_DB_07_2016
ex.517,p.474,Undirected,artista,artista,1995,1,MLT_DB_07_2016
ex.517,p.116,Undirected,artista,artista,1995,1,MLT_DB_07_2016
ex.517,p.296,Undirected,artista,artista,1995,1,MLT_DB_07_2016
ex.517,p.621,Undirected,artista,artista,1995,1,MLT_DB_07_2016
ex.517,p.41,Undirected,artista,artista,1995,1,MLT_DB_07_2016
ex.517,p.12,Undirected,artista,artista,1995,1,MLT_DB_07_2016
ex.517,p.17,Undirected,artista,artista,1995,1,MLT_DB_07_2016
ex.517,p.68,Undirected,artista,artista,1995,1,MLT_DB_07_2016
ex.517,p.4,Undirected,artista,artista,1995,1,MLT_DB_07_2016
ex.517,p.217,Undirected,artista,artista,1995,1,MLT_DB_07_2016
ex.517,p.1,Undirected,artista,artista,1995,1,MLT_DB_07_2016
ex.517,p.9,Undirected,artista,artista,1995,1,MLT_DB_07_2016
ex.517,p.44,Undirected,artista,artista,1995,1,MLT_DB_07_2016
ex.517,p.40,Undirected,artista,artista,1995,1,MLT_DB_07_2016
ex.517,p.35,Undirected,artista,artista,1995,1,MLT_DB_07_2016
ex.517,p.14,Undirected,artista,artista,1995,1,MLT_DB_07_2016
ex.517,p.30,Undirected,artista,artista,1995,1,MLT_DB_07_2016
ex.517,p.51,Undirected,artista,artista,1995,1,MLT_DB_07_2016
ex.517,p.66,Undirected,artista,artista,1995,1,MLT_DB_07_2016
ex.517,p.214,Undirected,artista,artista,1995,1,MLT_DB_07_2016
ex.517,p.223,Undirected,artista,artista,1995,1,MLT_DB_07_2016
ex.517,p.269,Undirected,artista,artista,1995,1,MLT_DB_07_2016
ex.517,p.215,Undirected,artista,artista,1995,1,MLT_DB_07_2016
ex.517,p.163,Undirected,artista,artista,1995,1,MLT_DB_07_2016
ex.517,p.149,Undirected,artista,artista,1995,1,MLT_DB_07_2016
ex.517,p.148,Undirected,artista,artista,1995,1,MLT_DB_07_2016
ex.517,p.208,Undirected,artista,artista,1995,1,MLT_DB_07_2016
ex.517,p.105,Undirected,artista,artista,1995,1,MLT_DB_07_2016
ex.517,p.458,Undirected,artista,artista,1995,1,MLT_DB_07_2016
ex.517,p.159,Undirected,artista,artista,1995,1,MLT_DB_07_2016
ex.517,p.649,Undirected,artista,artista,1995,1,MLT_DB_07_2016
ex.517,p.625,Undirected,artista,artista,1995,1,MLT_DB_07_2016
ex.517,p.212,Undirected,artista,artista,1995,1,MLT_DB_07_2016
ex.517,p.3219,Undirected,curador,curador,1995,1,MLT_DB_07_2016
ex.518,p.459,Undirected,artista,artista,1996,1,MLT_DB_07_2016
ex.518,p.159,Undirected,artista,artista,1996,1,MLT_DB_07_2016
ex.518,p.714,Undirected,artista,artista,1996,1,MLT_DB_07_2016
ex.518,p.2339,Undirected,artista,artista,1996,1,MLT_DB_07_2016
ex.518,p.14,Undirected,curador,curador,1996,1,MLT_DB_07_2016
ex.518,o.116,Undirected,apoyo,apoyo,1996,1,MLT_DB_07_2016
ex.519,p.12,Undirected,artista,artista,1996,1,MLT_DB_07_2016
ex.519,p.3161,Undirected,curador,curador,1996,1,MLT_DB_07_2016
ex.519,o.116,Undirected,apoyo,apoyo,1996,1,MLT_DB_07_2016
ex.520,p.40,Undirected,artista,artista,1996,1,MLT_DB_07_2016
ex.520,o.229,Undirected,apoyo,apoyo,1996,1,MLT_DB_07_2016
ex.520,o.116,Undirected,apoyo,apoyo,1996,1,MLT_DB_07_2016
ex.521,p.23,Undirected,artista,artista,1996,1,MLT_DB_07_2016
ex.521,o.227,Undirected,apoyo,apoyo,1996,1,MLT_DB_07_2016
ex.521,o.116,Undirected,apoyo,apoyo,1996,1,MLT_DB_07_2016
ex.521,o.373,Undirected,apoyo,apoyo,1996,1,MLT_DB_07_2016
ex.523,p.114,Undirected,artista,artista,1996,1,MLT_DB_07_2016
ex.523,o.229,Undirected,apoyo,apoyo,1996,1,MLT_DB_07_2016
ex.523,o.116,Undirected,apoyo,apoyo,1996,1,MLT_DB_07_2016
ex.522,p.1159,Undirected,artista,artista,1996,1,MLT_DB_07_2016
ex.522,p.201,Undirected,artista,artista,1996,1,MLT_DB_07_2016
ex.522,p.535,Undirected,artista,artista,1996,1,MLT_DB_07_2016
ex.522,p.81,Undirected,artista,artista,1996,1,MLT_DB_07_2016
ex.522,p.140,Undirected,artista,artista,1996,1,MLT_DB_07_2016
ex.522,p.217,Undirected,artista,artista,1996,1,MLT_DB_07_2016
ex.522,p.2042,Undirected,artista,artista,1996,1,MLT_DB_07_2016
ex.522,p.40,Undirected,artista,artista,1996,1,MLT_DB_07_2016
ex.522,p.9,Undirected,artista,artista,1996,1,MLT_DB_07_2016
ex.522,p.11,Undirected,artista,artista,1996,1,MLT_DB_07_2016
ex.522,p.677,Undirected,artista,artista,1996,1,MLT_DB_07_2016
ex.522,p.600,Undirected,artista,artista,1996,1,MLT_DB_07_2016
ex.522,p.327,Undirected,artista,artista,1996,1,MLT_DB_07_2016
ex.522,p.459,Undirected,artista,artista,1996,1,MLT_DB_07_2016
ex.522,p.3219,Undirected,curador,curador,1996,1,MLT_DB_07_2016
ex.524,p.23,Undirected,artista,artista,1996,1,MLT_DB_07_2016
ex.524,o.227,Undirected,apoyo,apoyo,1996,1,MLT_DB_07_2016
ex.524,o.116,Undirected,apoyo,apoyo,1996,1,MLT_DB_07_2016
ex.524,o.373,Undirected,apoyo,apoyo,1996,1,MLT_DB_07_2016
ex.525,p.1075,Undirected,artista,artista,1996,1,MLT_DB_07_2016
ex.525,o.116,Undirected,apoyo,apoyo,1996,1,MLT_DB_07_2016
ex.526,p.41,Undirected,artista,artista,1996,1,MLT_DB_07_2016
ex.526,p.12,Undirected,artista,artista,1996,1,MLT_DB_07_2016
ex.526,p.17,Undirected,artista,artista,1996,1,MLT_DB_07_2016
ex.526,p.4,Undirected,artista,artista,1996,1,MLT_DB_07_2016
ex.526,p.35,Undirected,artista,artista,1996,1,MLT_DB_07_2016
ex.526,p.9,Undirected,artista,artista,1996,1,MLT_DB_07_2016
ex.526,p.22,Undirected,artista,artista,1996,1,MLT_DB_07_2016
ex.526,p.5,Undirected,artista,artista,1996,1,MLT_DB_07_2016
ex.526,p.14,Undirected,artista,artista,1996,1,MLT_DB_07_2016
ex.526,p.1415,Undirected,artista,artista,1996,1,MLT_DB_07_2016
ex.526,p.208,Undirected,artista,artista,1996,1,MLT_DB_07_2016
ex.526,p.105,Undirected,artista,artista,1996,1,MLT_DB_07_2016
ex.526,p.214,Undirected,artista,artista,1996,1,MLT_DB_07_2016
ex.526,p.215,Undirected,artista,artista,1996,1,MLT_DB_07_2016
ex.526,p.75,Undirected,artista,artista,1996,1,MLT_DB_07_2016
ex.526,p.3219,Undirected,curador,curador,1996,1,MLT_DB_07_2016
ex.528,p.3219,Undirected,curador,curador,1996,1,MLT_DB_07_2016
ex.527,p.13,Undirected,artista,artista,1996,1,MLT_DB_07_2016
ex.527,o.243,Undirected,apoyo,apoyo,1996,1,MLT_DB_07_2016
ex.527,o.154,Undirected,apoyo,apoyo,1996,1,MLT_DB_07_2016
ex.529,p.85,Undirected,artista,artista,1996,1,MLT_DB_07_2016
ex.529,p.76,Undirected,artista,artista,1996,1,MLT_DB_07_2016
ex.529,p.1159,Undirected,artista,artista,1996,1,MLT_DB_07_2016
ex.529,p.122,Undirected,artista,artista,1996,1,MLT_DB_07_2016
ex.529,p.99,Undirected,artista,artista,1996,1,MLT_DB_07_2016
ex.529,p.49,Undirected,artista,artista,1996,1,MLT_DB_07_2016
ex.529,p.55,Undirected,artista,artista,1996,1,MLT_DB_07_2016
ex.529,p.663,Undirected,artista,artista,1996,1,MLT_DB_07_2016
ex.529,p.426,Undirected,artista,artista,1996,1,MLT_DB_07_2016
ex.529,p.185,Undirected,artista,artista,1996,1,MLT_DB_07_2016
ex.529,p.42,Undirected,artista,artista,1996,1,MLT_DB_07_2016
ex.529,p.57,Undirected,artista,artista,1996,1,MLT_DB_07_2016
ex.529,p.7,Undirected,artista,artista,1996,1,MLT_DB_07_2016
ex.529,p.48,Undirected,artista,artista,1996,1,MLT_DB_07_2016
ex.529,p.73,Undirected,artista,artista,1996,1,MLT_DB_07_2016
ex.529,p.16,Undirected,artista,artista,1996,1,MLT_DB_07_2016
ex.529,p.22,Undirected,artista,artista,1996,1,MLT_DB_07_2016
ex.529,p.9,Undirected,artista,artista,1996,1,MLT_DB_07_2016
ex.529,p.12,Undirected,artista,artista,1996,1,MLT_DB_07_2016
ex.529,p.203,Undirected,artista,artista,1996,1,MLT_DB_07_2016
ex.529,p.174,Undirected,artista,artista,1996,1,MLT_DB_07_2016
ex.529,p.5,Undirected,artista,artista,1996,1,MLT_DB_07_2016
ex.529,p.51,Undirected,artista,artista,1996,1,MLT_DB_07_2016
ex.529,p.24,Undirected,artista,artista,1996,1,MLT_DB_07_2016
ex.529,p.216,Undirected,artista,artista,1996,1,MLT_DB_07_2016
ex.529,p.123,Undirected,artista,artista,1996,1,MLT_DB_07_2016
ex.529,p.385,Undirected,artista,artista,1996,1,MLT_DB_07_2016
ex.529,p.14,Undirected,artista,artista,1996,1,MLT_DB_07_2016
ex.529,p.44,Undirected,artista,artista,1996,1,MLT_DB_07_2016
ex.529,p.149,Undirected,artista,artista,1996,1,MLT_DB_07_2016
ex.529,p.127,Undirected,artista,artista,1996,1,MLT_DB_07_2016
ex.529,p.17,Undirected,artista,artista,1996,1,MLT_DB_07_2016
ex.529,p.3219,Undirected,curador,curador,1996,1,MLT_DB_07_2016
ex.529,o.116,Undirected,apoyo,apoyo,1996,1,MLT_DB_07_2016
ex.529,o.243,Undirected,apoyo,apoyo,1996,1,MLT_DB_07_2016
ex.529,o.154,Undirected,apoyo,apoyo,1996,1,MLT_DB_07_2016
ex.530,p.33,Undirected,artista,artista,1996,1,MLT_DB_07_2016
ex.530,p.58,Undirected,artista,artista,1996,1,MLT_DB_07_2016
ex.530,p.56,Undirected,artista,artista,1996,1,MLT_DB_07_2016
ex.530,p.129,Undirected,artista,artista,1996,1,MLT_DB_07_2016
ex.530,p.72,Undirected,artista,artista,1996,1,MLT_DB_07_2016
ex.530,p.642,Undirected,artista,artista,1996,1,MLT_DB_07_2016
ex.530,p.29,Undirected,artista,artista,1996,1,MLT_DB_07_2016
ex.530,p.581,Undirected,artista,artista,1996,1,MLT_DB_07_2016
ex.530,p.45,Undirected,artista,artista,1996,1,MLT_DB_07_2016
ex.530,p.32,Undirected,artista,artista,1996,1,MLT_DB_07_2016
ex.530,p.115,Undirected,artista,artista,1996,1,MLT_DB_07_2016
ex.530,p.109,Undirected,artista,artista,1996,1,MLT_DB_07_2016
ex.530,p.579,Undirected,artista,artista,1996,1,MLT_DB_07_2016
ex.530,p.458,Undirected,artista,artista,1996,1,MLT_DB_07_2016
ex.530,p.8,Undirected,artista,artista,1996,1,MLT_DB_07_2016
ex.530,p.11,Undirected,artista,artista,1996,1,MLT_DB_07_2016
ex.530,p.208,Undirected,artista,artista,1996,1,MLT_DB_07_2016
ex.530,p.625,Undirected,artista,artista,1996,1,MLT_DB_07_2016
ex.530,p.872,Undirected,artista,artista,1996,1,MLT_DB_07_2016
ex.530,p.125,Undirected,artista,artista,1996,1,MLT_DB_07_2016
ex.530,p.114,Undirected,artista,artista,1996,1,MLT_DB_07_2016
ex.530,p.268,Undirected,artista,artista,1996,1,MLT_DB_07_2016
ex.530,p.2,Undirected,artista,artista,1996,1,MLT_DB_07_2016
ex.530,p.41,Undirected,artista,artista,1996,1,MLT_DB_07_2016
ex.530,p.349,Undirected,artista,artista,1996,1,MLT_DB_07_2016
ex.530,p.39,Undirected,artista,artista,1996,1,MLT_DB_07_2016
ex.530,p.20,Undirected,artista,artista,1996,1,MLT_DB_07_2016
ex.530,p.43,Undirected,artista,artista,1996,1,MLT_DB_07_2016
ex.530,p.105,Undirected,artista,artista,1996,1,MLT_DB_07_2016
ex.530,p.23,Undirected,artista,artista,1996,1,MLT_DB_07_2016
ex.530,p.70,Undirected,artista,artista,1996,1,MLT_DB_07_2016
ex.530,p.404,Undirected,artista,artista,1996,1,MLT_DB_07_2016
ex.530,p.3219,Undirected,curador,curador,1996,1,MLT_DB_07_2016
ex.530,o.116,Undirected,apoyo,apoyo,1996,1,MLT_DB_07_2016
ex.530,o.243,Undirected,apoyo,apoyo,1996,1,MLT_DB_07_2016
ex.530,o.154,Undirected,apoyo,apoyo,1996,1,MLT_DB_07_2016
ex.531,p.13,Undirected,artista,artista,1996,1,MLT_DB_07_2016
ex.531,o.116,Undirected,apoyo,apoyo,1996,1,MLT_DB_07_2016
ex.531,o.243,Undirected,apoyo,apoyo,1996,1,MLT_DB_07_2016
ex.531,o.154,Undirected,apoyo,apoyo,1996,1,MLT_DB_07_2016
ex.532,p.3219,Undirected,curador,curador,1996,1,MLT_DB_07_2016
ex.532,o.116,Undirected,apoyo,apoyo,1996,1,MLT_DB_07_2016
ex.532,o.243,Undirected,apoyo,apoyo,1996,1,MLT_DB_07_2016
ex.532,o.154,Undirected,apoyo,apoyo,1996,1,MLT_DB_07_2016
ex.533,p.327,Undirected,artista,artista,1996,1,MLT_DB_07_2016
ex.533,o.116,Undirected,apoyo,apoyo,1996,1,MLT_DB_07_2016
ex.533,o.243,Undirected,apoyo,apoyo,1996,1,MLT_DB_07_2016
ex.533,o.154,Undirected,apoyo,apoyo,1996,1,MLT_DB_07_2016
ex.534,p.186,Undirected,artista,artista,1996,1,MLT_DB_07_2016
ex.534,p.888,Undirected,artista,artista,1996,1,MLT_DB_07_2016
ex.534,p.5,Undirected,artista,artista,1996,1,MLT_DB_07_2016
ex.534,p.349,Undirected,artista,artista,1996,1,MLT_DB_07_2016
ex.534,p.388,Undirected,artista,artista,1996,1,MLT_DB_07_2016
ex.534,o.116,Undirected,apoyo,apoyo,1996,1,MLT_DB_07_2016
ex.534,o.243,Undirected,apoyo,apoyo,1996,1,MLT_DB_07_2016
ex.534,o.154,Undirected,apoyo,apoyo,1996,1,MLT_DB_07_2016
ex.535,p.29,Undirected,artista,artista,1996,1,MLT_DB_07_2016
ex.535,p.88,Undirected,artista,artista,1996,1,MLT_DB_07_2016
ex.535,p.156,Undirected,artista,artista,1996,1,MLT_DB_07_2016
ex.535,p.76,Undirected,artista,artista,1996,1,MLT_DB_07_2016
ex.535,p.854,Undirected,artista,artista,1996,1,MLT_DB_07_2016
ex.535,p.2019,Undirected,artista,artista,1996,1,MLT_DB_07_2016
ex.535,p.140,Undirected,artista,artista,1996,1,MLT_DB_07_2016
ex.535,p.596,Undirected,artista,artista,1996,1,MLT_DB_07_2016
ex.535,p.154,Undirected,artista,artista,1996,1,MLT_DB_07_2016
ex.535,p.494,Undirected,artista,artista,1996,1,MLT_DB_07_2016
ex.535,p.620,Undirected,artista,artista,1996,1,MLT_DB_07_2016
ex.535,p.119,Undirected,artista,artista,1996,1,MLT_DB_07_2016
ex.535,p.232,Undirected,artista,artista,1996,1,MLT_DB_07_2016
ex.535,p.100,Undirected,artista,artista,1996,1,MLT_DB_07_2016
ex.535,p.38,Undirected,artista,artista,1996,1,MLT_DB_07_2016
ex.535,p.142,Undirected,artista,artista,1996,1,MLT_DB_07_2016
ex.535,p.630,Undirected,artista,artista,1996,1,MLT_DB_07_2016
ex.535,p.218,Undirected,artista,artista,1996,1,MLT_DB_07_2016
ex.535,p.108,Undirected,artista,artista,1996,1,MLT_DB_07_2016
ex.535,p.24,Undirected,artista,artista,1996,1,MLT_DB_07_2016
ex.535,p.149,Undirected,artista,artista,1996,1,MLT_DB_07_2016
ex.535,p.206,Undirected,artista,artista,1996,1,MLT_DB_07_2016
ex.535,p.148,Undirected,artista,artista,1996,1,MLT_DB_07_2016
ex.535,p.379,Undirected,artista,artista,1996,1,MLT_DB_07_2016
ex.535,p.3219,Undirected,curador,curador,1996,1,MLT_DB_07_2016
ex.536,p.2481,Undirected,artista,artista,1997,1,MLT_DB_07_2016
ex.536,o.116,Undirected,apoyo,apoyo,1997,1,MLT_DB_07_2016
ex.536,o.243,Undirected,apoyo,apoyo,1997,1,MLT_DB_07_2016
ex.536,o.154,Undirected,apoyo,apoyo,1997,1,MLT_DB_07_2016
ex.536,o.320,Undirected,apoyo,apoyo,1997,1,MLT_DB_07_2016
ex.537,p.1996,Undirected,artista,artista,1997,1,MLT_DB_07_2016
ex.537,p.1379,Undirected,artista,artista,1997,1,MLT_DB_07_2016
ex.537,p.1981,Undirected,artista,artista,1997,1,MLT_DB_07_2016
ex.537,p.2167,Undirected,artista,artista,1997,1,MLT_DB_07_2016
ex.537,p.1337,Undirected,artista,artista,1997,1,MLT_DB_07_2016
ex.537,p.1894,Undirected,artista,artista,1997,1,MLT_DB_07_2016
ex.537,p.1588,Undirected,artista,artista,1997,1,MLT_DB_07_2016
ex.537,p.1591,Undirected,artista,artista,1997,1,MLT_DB_07_2016
ex.537,p.2952,Undirected,artista,artista,1997,1,MLT_DB_07_2016
ex.537,p.836,Undirected,artista,artista,1997,1,MLT_DB_07_2016
ex.537,p.1503,Undirected,artista,artista,1997,1,MLT_DB_07_2016
ex.537,p.1720,Undirected,artista,artista,1997,1,MLT_DB_07_2016
ex.537,p.2198,Undirected,artista,artista,1997,1,MLT_DB_07_2016
ex.537,o.116,Undirected,apoyo,apoyo,1997,1,MLT_DB_07_2016
ex.537,o.243,Undirected,apoyo,apoyo,1997,1,MLT_DB_07_2016
ex.537,o.154,Undirected,apoyo,apoyo,1997,1,MLT_DB_07_2016
ex.537,o.229,Undirected,apoyo,apoyo,1997,1,MLT_DB_07_2016
ex.538,p.8,Undirected,artista,artista,1997,1,MLT_DB_07_2016
ex.538,p.3175,Undirected,curador,curador,1997,1,MLT_DB_07_2016
ex.538,o.383,Undirected,apoyo,apoyo,1997,1,MLT_DB_07_2016
ex.538,o.235,Undirected,apoyo,apoyo,1997,1,MLT_DB_07_2016
ex.538,o.116,Undirected,apoyo,apoyo,1997,1,MLT_DB_07_2016
ex.538,o.243,Undirected,apoyo,apoyo,1997,1,MLT_DB_07_2016
ex.540,p.3219,Undirected,curador,curador,1997,1,MLT_DB_07_2016
ex.540,o.228,Undirected,apoyo,apoyo,1997,1,MLT_DB_07_2016
ex.540,o.266,Undirected,apoyo,apoyo,1997,1,MLT_DB_07_2016
ex.539,p.85,Undirected,artista,artista,1997,1,MLT_DB_07_2016
ex.539,p.544,Undirected,artista,artista,1997,1,MLT_DB_07_2016
ex.539,p.180,Undirected,artista,artista,1997,1,MLT_DB_07_2016
ex.539,o.229,Undirected,apoyo,apoyo,1997,1,MLT_DB_07_2016
ex.539,o.116,Undirected,apoyo,apoyo,1997,1,MLT_DB_07_2016
ex.541,p.677,Undirected,artista,artista,1997,1,MLT_DB_07_2016
ex.541,p.435,Undirected,artista,artista,1997,1,MLT_DB_07_2016
ex.541,p.714,Undirected,artista,artista,1997,1,MLT_DB_07_2016
ex.541,p.1287,Undirected,artista,artista,1997,1,MLT_DB_07_2016
ex.541,p.203,Undirected,artista,artista,1997,1,MLT_DB_07_2016
ex.541,p.14,Undirected,artista,artista,1997,1,MLT_DB_07_2016
ex.541,p.1177,Undirected,artista,artista,1997,1,MLT_DB_07_2016
ex.541,p.173,Undirected,artista,artista,1997,1,MLT_DB_07_2016
ex.541,p.349,Undirected,artista,artista,1997,1,MLT_DB_07_2016
ex.541,p.105,Undirected,artista,artista,1997,1,MLT_DB_07_2016
ex.541,p.3219,Undirected,curador,curador,1997,1,MLT_DB_07_2016
ex.541,o.354,Undirected,apoyo,apoyo,1997,1,MLT_DB_07_2016
ex.814,p.1,Undirected,artista,artista,1997,1,MLT_DB_07_2016
ex.814,p.12,Undirected,artista,artista,1997,1,MLT_DB_07_2016
ex.814,p.9,Undirected,artista,artista,1997,1,MLT_DB_07_2016
ex.814,p.41,Undirected,artista,artista,1997,1,MLT_DB_07_2016
ex.814,p.7,Undirected,artista,artista,1997,1,MLT_DB_07_2016
ex.814,p.4,Undirected,artista,artista,1997,1,MLT_DB_07_2016
ex.814,p.17,Undirected,artista,artista,1997,1,MLT_DB_07_2016
ex.814,p.30,Undirected,artista,artista,1997,1,MLT_DB_07_2016
ex.814,p.44,Undirected,artista,artista,1997,1,MLT_DB_07_2016
ex.814,p.5,Undirected,artista,artista,1997,1,MLT_DB_07_2016
ex.814,p.22,Undirected,artista,artista,1997,1,MLT_DB_07_2016
ex.814,p.35,Undirected,artista,artista,1997,1,MLT_DB_07_2016
ex.814,p.50,Undirected,artista,artista,1997,1,MLT_DB_07_2016
ex.814,p.214,Undirected,artista,artista,1997,1,MLT_DB_07_2016
ex.814,p.223,Undirected,artista,artista,1997,1,MLT_DB_07_2016
ex.814,p.51,Undirected,artista,artista,1997,1,MLT_DB_07_2016
ex.814,p.75,Undirected,artista,artista,1997,1,MLT_DB_07_2016
ex.814,p.163,Undirected,artista,artista,1997,1,MLT_DB_07_2016
ex.814,p.206,Undirected,artista,artista,1997,1,MLT_DB_07_2016
ex.814,p.357,Undirected,artista,artista,1997,1,MLT_DB_07_2016
ex.814,p.458,Undirected,artista,artista,1997,1,MLT_DB_07_2016
ex.814,p.132,Undirected,artista,artista,1997,1,MLT_DB_07_2016
ex.814,p.2637,Undirected,artista,artista,1997,1,MLT_DB_07_2016
ex.814,p.625,Undirected,artista,artista,1997,1,MLT_DB_07_2016
ex.814,p.3189,Undirected,curador,curador,1997,1,MLT_DB_07_2016
ex.814,p.3219,Undirected,curador,curador,1997,1,MLT_DB_07_2016
ex.814,p.3235,Undirected,curador,curador,1997,1,MLT_DB_07_2016
ex.814,o.352,Undirected,apoyo,apoyo,1997,1,MLT_DB_07_2016
ex.814,o.310,Undirected,apoyo,apoyo,1997,1,MLT_DB_07_2016
ex.814,o.266,Undirected,apoyo,apoyo,1997,1,MLT_DB_07_2016
ex.542,p.1031,Undirected,artista,artista,1997,1,MLT_DB_07_2016
ex.542,p.139,Undirected,artista,artista,1997,1,MLT_DB_07_2016
ex.542,o.154,Undirected,apoyo,apoyo,1997,1,MLT_DB_07_2016
ex.543,p.9,Undirected,artista,artista,1997,1,MLT_DB_07_2016
ex.543,p.16,Undirected,artista,artista,1997,1,MLT_DB_07_2016
ex.543,p.23,Undirected,artista,artista,1997,1,MLT_DB_07_2016
ex.543,p.24,Undirected,artista,artista,1997,1,MLT_DB_07_2016
ex.543,p.40,Undirected,artista,artista,1997,1,MLT_DB_07_2016
ex.543,p.22,Undirected,artista,artista,1997,1,MLT_DB_07_2016
ex.543,p.13,Undirected,artista,artista,1997,1,MLT_DB_07_2016
ex.543,p.8,Undirected,artista,artista,1997,1,MLT_DB_07_2016
ex.543,p.714,Undirected,artista,artista,1997,1,MLT_DB_07_2016
ex.543,p.435,Undirected,artista,artista,1997,1,MLT_DB_07_2016
ex.543,p.166,Undirected,artista,artista,1997,1,MLT_DB_07_2016
ex.543,p.388,Undirected,artista,artista,1997,1,MLT_DB_07_2016
ex.543,p.173,Undirected,artista,artista,1997,1,MLT_DB_07_2016
ex.543,p.43,Undirected,artista,artista,1997,1,MLT_DB_07_2016
ex.543,p.174,Undirected,artista,artista,1997,1,MLT_DB_07_2016
ex.543,p.630,Undirected,artista,artista,1997,1,MLT_DB_07_2016
ex.543,p.403,Undirected,artista,artista,1997,1,MLT_DB_07_2016
ex.543,p.379,Undirected,artista,artista,1997,1,MLT_DB_07_2016
ex.544,p.630,Undirected,artista,artista,1997,1,MLT_DB_07_2016
ex.544,o.174,Undirected,apoyo,apoyo,1997,1,MLT_DB_07_2016
ex.544,o.116,Undirected,apoyo,apoyo,1997,1,MLT_DB_07_2016
ex.544,o.235,Undirected,apoyo,apoyo,1997,1,MLT_DB_07_2016
ex.545,p.1656,Undirected,artista,artista,1997,1,MLT_DB_07_2016
ex.545,o.18,Undirected,curador,curador,1997,1,MLT_DB_07_2016
ex.545,o.335,Undirected,apoyo,apoyo,1997,1,MLT_DB_07_2016
ex.545,o.203,Undirected,apoyo,apoyo,1997,1,MLT_DB_07_2016
ex.545,o.293,Undirected,apoyo,apoyo,1997,1,MLT_DB_07_2016
ex.545,o.18,Undirected,apoyo,apoyo,1997,1,MLT_DB_07_2016
ex.546,p.31,Undirected,artista,artista,1997,1,MLT_DB_07_2016
ex.546,o.335,Undirected,apoyo,apoyo,1997,1,MLT_DB_07_2016
ex.546,o.203,Undirected,apoyo,apoyo,1997,1,MLT_DB_07_2016
ex.546,o.308,Undirected,apoyo,apoyo,1997,1,MLT_DB_07_2016
ex.546,n.1,Undirected,apoyo,apoyo,1997,1,MLT_DB_07_2016
ex.548,p.459,Undirected,artista,artista,1997,1,MLT_DB_07_2016
ex.548,p.48,Undirected,artista,artista,1997,1,MLT_DB_07_2016
ex.548,p.1505,Undirected,artista,artista,1997,1,MLT_DB_07_2016
ex.548,p.1455,Undirected,artista,artista,1997,1,MLT_DB_07_2016
ex.548,p.159,Undirected,artista,artista,1997,1,MLT_DB_07_2016
ex.548,p.2065,Undirected,artista,artista,1997,1,MLT_DB_07_2016
ex.548,p.714,Undirected,artista,artista,1997,1,MLT_DB_07_2016
ex.548,p.2438,Undirected,artista,artista,1997,1,MLT_DB_07_2016
ex.548,p.2339,Undirected,artista,artista,1997,1,MLT_DB_07_2016
ex.548,p.1712,Undirected,artista,artista,1997,1,MLT_DB_07_2016
ex.548,p.2381,Undirected,artista,artista,1997,1,MLT_DB_07_2016
ex.548,p.435,Undirected,artista,artista,1997,1,MLT_DB_07_2016
ex.548,p.2248,Undirected,artista,artista,1997,1,MLT_DB_07_2016
ex.548,p.1592,Undirected,artista,artista,1997,1,MLT_DB_07_2016
ex.548,p.1750,Undirected,artista,artista,1997,1,MLT_DB_07_2016
ex.548,p.1855,Undirected,artista,artista,1997,1,MLT_DB_07_2016
ex.548,p.1153,Undirected,artista,artista,1997,1,MLT_DB_07_2016
ex.548,p.2186,Undirected,artista,artista,1997,1,MLT_DB_07_2016
ex.548,p.87,Undirected,artista,artista,1997,1,MLT_DB_07_2016
ex.548,p.1933,Undirected,artista,artista,1997,1,MLT_DB_07_2016
ex.548,p.1044,Undirected,artista,artista,1997,1,MLT_DB_07_2016
ex.548,p.895,Undirected,artista,artista,1997,1,MLT_DB_07_2016
ex.548,p.1276,Undirected,artista,artista,1997,1,MLT_DB_07_2016
ex.548,p.2108,Undirected,artista,artista,1997,1,MLT_DB_07_2016
ex.548,p.242,Undirected,artista,artista,1997,1,MLT_DB_07_2016
ex.548,p.608,Undirected,artista,artista,1997,1,MLT_DB_07_2016
ex.548,p.3220,Undirected,curador,curador,1997,1,MLT_DB_07_2016
ex.548,p.3166,Undirected,curador,curador,1997,1,MLT_DB_07_2016
ex.548,p.114,Undirected,curador,curador,1997,1,MLT_DB_07_2016
ex.548,o.308,Undirected,apoyo,apoyo,1997,1,MLT_DB_07_2016
ex.548,o.192,Undirected,apoyo,apoyo,1997,1,MLT_DB_07_2016
ex.548,o.127,Undirected,apoyo,apoyo,1997,1,MLT_DB_07_2016
ex.547,p.295,Undirected,artista,artista,1997,1,MLT_DB_07_2016
ex.547,p.474,Undirected,artista,artista,1997,1,MLT_DB_07_2016
ex.547,p.278,Undirected,artista,artista,1997,1,MLT_DB_07_2016
ex.547,p.116,Undirected,artista,artista,1997,1,MLT_DB_07_2016
ex.547,p.621,Undirected,artista,artista,1997,1,MLT_DB_07_2016
ex.547,p.517,Undirected,artista,artista,1997,1,MLT_DB_07_2016
ex.547,p.41,Undirected,artista,artista,1997,1,MLT_DB_07_2016
ex.547,p.2,Undirected,artista,artista,1997,1,MLT_DB_07_2016
ex.547,p.12,Undirected,artista,artista,1997,1,MLT_DB_07_2016
ex.547,p.39,Undirected,artista,artista,1997,1,MLT_DB_07_2016
ex.547,p.23,Undirected,artista,artista,1997,1,MLT_DB_07_2016
ex.547,p.4,Undirected,artista,artista,1997,1,MLT_DB_07_2016
ex.547,p.40,Undirected,artista,artista,1997,1,MLT_DB_07_2016
ex.547,p.127,Undirected,artista,artista,1997,1,MLT_DB_07_2016
ex.547,p.9,Undirected,artista,artista,1997,1,MLT_DB_07_2016
ex.547,p.186,Undirected,artista,artista,1997,1,MLT_DB_07_2016
ex.547,p.35,Undirected,artista,artista,1997,1,MLT_DB_07_2016
ex.547,p.22,Undirected,artista,artista,1997,1,MLT_DB_07_2016
ex.547,p.73,Undirected,artista,artista,1997,1,MLT_DB_07_2016
ex.547,p.14,Undirected,artista,artista,1997,1,MLT_DB_07_2016
ex.547,p.70,Undirected,artista,artista,1997,1,MLT_DB_07_2016
ex.547,p.677,Undirected,artista,artista,1997,1,MLT_DB_07_2016
ex.547,p.404,Undirected,artista,artista,1997,1,MLT_DB_07_2016
ex.547,p.203,Undirected,artista,artista,1997,1,MLT_DB_07_2016
ex.547,p.625,Undirected,artista,artista,1997,1,MLT_DB_07_2016
ex.547,p.3219,Undirected,curador,curador,1997,1,MLT_DB_07_2016
ex.549,p.44,Undirected,artista,artista,1997,1,MLT_DB_07_2016
ex.549,o.308,Undirected,apoyo,apoyo,1997,1,MLT_DB_07_2016
ex.549,o.154,Undirected,apoyo,apoyo,1997,1,MLT_DB_07_2016
ex.816,p.44,Undirected,artista,artista,1997,1,MLT_DB_07_2016
ex.816,p.2547,Undirected,curador,curador,1997,1,MLT_DB_07_2016
ex.816,o.154,Undirected,apoyo,apoyo,1997,1,MLT_DB_07_2016
ex.550,p.60,Undirected,artista,artista,1997,1,MLT_DB_07_2016
ex.550,o.243,Undirected,apoyo,apoyo,1997,1,MLT_DB_07_2016
ex.550,o.154,Undirected,apoyo,apoyo,1997,1,MLT_DB_07_2016
ex.550,o.308,Undirected,apoyo,apoyo,1997,1,MLT_DB_07_2016
ex.551,p.5,Undirected,artista,artista,1998,1,MLT_DB_07_2016
ex.551,p.3199,Undirected,curador,curador,1998,1,MLT_DB_07_2016
ex.551,p.3278,Undirected,presentador,presentador,1998,1,MLT_DB_07_2016
ex.551,o.243,Undirected,apoyo,apoyo,1998,1,MLT_DB_07_2016
ex.551,o.154,Undirected,apoyo,apoyo,1998,1,MLT_DB_07_2016
ex.551,o.308,Undirected,apoyo,apoyo,1998,1,MLT_DB_07_2016
ex.552,p.618,Undirected,artista,artista,1998,1,MLT_DB_07_2016
ex.552,p.3219,Undirected,curador,curador,1998,1,MLT_DB_07_2016
ex.552,o.243,Undirected,apoyo,apoyo,1998,1,MLT_DB_07_2016
ex.552,o.154,Undirected,apoyo,apoyo,1998,1,MLT_DB_07_2016
ex.552,o.308,Undirected,apoyo,apoyo,1998,1,MLT_DB_07_2016
ex.553,p.174,Undirected,artista,artista,1998,1,MLT_DB_07_2016
ex.553,p.3219,Undirected,curador,curador,1998,1,MLT_DB_07_2016
ex.553,o.243,Undirected,apoyo,apoyo,1998,1,MLT_DB_07_2016
ex.553,o.154,Undirected,apoyo,apoyo,1998,1,MLT_DB_07_2016
ex.553,o.308,Undirected,apoyo,apoyo,1998,1,MLT_DB_07_2016
ex.554,p.458,Undirected,artista,artista,1998,1,MLT_DB_07_2016
ex.554,p.1978,Undirected,artista,artista,1998,1,MLT_DB_07_2016
ex.554,p.323,Undirected,artista,artista,1998,1,MLT_DB_07_2016
ex.554,p.470,Undirected,artista,artista,1998,1,MLT_DB_07_2016
ex.554,p.2452,Undirected,artista,artista,1998,1,MLT_DB_07_2016
ex.554,p.952,Undirected,artista,artista,1998,1,MLT_DB_07_2016
ex.554,p.187,Undirected,artista,artista,1998,1,MLT_DB_07_2016
ex.554,p.2482,Undirected,artista,artista,1998,1,MLT_DB_07_2016
ex.554,p.481,Undirected,artista,artista,1998,1,MLT_DB_07_2016
ex.554,p.51,Undirected,artista,artista,1998,1,MLT_DB_07_2016
ex.554,p.166,Undirected,artista,artista,1998,1,MLT_DB_07_2016
ex.554,p.198,Undirected,artista,artista,1998,1,MLT_DB_07_2016
ex.554,p.75,Undirected,artista,artista,1998,1,MLT_DB_07_2016
ex.554,p.114,Undirected,artista,artista,1998,1,MLT_DB_07_2016
ex.554,p.1866,Undirected,artista,artista,1998,1,MLT_DB_07_2016
ex.554,p.2212,Undirected,artista,artista,1998,1,MLT_DB_07_2016
ex.554,p.2050,Undirected,artista,artista,1998,1,MLT_DB_07_2016
ex.554,p.149,Undirected,artista,artista,1998,1,MLT_DB_07_2016
ex.554,p.349,Undirected,artista,artista,1998,1,MLT_DB_07_2016
ex.554,p.105,Undirected,artista,artista,1998,1,MLT_DB_07_2016
ex.554,p.223,Undirected,artista,artista,1998,1,MLT_DB_07_2016
ex.554,p.214,Undirected,artista,artista,1998,1,MLT_DB_07_2016
ex.554,p.536,Undirected,artista,artista,1998,1,MLT_DB_07_2016
ex.554,p.1714,Undirected,artista,artista,1998,1,MLT_DB_07_2016
ex.554,p.1753,Undirected,artista,artista,1998,1,MLT_DB_07_2016
ex.554,p.3163,Undirected,curador,curador,1998,1,MLT_DB_07_2016
ex.554,p.3166,Undirected,curador,curador,1998,1,MLT_DB_07_2016
ex.554,p.3197,Undirected,curador,curador,1998,1,MLT_DB_07_2016
ex.554,p.3200,Undirected,curador,curador,1998,1,MLT_DB_07_2016
ex.554,p.43,Undirected,curador,curador,1998,1,MLT_DB_07_2016
ex.554,o.285,Undirected,apoyo,apoyo,1998,1,MLT_DB_07_2016
ex.554,o.60,Undirected,apoyo,apoyo,1998,1,MLT_DB_07_2016
ex.554,o.254,Undirected,apoyo,apoyo,1998,1,MLT_DB_07_2016
ex.555,p.75,Undirected,artista,artista,1998,1,MLT_DB_07_2016
ex.555,p.3219,Undirected,curador,curador,1998,1,MLT_DB_07_2016
ex.555,o.148,Undirected,apoyo,apoyo,1998,1,MLT_DB_07_2016
ex.555,o.308,Undirected,apoyo,apoyo,1998,1,MLT_DB_07_2016
ex.556,p.198,Undirected,artista,artista,1998,1,MLT_DB_07_2016
ex.556,o.243,Undirected,apoyo,apoyo,1998,1,MLT_DB_07_2016
ex.556,o.154,Undirected,apoyo,apoyo,1998,1,MLT_DB_07_2016
ex.556,o.308,Undirected,apoyo,apoyo,1998,1,MLT_DB_07_2016
ex.557,p.481,Undirected,artista,artista,1998,1,MLT_DB_07_2016
ex.557,p.3219,Undirected,curador,curador,1998,1,MLT_DB_07_2016
ex.557,o.243,Undirected,apoyo,apoyo,1998,1,MLT_DB_07_2016
ex.557,o.154,Undirected,apoyo,apoyo,1998,1,MLT_DB_07_2016
ex.557,o.308,Undirected,apoyo,apoyo,1998,1,MLT_DB_07_2016
ex.817,p.192,Undirected,artista,artista,1998,1,MLT_DB_07_2016
ex.559,p.1188,Undirected,artista,artista,1998,1,MLT_DB_07_2016
ex.559,p.201,Undirected,artista,artista,1998,1,MLT_DB_07_2016
ex.559,p.29,Undirected,artista,artista,1998,1,MLT_DB_07_2016
ex.559,p.140,Undirected,artista,artista,1998,1,MLT_DB_07_2016
ex.559,p.32,Undirected,artista,artista,1998,1,MLT_DB_07_2016
ex.559,p.115,Undirected,artista,artista,1998,1,MLT_DB_07_2016
ex.559,p.2,Undirected,artista,artista,1998,1,MLT_DB_07_2016
ex.559,p.39,Undirected,artista,artista,1998,1,MLT_DB_07_2016
ex.559,p.23,Undirected,artista,artista,1998,1,MLT_DB_07_2016
ex.559,p.73,Undirected,artista,artista,1998,1,MLT_DB_07_2016
ex.559,p.40,Undirected,artista,artista,1998,1,MLT_DB_07_2016
ex.559,p.217,Undirected,artista,artista,1998,1,MLT_DB_07_2016
ex.559,p.8,Undirected,artista,artista,1998,1,MLT_DB_07_2016
ex.559,p.1,Undirected,artista,artista,1998,1,MLT_DB_07_2016
ex.559,p.685,Undirected,artista,artista,1998,1,MLT_DB_07_2016
ex.559,p.24,Undirected,artista,artista,1998,1,MLT_DB_07_2016
ex.559,p.70,Undirected,artista,artista,1998,1,MLT_DB_07_2016
ex.559,p.103,Undirected,artista,artista,1998,1,MLT_DB_07_2016
ex.559,p.600,Undirected,artista,artista,1998,1,MLT_DB_07_2016
ex.559,p.353,Undirected,artista,artista,1998,1,MLT_DB_07_2016
ex.559,p.3219,Undirected,curador,curador,1998,1,MLT_DB_07_2016
ex.559,o.308,Undirected,apoyo,apoyo,1998,1,MLT_DB_07_2016
ex.560,p.154,Undirected,artista,artista,1998,1,MLT_DB_07_2016
ex.560,p.494,Undirected,artista,artista,1998,1,MLT_DB_07_2016
ex.560,p.571,Undirected,artista,artista,1998,1,MLT_DB_07_2016
ex.560,p.328,Undirected,artista,artista,1998,1,MLT_DB_07_2016
ex.560,p.172,Undirected,artista,artista,1998,1,MLT_DB_07_2016
ex.560,p.193,Undirected,artista,artista,1998,1,MLT_DB_07_2016
ex.560,p.532,Undirected,artista,artista,1998,1,MLT_DB_07_2016
ex.560,p.72,Undirected,artista,artista,1998,1,MLT_DB_07_2016
ex.560,p.219,Undirected,artista,artista,1998,1,MLT_DB_07_2016
ex.560,p.1335,Undirected,artista,artista,1998,1,MLT_DB_07_2016
ex.560,p.663,Undirected,artista,artista,1998,1,MLT_DB_07_2016
ex.560,p.255,Undirected,artista,artista,1998,1,MLT_DB_07_2016
ex.560,p.580,Undirected,artista,artista,1998,1,MLT_DB_07_2016
ex.560,p.3219,Undirected,curador,curador,1998,1,MLT_DB_07_2016
ex.560,o.308,Undirected,apoyo,apoyo,1998,1,MLT_DB_07_2016
ex.558,p.68,Undirected,artista,artista,1998,1,MLT_DB_07_2016
ex.558,p.23,Undirected,artista,artista,1998,1,MLT_DB_07_2016
ex.558,p.3219,Undirected,curador,curador,1998,1,MLT_DB_07_2016
ex.558,o.308,Undirected,apoyo,apoyo,1998,1,MLT_DB_07_2016
ex.558,o.201,Undirected,apoyo,apoyo,1998,1,MLT_DB_07_2016
ex.558,o.140,Undirected,apoyo,apoyo,1998,1,MLT_DB_07_2016
ex.558,o.243,Undirected,apoyo,apoyo,1998,1,MLT_DB_07_2016
ex.558,o.154,Undirected,apoyo,apoyo,1998,1,MLT_DB_07_2016
ex.561,p.2175,Undirected,artista,artista,1998,1,MLT_DB_07_2016
ex.561,p.2388,Undirected,artista,artista,1998,1,MLT_DB_07_2016
ex.561,p.2103,Undirected,artista,artista,1998,1,MLT_DB_07_2016
ex.561,p.1617,Undirected,artista,artista,1998,1,MLT_DB_07_2016
ex.561,p.3154,Undirected,curador,curador,1998,1,MLT_DB_07_2016
ex.562,p.16,Undirected,artista,artista,1998,1,MLT_DB_07_2016
ex.562,o.18,Undirected,curador,curador,1998,1,MLT_DB_07_2016
ex.562,o.308,Undirected,apoyo,apoyo,1998,1,MLT_DB_07_2016
ex.562,o.140,Undirected,apoyo,apoyo,1998,1,MLT_DB_07_2016
ex.562,o.154,Undirected,apoyo,apoyo,1998,1,MLT_DB_07_2016
ex.563,p.143,Undirected,artista,artista,1998,1,MLT_DB_07_2016
ex.563,p.3219,Undirected,curador,curador,1998,1,MLT_DB_07_2016
ex.563,o.308,Undirected,apoyo,apoyo,1998,1,MLT_DB_07_2016
ex.563,o.140,Undirected,apoyo,apoyo,1998,1,MLT_DB_07_2016
ex.563,o.154,Undirected,apoyo,apoyo,1998,1,MLT_DB_07_2016
ex.565,p.29,Undirected,artista,artista,1998,1,MLT_DB_07_2016
ex.565,p.129,Undirected,artista,artista,1998,1,MLT_DB_07_2016
ex.565,p.854,Undirected,artista,artista,1998,1,MLT_DB_07_2016
ex.565,p.119,Undirected,artista,artista,1998,1,MLT_DB_07_2016
ex.565,p.630,Undirected,artista,artista,1998,1,MLT_DB_07_2016
ex.565,p.35,Undirected,artista,artista,1998,1,MLT_DB_07_2016
ex.565,p.44,Undirected,artista,artista,1998,1,MLT_DB_07_2016
ex.565,p.66,Undirected,artista,artista,1998,1,MLT_DB_07_2016
ex.565,p.105,Undirected,artista,artista,1998,1,MLT_DB_07_2016
ex.565,p.208,Undirected,artista,artista,1998,1,MLT_DB_07_2016
ex.565,p.2101,Undirected,artista,artista,1998,1,MLT_DB_07_2016
ex.565,p.159,Undirected,artista,artista,1998,1,MLT_DB_07_2016
ex.565,p.166,Undirected,artista,artista,1998,1,MLT_DB_07_2016
ex.565,p.403,Undirected,artista,artista,1998,1,MLT_DB_07_2016
ex.565,p.206,Undirected,artista,artista,1998,1,MLT_DB_07_2016
ex.565,p.148,Undirected,artista,artista,1998,1,MLT_DB_07_2016
ex.565,p.3219,Undirected,curador,curador,1998,1,MLT_DB_07_2016
ex.564,p.2212,Undirected,artista,artista,1998,1,MLT_DB_07_2016
ex.564,p.3219,Undirected,curador,curador,1998,1,MLT_DB_07_2016
ex.564,o.308,Undirected,apoyo,apoyo,1998,1,MLT_DB_07_2016
ex.564,o.140,Undirected,apoyo,apoyo,1998,1,MLT_DB_07_2016
ex.564,o.154,Undirected,apoyo,apoyo,1998,1,MLT_DB_07_2016
ex.566,p.214,Undirected,artista,artista,1998,1,MLT_DB_07_2016
ex.566,o.308,Undirected,apoyo,apoyo,1998,1,MLT_DB_07_2016
ex.566,o.140,Undirected,apoyo,apoyo,1998,1,MLT_DB_07_2016
ex.566,o.148,Undirected,apoyo,apoyo,1998,1,MLT_DB_07_2016
ex.566,o.39,Undirected,apoyo,apoyo,1998,1,MLT_DB_07_2016
ex.567,p.714,Undirected,artista,artista,1998,1,MLT_DB_07_2016
ex.567,o.308,Undirected,apoyo,apoyo,1998,1,MLT_DB_07_2016
ex.567,o.140,Undirected,apoyo,apoyo,1998,1,MLT_DB_07_2016
ex.567,o.39,Undirected,apoyo,apoyo,1998,1,MLT_DB_07_2016
ex.567,o.199,Undirected,apoyo,apoyo,1998,1,MLT_DB_07_2016
ex.567,o.147,Undirected,apoyo,apoyo,1998,1,MLT_DB_07_2016
ex.568,p.29,Undirected,artista,artista,1998,1,MLT_DB_07_2016
ex.568,p.54,Undirected,artista,artista,1998,1,MLT_DB_07_2016
ex.568,p.76,Undirected,artista,artista,1998,1,MLT_DB_07_2016
ex.568,p.596,Undirected,artista,artista,1998,1,MLT_DB_07_2016
ex.568,p.181,Undirected,artista,artista,1998,1,MLT_DB_07_2016
ex.568,p.196,Undirected,artista,artista,1998,1,MLT_DB_07_2016
ex.568,p.55,Undirected,artista,artista,1998,1,MLT_DB_07_2016
ex.568,p.49,Undirected,artista,artista,1998,1,MLT_DB_07_2016
ex.568,p.650,Undirected,artista,artista,1998,1,MLT_DB_07_2016
ex.568,p.195,Undirected,artista,artista,1998,1,MLT_DB_07_2016
ex.568,p.135,Undirected,artista,artista,1998,1,MLT_DB_07_2016
ex.568,p.72,Undirected,artista,artista,1998,1,MLT_DB_07_2016
ex.568,p.663,Undirected,artista,artista,1998,1,MLT_DB_07_2016
ex.568,p.154,Undirected,artista,artista,1998,1,MLT_DB_07_2016
ex.568,p.65,Undirected,artista,artista,1998,1,MLT_DB_07_2016
ex.568,p.169,Undirected,artista,artista,1998,1,MLT_DB_07_2016
ex.568,p.56,Undirected,artista,artista,1998,1,MLT_DB_07_2016
ex.568,p.7,Undirected,artista,artista,1998,1,MLT_DB_07_2016
ex.568,p.48,Undirected,artista,artista,1998,1,MLT_DB_07_2016
ex.568,p.16,Undirected,artista,artista,1998,1,MLT_DB_07_2016
ex.568,p.22,Undirected,artista,artista,1998,1,MLT_DB_07_2016
ex.568,p.11,Undirected,artista,artista,1998,1,MLT_DB_07_2016
ex.568,p.46,Undirected,artista,artista,1998,1,MLT_DB_07_2016
ex.568,p.12,Undirected,artista,artista,1998,1,MLT_DB_07_2016
ex.568,p.35,Undirected,artista,artista,1998,1,MLT_DB_07_2016
ex.568,p.174,Undirected,artista,artista,1998,1,MLT_DB_07_2016
ex.568,p.123,Undirected,artista,artista,1998,1,MLT_DB_07_2016
ex.568,p.14,Undirected,artista,artista,1998,1,MLT_DB_07_2016
ex.568,p.9,Undirected,artista,artista,1998,1,MLT_DB_07_2016
ex.568,p.4,Undirected,artista,artista,1998,1,MLT_DB_07_2016
ex.568,p.87,Undirected,artista,artista,1998,1,MLT_DB_07_2016
ex.568,p.17,Undirected,artista,artista,1998,1,MLT_DB_07_2016
ex.568,p.3219,Undirected,curador,curador,1998,1,MLT_DB_07_2016
ex.568,o.308,Undirected,apoyo,apoyo,1998,1,MLT_DB_07_2016
ex.568,o.140,Undirected,apoyo,apoyo,1998,1,MLT_DB_07_2016
ex.568,o.154,Undirected,apoyo,apoyo,1998,1,MLT_DB_07_2016
ex.569,o.206,Undirected,apoyo,apoyo,1999,1,MLT_DB_07_2016
ex.570,p.462,Undirected,artista,artista,1999,1,MLT_DB_07_2016
ex.570,o.148,Undirected,apoyo,apoyo,1999,1,MLT_DB_07_2016
ex.570,o.39,Undirected,apoyo,apoyo,1999,1,MLT_DB_07_2016
ex.570,o.308,Undirected,apoyo,apoyo,1999,1,MLT_DB_07_2016
ex.571,p.585,Undirected,artista,artista,1999,1,MLT_DB_07_2016
ex.571,p.101,Undirected,artista,artista,1999,1,MLT_DB_07_2016
ex.571,p.138,Undirected,artista,artista,1999,1,MLT_DB_07_2016
ex.571,p.168,Undirected,artista,artista,1999,1,MLT_DB_07_2016
ex.571,p.253,Undirected,artista,artista,1999,1,MLT_DB_07_2016
ex.571,p.144,Undirected,artista,artista,1999,1,MLT_DB_07_2016
ex.571,p.19,Undirected,artista,artista,1999,1,MLT_DB_07_2016
ex.571,p.2228,Undirected,artista,artista,1999,1,MLT_DB_07_2016
ex.571,p.140,Undirected,artista,artista,1999,1,MLT_DB_07_2016
ex.571,p.124,Undirected,artista,artista,1999,1,MLT_DB_07_2016
ex.571,p.129,Undirected,artista,artista,1999,1,MLT_DB_07_2016
ex.571,p.2215,Undirected,artista,artista,1999,1,MLT_DB_07_2016
ex.571,p.44,Undirected,artista,artista,1999,1,MLT_DB_07_2016
ex.571,p.643,Undirected,artista,artista,1999,1,MLT_DB_07_2016
ex.571,p.596,Undirected,artista,artista,1999,1,MLT_DB_07_2016
ex.571,p.81,Undirected,artista,artista,1999,1,MLT_DB_07_2016
ex.571,p.3219,Undirected,curador,curador,1999,1,MLT_DB_07_2016
ex.571,o.148,Undirected,apoyo,apoyo,1999,1,MLT_DB_07_2016
ex.571,o.39,Undirected,apoyo,apoyo,1999,1,MLT_DB_07_2016
ex.571,o.308,Undirected,apoyo,apoyo,1999,1,MLT_DB_07_2016
ex.572,p.166,Undirected,artista,artista,1999,1,MLT_DB_07_2016
ex.572,o.308,Undirected,apoyo,apoyo,1999,1,MLT_DB_07_2016
ex.572,o.39,Undirected,apoyo,apoyo,1999,1,MLT_DB_07_2016
ex.572,o.148,Undirected,apoyo,apoyo,1999,1,MLT_DB_07_2016
ex.573,p.388,Undirected,artista,artista,1999,1,MLT_DB_07_2016
ex.573,o.308,Undirected,apoyo,apoyo,1999,1,MLT_DB_07_2016
ex.573,o.39,Undirected,apoyo,apoyo,1999,1,MLT_DB_07_2016
ex.573,o.148,Undirected,apoyo,apoyo,1999,1,MLT_DB_07_2016
ex.575,p.7,Undirected,artista,artista,1999,1,MLT_DB_07_2016
ex.575,p.186,Undirected,artista,artista,1999,1,MLT_DB_07_2016
ex.575,p.103,Undirected,artista,artista,1999,1,MLT_DB_07_2016
ex.575,p.677,Undirected,artista,artista,1999,1,MLT_DB_07_2016
ex.575,p.8,Undirected,artista,artista,1999,1,MLT_DB_07_2016
ex.575,p.73,Undirected,artista,artista,1999,1,MLT_DB_07_2016
ex.575,p.11,Undirected,artista,artista,1999,1,MLT_DB_07_2016
ex.575,p.217,Undirected,artista,artista,1999,1,MLT_DB_07_2016
ex.575,p.600,Undirected,artista,artista,1999,1,MLT_DB_07_2016
ex.575,p.9,Undirected,artista,artista,1999,1,MLT_DB_07_2016
ex.575,p.12,Undirected,artista,artista,1999,1,MLT_DB_07_2016
ex.575,p.2,Undirected,artista,artista,1999,1,MLT_DB_07_2016
ex.575,p.349,Undirected,artista,artista,1999,1,MLT_DB_07_2016
ex.575,p.39,Undirected,artista,artista,1999,1,MLT_DB_07_2016
ex.575,p.4,Undirected,artista,artista,1999,1,MLT_DB_07_2016
ex.575,p.40,Undirected,artista,artista,1999,1,MLT_DB_07_2016
ex.575,p.127,Undirected,artista,artista,1999,1,MLT_DB_07_2016
ex.575,p.23,Undirected,artista,artista,1999,1,MLT_DB_07_2016
ex.575,p.327,Undirected,artista,artista,1999,1,MLT_DB_07_2016
ex.575,p.70,Undirected,artista,artista,1999,1,MLT_DB_07_2016
ex.575,p.3219,Undirected,curador,curador,1999,1,MLT_DB_07_2016
ex.575,o.39,Undirected,apoyo,apoyo,1999,1,MLT_DB_07_2016
ex.575,o.147,Undirected,apoyo,apoyo,1999,1,MLT_DB_07_2016
ex.574,p.103,Undirected,artista,artista,1999,1,MLT_DB_07_2016
ex.574,p.3226,Undirected,curador,curador,1999,1,MLT_DB_07_2016
ex.574,o.245,Undirected,apoyo,apoyo,1999,1,MLT_DB_07_2016
ex.576,p.23,Undirected,artista,artista,1999,1,MLT_DB_07_2016
ex.576,p.3219,Undirected,curador,curador,1999,1,MLT_DB_07_2016
ex.576,o.39,Undirected,apoyo,apoyo,1999,1,MLT_DB_07_2016
ex.576,o.59,Undirected,apoyo,apoyo,1999,1,MLT_DB_07_2016
ex.577,p.2,Undirected,artista,artista,1999,1,MLT_DB_07_2016
ex.577,o.354,Undirected,apoyo,apoyo,1999,1,MLT_DB_07_2016
ex.577,o.308,Undirected,apoyo,apoyo,1999,1,MLT_DB_07_2016
ex.577,o.201,Undirected,apoyo,apoyo,1999,1,MLT_DB_07_2016
ex.577,o.148,Undirected,apoyo,apoyo,1999,1,MLT_DB_07_2016
ex.577,o.39,Undirected,apoyo,apoyo,1999,1,MLT_DB_07_2016
ex.577,o.59,Undirected,apoyo,apoyo,1999,1,MLT_DB_07_2016
ex.578,p.1592,Undirected,artista,artista,1999,1,MLT_DB_07_2016
ex.578,o.308,Undirected,apoyo,apoyo,1999,1,MLT_DB_07_2016
ex.578,o.39,Undirected,apoyo,apoyo,1999,1,MLT_DB_07_2016
ex.578,o.199,Undirected,apoyo,apoyo,1999,1,MLT_DB_07_2016
ex.578,o.147,Undirected,apoyo,apoyo,1999,1,MLT_DB_07_2016
ex.579,p.1970,Undirected,artista,artista,1999,1,MLT_DB_07_2016
ex.579,o.308,Undirected,apoyo,apoyo,1999,1,MLT_DB_07_2016
ex.579,o.148,Undirected,apoyo,apoyo,1999,1,MLT_DB_07_2016
ex.579,o.39,Undirected,apoyo,apoyo,1999,1,MLT_DB_07_2016
ex.579,o.199,Undirected,apoyo,apoyo,1999,1,MLT_DB_07_2016
ex.580,p.203,Undirected,artista,artista,1999,1,MLT_DB_07_2016
ex.580,o.308,Undirected,apoyo,apoyo,1999,1,MLT_DB_07_2016
ex.580,o.201,Undirected,apoyo,apoyo,1999,1,MLT_DB_07_2016
ex.580,o.140,Undirected,apoyo,apoyo,1999,1,MLT_DB_07_2016
ex.580,o.154,Undirected,apoyo,apoyo,1999,1,MLT_DB_07_2016
ex.580,o.397,Undirected,apoyo,apoyo,1999,1,MLT_DB_07_2016
ex.581,p.2404,Undirected,artista,artista,1999,1,MLT_DB_07_2016
ex.581,p.176,Undirected,artista,artista,1999,1,MLT_DB_07_2016
ex.581,p.2980,Undirected,artista,artista,1999,1,MLT_DB_07_2016
ex.581,p.2734,Undirected,artista,artista,1999,1,MLT_DB_07_2016
ex.581,p.525,Undirected,artista,artista,1999,1,MLT_DB_07_2016
ex.581,p.2644,Undirected,artista,artista,1999,1,MLT_DB_07_2016
ex.581,p.2934,Undirected,artista,artista,1999,1,MLT_DB_07_2016
ex.581,p.2771,Undirected,artista,artista,1999,1,MLT_DB_07_2016
ex.581,p.2568,Undirected,artista,artista,1999,1,MLT_DB_07_2016
ex.581,p.2873,Undirected,artista,artista,1999,1,MLT_DB_07_2016
ex.581,p.2684,Undirected,artista,artista,1999,1,MLT_DB_07_2016
ex.581,p.1360,Undirected,artista,artista,1999,1,MLT_DB_07_2016
ex.581,p.2931,Undirected,artista,artista,1999,1,MLT_DB_07_2016
ex.581,p.2729,Undirected,artista,artista,1999,1,MLT_DB_07_2016
ex.581,p.3142,Undirected,artista,artista,1999,1,MLT_DB_07_2016
ex.581,p.2859,Undirected,artista,artista,1999,1,MLT_DB_07_2016
ex.581,p.87,Undirected,artista,artista,1999,1,MLT_DB_07_2016
ex.581,p.2381,Undirected,artista,artista,1999,1,MLT_DB_07_2016
ex.581,p.2721,Undirected,artista,artista,1999,1,MLT_DB_07_2016
ex.581,p.3003,Undirected,artista,artista,1999,1,MLT_DB_07_2016
ex.581,p.2572,Undirected,artista,artista,1999,1,MLT_DB_07_2016
ex.581,p.2593,Undirected,artista,artista,1999,1,MLT_DB_07_2016
ex.581,p.2964,Undirected,artista,artista,1999,1,MLT_DB_07_2016
ex.581,p.2822,Undirected,artista,artista,1999,1,MLT_DB_07_2016
ex.581,p.2727,Undirected,artista,artista,1999,1,MLT_DB_07_2016
ex.581,p.2639,Undirected,artista,artista,1999,1,MLT_DB_07_2016
ex.581,p.3027,Undirected,artista,artista,1999,1,MLT_DB_07_2016
ex.581,p.2555,Undirected,artista,artista,1999,1,MLT_DB_07_2016
ex.581,p.435,Undirected,curador,curador,1999,1,MLT_DB_07_2016
ex.581,p.714,Undirected,curador,curador,1999,1,MLT_DB_07_2016
ex.581,o.308,Undirected,apoyo,apoyo,1999,1,MLT_DB_07_2016
ex.581,o.39,Undirected,apoyo,apoyo,1999,1,MLT_DB_07_2016
ex.581,o.148,Undirected,apoyo,apoyo,1999,1,MLT_DB_07_2016
ex.581,o.200,Undirected,apoyo,apoyo,1999,1,MLT_DB_07_2016
ex.581,o.59,Undirected,apoyo,apoyo,1999,1,MLT_DB_07_2016
ex.582,p.435,Undirected,artista,artista,1999,1,MLT_DB_07_2016
ex.582,p.3219,Undirected,curador,curador,1999,1,MLT_DB_07_2016
ex.582,o.308,Undirected,apoyo,apoyo,1999,1,MLT_DB_07_2016
ex.582,o.201,Undirected,apoyo,apoyo,1999,1,MLT_DB_07_2016
ex.582,o.140,Undirected,apoyo,apoyo,1999,1,MLT_DB_07_2016
ex.582,o.154,Undirected,apoyo,apoyo,1999,1,MLT_DB_07_2016
ex.583,p.159,Undirected,artista,artista,2000,1,MLT_DB_07_2016
ex.583,p.3219,Undirected,curador,curador,2000,1,MLT_DB_07_2016
ex.583,o.308,Undirected,apoyo,apoyo,2000,1,MLT_DB_07_2016
ex.583,o.201,Undirected,apoyo,apoyo,2000,1,MLT_DB_07_2016
ex.583,o.140,Undirected,apoyo,apoyo,2000,1,MLT_DB_07_2016
ex.583,o.154,Undirected,apoyo,apoyo,2000,1,MLT_DB_07_2016
ex.585,p.64,Undirected,artista,artista,2000,1,MLT_DB_07_2016
ex.585,p.446,Undirected,artista,artista,2000,1,MLT_DB_07_2016
ex.585,p.1598,Undirected,artista,artista,2000,1,MLT_DB_07_2016
ex.585,p.2793,Undirected,artista,artista,2000,1,MLT_DB_07_2016
ex.585,p.220,Undirected,artista,artista,2000,1,MLT_DB_07_2016
ex.585,p.45,Undirected,artista,artista,2000,1,MLT_DB_07_2016
ex.585,p.55,Undirected,artista,artista,2000,1,MLT_DB_07_2016
ex.585,p.90,Undirected,artista,artista,2000,1,MLT_DB_07_2016
ex.585,p.49,Undirected,artista,artista,2000,1,MLT_DB_07_2016
ex.585,p.196,Undirected,artista,artista,2000,1,MLT_DB_07_2016
ex.585,p.328,Undirected,artista,artista,2000,1,MLT_DB_07_2016
ex.585,p.142,Undirected,artista,artista,2000,1,MLT_DB_07_2016
ex.585,p.44,Undirected,artista,artista,2000,1,MLT_DB_07_2016
ex.585,p.275,Undirected,artista,artista,2000,1,MLT_DB_07_2016
ex.585,p.291,Undirected,artista,artista,2000,1,MLT_DB_07_2016
ex.585,p.36,Undirected,artista,artista,2000,1,MLT_DB_07_2016
ex.585,p.7,Undirected,artista,artista,2000,1,MLT_DB_07_2016
ex.585,p.9,Undirected,artista,artista,2000,1,MLT_DB_07_2016
ex.585,p.143,Undirected,artista,artista,2000,1,MLT_DB_07_2016
ex.585,p.176,Undirected,artista,artista,2000,1,MLT_DB_07_2016
ex.585,p.203,Undirected,artista,artista,2000,1,MLT_DB_07_2016
ex.585,p.188,Undirected,artista,artista,2000,1,MLT_DB_07_2016
ex.585,p.14,Undirected,artista,artista,2000,1,MLT_DB_07_2016
ex.585,p.2131,Undirected,artista,artista,2000,1,MLT_DB_07_2016
ex.585,p.677,Undirected,artista,artista,2000,1,MLT_DB_07_2016
ex.585,p.12,Undirected,artista,artista,2000,1,MLT_DB_07_2016
ex.585,p.51,Undirected,artista,artista,2000,1,MLT_DB_07_2016
ex.585,p.20,Undirected,artista,artista,2000,1,MLT_DB_07_2016
ex.585,p.59,Undirected,artista,artista,2000,1,MLT_DB_07_2016
ex.585,p.87,Undirected,artista,artista,2000,1,MLT_DB_07_2016
ex.585,p.79,Undirected,artista,artista,2000,1,MLT_DB_07_2016
ex.585,p.13,Undirected,artista,artista,2000,1,MLT_DB_07_2016
ex.585,p.16,Undirected,artista,artista,2000,1,MLT_DB_07_2016
ex.585,p.403,Undirected,artista,artista,2000,1,MLT_DB_07_2016
ex.585,p.46,Undirected,artista,artista,2000,1,MLT_DB_07_2016
ex.585,p.114,Undirected,artista,artista,2000,1,MLT_DB_07_2016
ex.585,p.216,Undirected,artista,artista,2000,1,MLT_DB_07_2016
ex.585,p.385,Undirected,artista,artista,2000,1,MLT_DB_07_2016
ex.585,p.128,Undirected,artista,artista,2000,1,MLT_DB_07_2016
ex.585,p.465,Undirected,artista,artista,2000,1,MLT_DB_07_2016
ex.585,p.549,Undirected,artista,artista,2000,1,MLT_DB_07_2016
ex.585,p.3219,Undirected,curador,curador,2000,1,MLT_DB_07_2016
ex.585,o.308,Undirected,apoyo,apoyo,2000,1,MLT_DB_07_2016
ex.585,o.206,Undirected,apoyo,apoyo,2000,1,MLT_DB_07_2016
ex.584,p.34,Undirected,artista,artista,2000,1,MLT_DB_07_2016
ex.584,p.3213,Undirected,curador,curador,2000,1,MLT_DB_07_2016
ex.584,o.1,Undirected,apoyo,apoyo,2000,1,MLT_DB_07_2016
ex.584,o.61,Undirected,apoyo,apoyo,2000,1,MLT_DB_07_2016
ex.584,o.206,Undirected,apoyo,apoyo,2000,1,MLT_DB_07_2016
ex.584,o.308,Undirected,apoyo,apoyo,2000,1,MLT_DB_07_2016
ex.584,o.385,Undirected,apoyo,apoyo,2000,1,MLT_DB_07_2016
ex.586,p.46,Undirected,artista,artista,2000,1,MLT_DB_07_2016
ex.586,p.3219,Undirected,curador,curador,2000,1,MLT_DB_07_2016
ex.586,o.308,Undirected,apoyo,apoyo,2000,1,MLT_DB_07_2016
ex.586,o.154,Undirected,apoyo,apoyo,2000,1,MLT_DB_07_2016
ex.587,o.3,Undirected,curador,curador,2000,1,MLT_DB_07_2016
ex.587,o.308,Undirected,apoyo,apoyo,2000,1,MLT_DB_07_2016
ex.588,p.9,Undirected,artista,artista,2000,1,MLT_DB_07_2016
ex.588,p.3219,Undirected,curador,curador,2000,1,MLT_DB_07_2016
ex.588,o.308,Undirected,apoyo,apoyo,2000,1,MLT_DB_07_2016
ex.588,o.154,Undirected,apoyo,apoyo,2000,1,MLT_DB_07_2016
ex.589,p.2153,Undirected,artista,artista,2000,1,MLT_DB_07_2016
ex.589,o.275,Undirected,apoyo,apoyo,2000,1,MLT_DB_07_2016
ex.589,o.271,Undirected,apoyo,apoyo,2000,1,MLT_DB_07_2016
ex.589,o.308,Undirected,apoyo,apoyo,2000,1,MLT_DB_07_2016
ex.589,o.154,Undirected,apoyo,apoyo,2000,1,MLT_DB_07_2016
ex.590,p.176,Undirected,artista,artista,2000,1,MLT_DB_07_2016
ex.590,p.2684,Undirected,artista,artista,2000,1,MLT_DB_07_2016
ex.590,p.2218,Undirected,artista,artista,2000,1,MLT_DB_07_2016
ex.590,p.2258,Undirected,artista,artista,2000,1,MLT_DB_07_2016
ex.590,p.525,Undirected,artista,artista,2000,1,MLT_DB_07_2016
ex.590,p.14,Undirected,curador,curador,2000,1,MLT_DB_07_2016
ex.590,o.308,Undirected,apoyo,apoyo,2000,1,MLT_DB_07_2016
ex.590,o.39,Undirected,apoyo,apoyo,2000,1,MLT_DB_07_2016
ex.590,o.59,Undirected,apoyo,apoyo,2000,1,MLT_DB_07_2016
ex.591,p.72,Undirected,artista,artista,2000,1,MLT_DB_07_2016
ex.591,p.129,Undirected,artista,artista,2000,1,MLT_DB_07_2016
ex.591,p.56,Undirected,artista,artista,2000,1,MLT_DB_07_2016
ex.591,p.100,Undirected,artista,artista,2000,1,MLT_DB_07_2016
ex.591,p.232,Undirected,artista,artista,2000,1,MLT_DB_07_2016
ex.591,p.35,Undirected,artista,artista,2000,1,MLT_DB_07_2016
ex.591,p.206,Undirected,artista,artista,2000,1,MLT_DB_07_2016
ex.591,p.458,Undirected,artista,artista,2000,1,MLT_DB_07_2016
ex.591,p.132,Undirected,artista,artista,2000,1,MLT_DB_07_2016
ex.591,p.154,Undirected,artista,artista,2000,1,MLT_DB_07_2016
ex.591,p.156,Undirected,artista,artista,2000,1,MLT_DB_07_2016
ex.591,p.642,Undirected,artista,artista,2000,1,MLT_DB_07_2016
ex.591,p.201,Undirected,artista,artista,2000,1,MLT_DB_07_2016
ex.591,p.122,Undirected,artista,artista,2000,1,MLT_DB_07_2016
ex.591,p.494,Undirected,artista,artista,2000,1,MLT_DB_07_2016
ex.591,p.854,Undirected,artista,artista,2000,1,MLT_DB_07_2016
ex.591,p.617,Undirected,artista,artista,2000,1,MLT_DB_07_2016
ex.591,p.135,Undirected,artista,artista,2000,1,MLT_DB_07_2016
ex.591,p.630,Undirected,artista,artista,2000,1,MLT_DB_07_2016
ex.591,p.3219,Undirected,curador,curador,2000,1,MLT_DB_07_2016
ex.591,o.308,Undirected,apoyo,apoyo,2000,1,MLT_DB_07_2016
ex.591,o.154,Undirected,apoyo,apoyo,2000,1,MLT_DB_07_2016
ex.592,p.3210,Undirected,curador,curador,2000,1,MLT_DB_07_2016
ex.592,p.3194,Undirected,curador,curador,2000,1,MLT_DB_07_2016
ex.592,o.308,Undirected,apoyo,apoyo,2000,1,MLT_DB_07_2016
ex.593,p.222,Undirected,artista,artista,2000,1,MLT_DB_07_2016
ex.593,o.308,Undirected,apoyo,apoyo,2000,1,MLT_DB_07_2016
ex.593,o.154,Undirected,apoyo,apoyo,2000,1,MLT_DB_07_2016
ex.594,p.652,Undirected,artista,artista,2000,1,MLT_DB_07_2016
ex.594,p.3072,Undirected,artista,artista,2000,1,MLT_DB_07_2016
ex.594,p.99,Undirected,artista,artista,2000,1,MLT_DB_07_2016
ex.594,p.12,Undirected,artista,artista,2000,1,MLT_DB_07_2016
ex.594,p.33,Undirected,artista,artista,2000,1,MLT_DB_07_2016
ex.594,p.90,Undirected,artista,artista,2000,1,MLT_DB_07_2016
ex.594,p.42,Undirected,artista,artista,2000,1,MLT_DB_07_2016
ex.594,p.169,Undirected,artista,artista,2000,1,MLT_DB_07_2016
ex.594,p.267,Undirected,artista,artista,2000,1,MLT_DB_07_2016
ex.594,p.17,Undirected,artista,artista,2000,1,MLT_DB_07_2016
ex.594,p.854,Undirected,artista,artista,2000,1,MLT_DB_07_2016
ex.594,p.2703,Undirected,artista,artista,2000,1,MLT_DB_07_2016
ex.594,p.453,Undirected,artista,artista,2000,1,MLT_DB_07_2016
ex.594,p.617,Undirected,artista,artista,2000,1,MLT_DB_07_2016
ex.594,p.41,Undirected,artista,artista,2000,1,MLT_DB_07_2016
ex.594,p.2,Undirected,artista,artista,2000,1,MLT_DB_07_2016
ex.594,p.589,Undirected,artista,artista,2000,1,MLT_DB_07_2016
ex.594,p.76,Undirected,artista,artista,2000,1,MLT_DB_07_2016
ex.594,p.544,Undirected,artista,artista,2000,1,MLT_DB_07_2016
ex.594,p.630,Undirected,artista,artista,2000,1,MLT_DB_07_2016
ex.594,p.204,Undirected,artista,artista,2000,1,MLT_DB_07_2016
ex.594,p.3,Undirected,artista,artista,2000,1,MLT_DB_07_2016
ex.594,p.24,Undirected,artista,artista,2000,1,MLT_DB_07_2016
ex.594,p.57,Undirected,artista,artista,2000,1,MLT_DB_07_2016
ex.594,p.20,Undirected,artista,artista,2000,1,MLT_DB_07_2016
ex.594,p.349,Undirected,artista,artista,2000,1,MLT_DB_07_2016
ex.594,p.23,Undirected,artista,artista,2000,1,MLT_DB_07_2016
ex.594,p.1407,Undirected,artista,artista,2000,1,MLT_DB_07_2016
ex.594,p.435,Undirected,artista,artista,2000,1,MLT_DB_07_2016
ex.594,p.2446,Undirected,artista,artista,2000,1,MLT_DB_07_2016
ex.594,p.100,Undirected,artista,artista,2000,1,MLT_DB_07_2016
ex.594,p.525,Undirected,artista,artista,2000,1,MLT_DB_07_2016
ex.594,p.3219,Undirected,curador,curador,2000,1,MLT_DB_07_2016
ex.594,o.308,Undirected,apoyo,apoyo,2000,1,MLT_DB_07_2016
ex.594,o.154,Undirected,apoyo,apoyo,2000,1,MLT_DB_07_2016
ex.594,o.206,Undirected,apoyo,apoyo,2000,1,MLT_DB_07_2016
ex.596,p.673,Undirected,artista,artista,2000,1,MLT_DB_07_2016
ex.596,p.3219,Undirected,curador,curador,2000,1,MLT_DB_07_2016
ex.596,o.308,Undirected,apoyo,apoyo,2000,1,MLT_DB_07_2016
ex.596,o.154,Undirected,apoyo,apoyo,2000,1,MLT_DB_07_2016
ex.597,p.12,Undirected,artista,artista,2000,1,MLT_DB_07_2016
ex.597,o.308,Undirected,apoyo,apoyo,2000,1,MLT_DB_07_2016
ex.597,o.154,Undirected,apoyo,apoyo,2000,1,MLT_DB_07_2016
ex.598,p.76,Undirected,artista,artista,2001,1,MLT_DB_07_2016
ex.598,p.88,Undirected,artista,artista,2001,1,MLT_DB_07_2016
ex.598,p.642,Undirected,artista,artista,2001,1,MLT_DB_07_2016
ex.598,p.581,Undirected,artista,artista,2001,1,MLT_DB_07_2016
ex.598,p.201,Undirected,artista,artista,2001,1,MLT_DB_07_2016
ex.598,p.129,Undirected,artista,artista,2001,1,MLT_DB_07_2016
ex.598,p.72,Undirected,artista,artista,2001,1,MLT_DB_07_2016
ex.598,p.494,Undirected,artista,artista,2001,1,MLT_DB_07_2016
ex.598,p.115,Undirected,artista,artista,2001,1,MLT_DB_07_2016
ex.598,p.32,Undirected,artista,artista,2001,1,MLT_DB_07_2016
ex.598,p.56,Undirected,artista,artista,2001,1,MLT_DB_07_2016
ex.598,p.100,Undirected,artista,artista,2001,1,MLT_DB_07_2016
ex.598,p.41,Undirected,artista,artista,2001,1,MLT_DB_07_2016
ex.598,p.35,Undirected,artista,artista,2001,1,MLT_DB_07_2016
ex.598,p.9,Undirected,artista,artista,2001,1,MLT_DB_07_2016
ex.598,p.148,Undirected,artista,artista,2001,1,MLT_DB_07_2016
ex.598,p.212,Undirected,artista,artista,2001,1,MLT_DB_07_2016
ex.598,p.105,Undirected,artista,artista,2001,1,MLT_DB_07_2016
ex.598,p.458,Undirected,artista,artista,2001,1,MLT_DB_07_2016
ex.598,p.3219,Undirected,curador,curador,2001,1,MLT_DB_07_2016
ex.599,p.2,Undirected,artista,artista,2001,1,MLT_DB_07_2016
ex.600,p.459,Undirected,artista,artista,2001,1,MLT_DB_07_2016
ex.600,p.2166,Undirected,artista,artista,2001,1,MLT_DB_07_2016
ex.600,p.927,Undirected,artista,artista,2001,1,MLT_DB_07_2016
ex.600,p.2223,Undirected,artista,artista,2001,1,MLT_DB_07_2016
ex.600,p.2483,Undirected,artista,artista,2001,1,MLT_DB_07_2016
ex.600,p.2447,Undirected,artista,artista,2001,1,MLT_DB_07_2016
ex.600,p.1669,Undirected,artista,artista,2001,1,MLT_DB_07_2016
ex.600,p.2242,Undirected,artista,artista,2001,1,MLT_DB_07_2016
ex.600,p.2375,Undirected,artista,artista,2001,1,MLT_DB_07_2016
ex.600,p.2237,Undirected,artista,artista,2001,1,MLT_DB_07_2016
ex.600,p.2305,Undirected,artista,artista,2001,1,MLT_DB_07_2016
ex.600,p.2168,Undirected,artista,artista,2001,1,MLT_DB_07_2016
ex.600,p.2430,Undirected,artista,artista,2001,1,MLT_DB_07_2016
ex.600,p.2387,Undirected,artista,artista,2001,1,MLT_DB_07_2016
ex.600,p.1330,Undirected,artista,artista,2001,1,MLT_DB_07_2016
ex.600,p.1389,Undirected,artista,artista,2001,1,MLT_DB_07_2016
ex.600,p.1614,Undirected,artista,artista,2001,1,MLT_DB_07_2016
ex.600,p.2404,Undirected,artista,artista,2001,1,MLT_DB_07_2016
ex.600,p.2264,Undirected,artista,artista,2001,1,MLT_DB_07_2016
ex.600,p.1802,Undirected,artista,artista,2001,1,MLT_DB_07_2016
ex.600,p.1153,Undirected,artista,artista,2001,1,MLT_DB_07_2016
ex.600,p.779,Undirected,artista,artista,2001,1,MLT_DB_07_2016
ex.600,p.2439,Undirected,artista,artista,2001,1,MLT_DB_07_2016
ex.600,p.1743,Undirected,artista,artista,2001,1,MLT_DB_07_2016
ex.600,p.1932,Undirected,artista,artista,2001,1,MLT_DB_07_2016
ex.600,p.1052,Undirected,artista,artista,2001,1,MLT_DB_07_2016
ex.601,p.2256,Undirected,artista,artista,2001,1,MLT_DB_07_2016
ex.601,o.1,Undirected,curador,curador,2001,1,MLT_DB_07_2016
ex.601,o.6,Undirected,curador,curador,2001,1,MLT_DB_07_2016
ex.601,o.166,Undirected,apoyo,apoyo,2001,1,MLT_DB_07_2016
ex.601,o.41,Undirected,apoyo,apoyo,2001,1,MLT_DB_07_2016
ex.601,o.138,Undirected,apoyo,apoyo,2001,1,MLT_DB_07_2016
ex.601,o.209,Undirected,apoyo,apoyo,2001,1,MLT_DB_07_2016
ex.601,o.1,Undirected,apoyo,apoyo,2001,1,MLT_DB_07_2016
ex.602,p.476,Undirected,artista,artista,2001,1,MLT_DB_07_2016
ex.602,o.41,Undirected,apoyo,apoyo,2001,1,MLT_DB_07_2016
ex.602,o.166,Undirected,apoyo,apoyo,2001,1,MLT_DB_07_2016
ex.602,o.213,Undirected,apoyo,apoyo,2001,1,MLT_DB_07_2016
ex.602,o.320,Undirected,apoyo,apoyo,2001,1,MLT_DB_07_2016
ex.602,o.326,Undirected,apoyo,apoyo,2001,1,MLT_DB_07_2016
ex.602,o.331,Undirected,apoyo,apoyo,2001,1,MLT_DB_07_2016
ex.602,o.308,Undirected,apoyo,apoyo,2001,1,MLT_DB_07_2016
ex.604,p.1521,Undirected,artista,artista,2001,1,MLT_DB_07_2016
ex.604,p.3184,Undirected,curador,curador,2001,1,MLT_DB_07_2016
ex.604,o.275,Undirected,apoyo,apoyo,2001,1,MLT_DB_07_2016
ex.604,o.159,Undirected,apoyo,apoyo,2001,1,MLT_DB_07_2016
ex.604,o.265,Undirected,apoyo,apoyo,2001,1,MLT_DB_07_2016
ex.606,p.10,Undirected,artista,artista,2001,1,MLT_DB_07_2016
ex.606,p.31,Undirected,artista,artista,2001,1,MLT_DB_07_2016
ex.606,p.94,Undirected,artista,artista,2001,1,MLT_DB_07_2016
ex.606,p.121,Undirected,artista,artista,2001,1,MLT_DB_07_2016
ex.606,p.15,Undirected,artista,artista,2001,1,MLT_DB_07_2016
ex.606,p.143,Undirected,artista,artista,2001,1,MLT_DB_07_2016
ex.606,p.36,Undirected,artista,artista,2001,1,MLT_DB_07_2016
ex.606,p.176,Undirected,artista,artista,2001,1,MLT_DB_07_2016
ex.606,p.153,Undirected,artista,artista,2001,1,MLT_DB_07_2016
ex.606,p.615,Undirected,artista,artista,2001,1,MLT_DB_07_2016
ex.606,p.54,Undirected,artista,artista,2001,1,MLT_DB_07_2016
ex.606,p.47,Undirected,artista,artista,2001,1,MLT_DB_07_2016
ex.606,p.462,Undirected,artista,artista,2001,1,MLT_DB_07_2016
ex.606,p.578,Undirected,artista,artista,2001,1,MLT_DB_07_2016
ex.606,p.14,Undirected,artista,artista,2001,1,MLT_DB_07_2016
ex.606,p.7,Undirected,artista,artista,2001,1,MLT_DB_07_2016
ex.606,p.593,Undirected,artista,artista,2001,1,MLT_DB_07_2016
ex.606,p.200,Undirected,artista,artista,2001,1,MLT_DB_07_2016
ex.606,p.193,Undirected,artista,artista,2001,1,MLT_DB_07_2016
ex.606,p.2657,Undirected,artista,artista,2001,1,MLT_DB_07_2016
ex.606,p.180,Undirected,artista,artista,2001,1,MLT_DB_07_2016
ex.606,p.49,Undirected,artista,artista,2001,1,MLT_DB_07_2016
ex.606,p.51,Undirected,artista,artista,2001,1,MLT_DB_07_2016
ex.606,p.385,Undirected,artista,artista,2001,1,MLT_DB_07_2016
ex.606,p.20,Undirected,artista,artista,2001,1,MLT_DB_07_2016
ex.606,p.207,Undirected,artista,artista,2001,1,MLT_DB_07_2016
ex.606,p.426,Undirected,artista,artista,2001,1,MLT_DB_07_2016
ex.606,p.3,Undirected,artista,artista,2001,1,MLT_DB_07_2016
ex.606,p.620,Undirected,artista,artista,2001,1,MLT_DB_07_2016
ex.606,p.119,Undirected,artista,artista,2001,1,MLT_DB_07_2016
ex.606,p.714,Undirected,artista,artista,2001,1,MLT_DB_07_2016
ex.606,p.435,Undirected,artista,artista,2001,1,MLT_DB_07_2016
ex.606,p.123,Undirected,artista,artista,2001,1,MLT_DB_07_2016
ex.606,p.3219,Undirected,curador,curador,2001,1,MLT_DB_07_2016
ex.606,o.308,Undirected,apoyo,apoyo,2001,1,MLT_DB_07_2016
ex.606,o.206,Undirected,apoyo,apoyo,2001,1,MLT_DB_07_2016
ex.606,o.385,Undirected,apoyo,apoyo,2001,1,MLT_DB_07_2016
ex.606,o.138,Undirected,apoyo,apoyo,2001,1,MLT_DB_07_2016
ex.605,p.2633,Undirected,artista,artista,2001,1,MLT_DB_07_2016
ex.605,p.435,Undirected,artista,artista,2001,1,MLT_DB_07_2016
ex.605,p.3003,Undirected,artista,artista,2001,1,MLT_DB_07_2016
ex.605,p.2593,Undirected,artista,artista,2001,1,MLT_DB_07_2016
ex.605,p.2904,Undirected,artista,artista,2001,1,MLT_DB_07_2016
ex.605,p.2727,Undirected,artista,artista,2001,1,MLT_DB_07_2016
ex.605,p.2568,Undirected,artista,artista,2001,1,MLT_DB_07_2016
ex.605,p.3094,Undirected,artista,artista,2001,1,MLT_DB_07_2016
ex.605,p.2619,Undirected,artista,artista,2001,1,MLT_DB_07_2016
ex.605,p.2237,Undirected,artista,artista,2001,1,MLT_DB_07_2016
ex.605,p.2934,Undirected,artista,artista,2001,1,MLT_DB_07_2016
ex.605,p.2796,Undirected,artista,artista,2001,1,MLT_DB_07_2016
ex.605,p.2729,Undirected,artista,artista,2001,1,MLT_DB_07_2016
ex.605,p.2915,Undirected,artista,artista,2001,1,MLT_DB_07_2016
ex.605,p.2764,Undirected,artista,artista,2001,1,MLT_DB_07_2016
ex.605,p.2935,Undirected,artista,artista,2001,1,MLT_DB_07_2016
ex.605,p.2404,Undirected,artista,artista,2001,1,MLT_DB_07_2016
ex.605,p.2892,Undirected,artista,artista,2001,1,MLT_DB_07_2016
ex.605,p.3141,Undirected,artista,artista,2001,1,MLT_DB_07_2016
ex.605,p.87,Undirected,artista,artista,2001,1,MLT_DB_07_2016
ex.605,p.2814,Undirected,artista,artista,2001,1,MLT_DB_07_2016
ex.605,p.1714,Undirected,artista,artista,2001,1,MLT_DB_07_2016
ex.605,p.2349,Undirected,curador,curador,2001,1,MLT_DB_07_2016
ex.605,p.714,Undirected,curador,curador,2001,1,MLT_DB_07_2016
ex.605,p.3215,Undirected,curador,curador,2001,1,MLT_DB_07_2016
ex.605,o.378,Undirected,apoyo,apoyo,2001,1,MLT_DB_07_2016
ex.605,o.272,Undirected,apoyo,apoyo,2001,1,MLT_DB_07_2016
ex.605,o.82,Undirected,apoyo,apoyo,2001,1,MLT_DB_07_2016
ex.605,o.87,Undirected,apoyo,apoyo,2001,1,MLT_DB_07_2016
ex.605,o.190,Undirected,apoyo,apoyo,2001,1,MLT_DB_07_2016
ex.605,o.345,Undirected,apoyo,apoyo,2001,1,MLT_DB_07_2016
ex.607,p.29,Undirected,artista,artista,2001,1,MLT_DB_07_2016
ex.607,p.535,Undirected,artista,artista,2001,1,MLT_DB_07_2016
ex.607,p.81,Undirected,artista,artista,2001,1,MLT_DB_07_2016
ex.607,p.44,Undirected,artista,artista,2001,1,MLT_DB_07_2016
ex.607,p.484,Undirected,artista,artista,2001,1,MLT_DB_07_2016
ex.607,p.23,Undirected,artista,artista,2001,1,MLT_DB_07_2016
ex.607,p.4,Undirected,artista,artista,2001,1,MLT_DB_07_2016
ex.607,p.2481,Undirected,artista,artista,2001,1,MLT_DB_07_2016
ex.607,p.40,Undirected,artista,artista,2001,1,MLT_DB_07_2016
ex.607,p.278,Undirected,artista,artista,2001,1,MLT_DB_07_2016
ex.607,p.73,Undirected,artista,artista,2001,1,MLT_DB_07_2016
ex.607,p.217,Undirected,artista,artista,2001,1,MLT_DB_07_2016
ex.607,p.197,Undirected,artista,artista,2001,1,MLT_DB_07_2016
ex.607,p.186,Undirected,artista,artista,2001,1,MLT_DB_07_2016
ex.607,p.327,Undirected,artista,artista,2001,1,MLT_DB_07_2016
ex.607,p.141,Undirected,artista,artista,2001,1,MLT_DB_07_2016
ex.607,p.7,Undirected,artista,artista,2001,1,MLT_DB_07_2016
ex.607,p.203,Undirected,artista,artista,2001,1,MLT_DB_07_2016
ex.607,p.481,Undirected,artista,artista,2001,1,MLT_DB_07_2016
ex.607,p.1407,Undirected,artista,artista,2001,1,MLT_DB_07_2016
ex.607,p.600,Undirected,artista,artista,2001,1,MLT_DB_07_2016
ex.607,p.3219,Undirected,curador,curador,2001,1,MLT_DB_07_2016
ex.608,p.115,Undirected,artista,artista,2001,1,MLT_DB_07_2016
ex.608,p.32,Undirected,artista,artista,2001,1,MLT_DB_07_2016
ex.608,p.642,Undirected,artista,artista,2001,1,MLT_DB_07_2016
ex.608,p.581,Undirected,artista,artista,2001,1,MLT_DB_07_2016
ex.608,p.201,Undirected,artista,artista,2001,1,MLT_DB_07_2016
ex.608,p.88,Undirected,artista,artista,2001,1,MLT_DB_07_2016
ex.608,p.76,Undirected,artista,artista,2001,1,MLT_DB_07_2016
ex.608,p.1159,Undirected,artista,artista,2001,1,MLT_DB_07_2016
ex.608,p.129,Undirected,artista,artista,2001,1,MLT_DB_07_2016
ex.608,p.140,Undirected,artista,artista,2001,1,MLT_DB_07_2016
ex.608,p.44,Undirected,artista,artista,2001,1,MLT_DB_07_2016
ex.608,p.494,Undirected,artista,artista,2001,1,MLT_DB_07_2016
ex.608,p.72,Undirected,artista,artista,2001,1,MLT_DB_07_2016
ex.608,p.38,Undirected,artista,artista,2001,1,MLT_DB_07_2016
ex.608,p.232,Undirected,artista,artista,2001,1,MLT_DB_07_2016
ex.608,p.56,Undirected,artista,artista,2001,1,MLT_DB_07_2016
ex.608,p.566,Undirected,artista,artista,2001,1,MLT_DB_07_2016
ex.608,p.41,Undirected,artista,artista,2001,1,MLT_DB_07_2016
ex.608,p.39,Undirected,artista,artista,2001,1,MLT_DB_07_2016
ex.608,p.40,Undirected,artista,artista,2001,1,MLT_DB_07_2016
ex.608,p.24,Undirected,artista,artista,2001,1,MLT_DB_07_2016
ex.608,p.2090,Undirected,artista,artista,2001,1,MLT_DB_07_2016
ex.608,p.148,Undirected,artista,artista,2001,1,MLT_DB_07_2016
ex.608,p.625,Undirected,artista,artista,2001,1,MLT_DB_07_2016
ex.608,p.212,Undirected,artista,artista,2001,1,MLT_DB_07_2016
ex.608,p.149,Undirected,artista,artista,2001,1,MLT_DB_07_2016
ex.608,p.105,Undirected,artista,artista,2001,1,MLT_DB_07_2016
ex.608,p.353,Undirected,artista,artista,2001,1,MLT_DB_07_2016
ex.608,p.9,Undirected,artista,artista,2001,1,MLT_DB_07_2016
ex.608,p.1278,Undirected,artista,artista,2001,1,MLT_DB_07_2016
ex.608,p.125,Undirected,artista,artista,2001,1,MLT_DB_07_2016
ex.608,p.3219,Undirected,curador,curador,2001,1,MLT_DB_07_2016
ex.609,p.327,Undirected,artista,artista,2001,1,MLT_DB_07_2016
ex.609,p.3219,Undirected,curador,curador,2001,1,MLT_DB_07_2016
ex.609,o.308,Undirected,apoyo,apoyo,2001,1,MLT_DB_07_2016
ex.610,p.44,Undirected,artista,artista,2001,1,MLT_DB_07_2016
ex.610,p.212,Undirected,artista,artista,2001,1,MLT_DB_07_2016
ex.610,o.408,Undirected,apoyo,apoyo,2001,1,MLT_DB_07_2016
ex.610,o.403,Undirected,apoyo,apoyo,2001,1,MLT_DB_07_2016
ex.610,o.54,Undirected,apoyo,apoyo,2001,1,MLT_DB_07_2016
ex.610,o.245,Undirected,apoyo,apoyo,2001,1,MLT_DB_07_2016
ex.610,o.143,Undirected,apoyo,apoyo,2001,1,MLT_DB_07_2016
ex.610,o.317,Undirected,apoyo,apoyo,2001,1,MLT_DB_07_2016
ex.610,o.259,Undirected,apoyo,apoyo,2001,1,MLT_DB_07_2016
ex.610,o.83,Undirected,apoyo,apoyo,2001,1,MLT_DB_07_2016
ex.611,p.2105,Undirected,artista,artista,2001,1,MLT_DB_07_2016
ex.611,p.2202,Undirected,artista,artista,2001,1,MLT_DB_07_2016
ex.611,p.1843,Undirected,artista,artista,2001,1,MLT_DB_07_2016
ex.611,p.875,Undirected,artista,artista,2001,1,MLT_DB_07_2016
ex.611,p.873,Undirected,artista,artista,2001,1,MLT_DB_07_2016
ex.611,p.1755,Undirected,artista,artista,2001,1,MLT_DB_07_2016
ex.611,p.2058,Undirected,artista,artista,2001,1,MLT_DB_07_2016
ex.611,p.1923,Undirected,artista,artista,2001,1,MLT_DB_07_2016
ex.611,p.2959,Undirected,artista,artista,2001,1,MLT_DB_07_2016
ex.611,p.2682,Undirected,artista,artista,2001,1,MLT_DB_07_2016
ex.611,p.1836,Undirected,artista,artista,2001,1,MLT_DB_07_2016
ex.611,p.1741,Undirected,artista,artista,2001,1,MLT_DB_07_2016
ex.611,p.2272,Undirected,artista,artista,2001,1,MLT_DB_07_2016
ex.611,p.2197,Undirected,artista,artista,2001,1,MLT_DB_07_2016
ex.611,p.2887,Undirected,artista,artista,2001,1,MLT_DB_07_2016
ex.611,p.1149,Undirected,artista,artista,2001,1,MLT_DB_07_2016
ex.611,p.926,Undirected,artista,artista,2001,1,MLT_DB_07_2016
ex.611,p.819,Undirected,artista,artista,2001,1,MLT_DB_07_2016
ex.611,p.1086,Undirected,artista,artista,2001,1,MLT_DB_07_2016
ex.611,p.1453,Undirected,artista,artista,2001,1,MLT_DB_07_2016
ex.611,p.3006,Undirected,artista,artista,2001,1,MLT_DB_07_2016
ex.611,p.1208,Undirected,artista,artista,2001,1,MLT_DB_07_2016
ex.611,p.1041,Undirected,artista,artista,2001,1,MLT_DB_07_2016
ex.611,p.3040,Undirected,artista,artista,2001,1,MLT_DB_07_2016
ex.611,p.3043,Undirected,artista,artista,2001,1,MLT_DB_07_2016
ex.611,p.2494,Undirected,artista,artista,2001,1,MLT_DB_07_2016
ex.611,p.1099,Undirected,artista,artista,2001,1,MLT_DB_07_2016
ex.611,p.826,Undirected,artista,artista,2001,1,MLT_DB_07_2016
ex.611,p.3034,Undirected,artista,artista,2001,1,MLT_DB_07_2016
ex.611,p.2158,Undirected,artista,artista,2001,1,MLT_DB_07_2016
ex.611,o.5,Undirected,curador,curador,2001,1,MLT_DB_07_2016
ex.611,o.41,Undirected,apoyo,apoyo,2001,1,MLT_DB_07_2016
ex.611,o.1,Undirected,apoyo,apoyo,2001,1,MLT_DB_07_2016
ex.611,o.166,Undirected,apoyo,apoyo,2001,1,MLT_DB_07_2016
ex.611,o.38,Undirected,apoyo,apoyo,2001,1,MLT_DB_07_2016
ex.611,o.318,Undirected,apoyo,apoyo,2001,1,MLT_DB_07_2016
ex.611,o.325,Undirected,apoyo,apoyo,2001,1,MLT_DB_07_2016
ex.612,p.87,Undirected,artista,artista,2001,1,MLT_DB_07_2016
ex.612,p.3219,Undirected,curador,curador,2001,1,MLT_DB_07_2016
ex.612,o.354,Undirected,apoyo,apoyo,2001,1,MLT_DB_07_2016
ex.612,o.192,Undirected,apoyo,apoyo,2001,1,MLT_DB_07_2016
ex.612,o.308,Undirected,apoyo,apoyo,2001,1,MLT_DB_07_2016
ex.612,o.69,Undirected,apoyo,apoyo,2001,1,MLT_DB_07_2016
ex.612,o.335,Undirected,apoyo,apoyo,2001,1,MLT_DB_07_2016
ex.613,p.593,Undirected,artista,artista,2001,1,MLT_DB_07_2016
ex.613,o.327,Undirected,apoyo,apoyo,2001,1,MLT_DB_07_2016
ex.613,o.354,Undirected,apoyo,apoyo,2001,1,MLT_DB_07_2016
ex.615,p.1842,Undirected,artista,artista,2001,1,MLT_DB_07_2016
ex.615,o.103,Undirected,apoyo,apoyo,2001,1,MLT_DB_07_2016
ex.617,p.2591,Undirected,artista,artista,2001,1,MLT_DB_07_2016
ex.617,o.323,Undirected,apoyo,apoyo,2001,1,MLT_DB_07_2016
ex.617,o.389,Undirected,apoyo,apoyo,2001,1,MLT_DB_07_2016
ex.616,p.16,Undirected,artista,artista,2001,1,MLT_DB_07_2016
ex.616,p.46,Undirected,artista,artista,2001,1,MLT_DB_07_2016
ex.616,p.626,Undirected,artista,artista,2001,1,MLT_DB_07_2016
ex.616,p.668,Undirected,artista,artista,2001,1,MLT_DB_07_2016
ex.616,p.128,Undirected,artista,artista,2001,1,MLT_DB_07_2016
ex.616,p.186,Undirected,artista,artista,2001,1,MLT_DB_07_2016
ex.616,p.123,Undirected,artista,artista,2001,1,MLT_DB_07_2016
ex.616,p.198,Undirected,artista,artista,2001,1,MLT_DB_07_2016
ex.616,p.2315,Undirected,artista,artista,2001,1,MLT_DB_07_2016
ex.616,p.2182,Undirected,artista,artista,2001,1,MLT_DB_07_2016
ex.616,p.503,Undirected,artista,artista,2001,1,MLT_DB_07_2016
ex.616,p.1713,Undirected,artista,artista,2001,1,MLT_DB_07_2016
ex.616,p.1230,Undirected,artista,artista,2001,1,MLT_DB_07_2016
ex.616,p.175,Undirected,artista,artista,2001,1,MLT_DB_07_2016
ex.616,p.1810,Undirected,artista,artista,2001,1,MLT_DB_07_2016
ex.616,p.737,Undirected,artista,artista,2001,1,MLT_DB_07_2016
ex.616,p.3219,Undirected,curador,curador,2001,1,MLT_DB_07_2016
ex.616,o.324,Undirected,apoyo,apoyo,2001,1,MLT_DB_07_2016
ex.619,p.1159,Undirected,artista,artista,2002,1,MLT_DB_07_2016
ex.619,p.29,Undirected,artista,artista,2002,1,MLT_DB_07_2016
ex.619,p.535,Undirected,artista,artista,2002,1,MLT_DB_07_2016
ex.619,p.81,Undirected,artista,artista,2002,1,MLT_DB_07_2016
ex.619,p.44,Undirected,artista,artista,2002,1,MLT_DB_07_2016
ex.619,p.484,Undirected,artista,artista,2002,1,MLT_DB_07_2016
ex.619,p.115,Undirected,artista,artista,2002,1,MLT_DB_07_2016
ex.619,p.32,Undirected,artista,artista,2002,1,MLT_DB_07_2016
ex.619,p.23,Undirected,artista,artista,2002,1,MLT_DB_07_2016
ex.619,p.4,Undirected,artista,artista,2002,1,MLT_DB_07_2016
ex.619,p.9,Undirected,artista,artista,2002,1,MLT_DB_07_2016
ex.619,p.127,Undirected,artista,artista,2002,1,MLT_DB_07_2016
ex.619,p.8,Undirected,artista,artista,2002,1,MLT_DB_07_2016
ex.619,p.2481,Undirected,artista,artista,2002,1,MLT_DB_07_2016
ex.619,p.685,Undirected,artista,artista,2002,1,MLT_DB_07_2016
ex.619,p.677,Undirected,artista,artista,2002,1,MLT_DB_07_2016
ex.619,p.40,Undirected,artista,artista,2002,1,MLT_DB_07_2016
ex.619,p.349,Undirected,artista,artista,2002,1,MLT_DB_07_2016
ex.619,p.70,Undirected,artista,artista,2002,1,MLT_DB_07_2016
ex.619,p.11,Undirected,artista,artista,2002,1,MLT_DB_07_2016
ex.619,p.278,Undirected,artista,artista,2002,1,MLT_DB_07_2016
ex.619,p.73,Undirected,artista,artista,2002,1,MLT_DB_07_2016
ex.619,p.217,Undirected,artista,artista,2002,1,MLT_DB_07_2016
ex.619,p.197,Undirected,artista,artista,2002,1,MLT_DB_07_2016
ex.619,p.186,Undirected,artista,artista,2002,1,MLT_DB_07_2016
ex.619,p.327,Undirected,artista,artista,2002,1,MLT_DB_07_2016
ex.619,p.141,Undirected,artista,artista,2002,1,MLT_DB_07_2016
ex.619,p.7,Undirected,artista,artista,2002,1,MLT_DB_07_2016
ex.619,p.203,Undirected,artista,artista,2002,1,MLT_DB_07_2016
ex.619,p.481,Undirected,artista,artista,2002,1,MLT_DB_07_2016
ex.619,p.1407,Undirected,artista,artista,2002,1,MLT_DB_07_2016
ex.619,p.600,Undirected,artista,artista,2002,1,MLT_DB_07_2016
ex.619,p.3219,Undirected,curador,curador,2002,1,MLT_DB_07_2016
ex.618,p.35,Undirected,artista,artista,2002,1,MLT_DB_07_2016
ex.618,p.3150,Undirected,curador,curador,2002,1,MLT_DB_07_2016
ex.618,p.3199,Undirected,curador,curador,2002,1,MLT_DB_07_2016
ex.618,o.320,Undirected,apoyo,apoyo,2002,1,MLT_DB_07_2016
ex.618,o.327,Undirected,apoyo,apoyo,2002,1,MLT_DB_07_2016
ex.618,o.319,Undirected,apoyo,apoyo,2002,1,MLT_DB_07_2016
ex.618,o.308,Undirected,apoyo,apoyo,2002,1,MLT_DB_07_2016
ex.620,o.308,Undirected,apoyo,apoyo,2002,1,MLT_DB_07_2016
ex.620,o.132,Undirected,apoyo,apoyo,2002,1,MLT_DB_07_2016
ex.620,o.276,Undirected,apoyo,apoyo,2002,1,MLT_DB_07_2016
ex.620,o.316,Undirected,apoyo,apoyo,2002,1,MLT_DB_07_2016
ex.621,p.49,Undirected,artista,artista,2002,1,MLT_DB_07_2016
ex.621,p.181,Undirected,artista,artista,2002,1,MLT_DB_07_2016
ex.621,p.111,Undirected,artista,artista,2002,1,MLT_DB_07_2016
ex.621,p.29,Undirected,artista,artista,2002,1,MLT_DB_07_2016
ex.621,p.220,Undirected,artista,artista,2002,1,MLT_DB_07_2016
ex.621,p.45,Undirected,artista,artista,2002,1,MLT_DB_07_2016
ex.621,p.193,Undirected,artista,artista,2002,1,MLT_DB_07_2016
ex.621,p.140,Undirected,artista,artista,2002,1,MLT_DB_07_2016
ex.621,p.473,Undirected,artista,artista,2002,1,MLT_DB_07_2016
ex.621,p.294,Undirected,artista,artista,2002,1,MLT_DB_07_2016
ex.621,p.289,Undirected,artista,artista,2002,1,MLT_DB_07_2016
ex.621,p.441,Undirected,artista,artista,2002,1,MLT_DB_07_2016
ex.621,p.57,Undirected,artista,artista,2002,1,MLT_DB_07_2016
ex.621,p.291,Undirected,artista,artista,2002,1,MLT_DB_07_2016
ex.621,p.669,Undirected,artista,artista,2002,1,MLT_DB_07_2016
ex.621,p.549,Undirected,artista,artista,2002,1,MLT_DB_07_2016
ex.621,p.17,Undirected,artista,artista,2002,1,MLT_DB_07_2016
ex.621,p.11,Undirected,artista,artista,2002,1,MLT_DB_07_2016
ex.621,p.8,Undirected,artista,artista,2002,1,MLT_DB_07_2016
ex.621,p.66,Undirected,artista,artista,2002,1,MLT_DB_07_2016
ex.621,p.149,Undirected,artista,artista,2002,1,MLT_DB_07_2016
ex.621,p.779,Undirected,artista,artista,2002,1,MLT_DB_07_2016
ex.621,p.3219,Undirected,curador,curador,2002,1,MLT_DB_07_2016
ex.621,o.308,Undirected,apoyo,apoyo,2002,1,MLT_DB_07_2016
ex.819,p.7,Undirected,artista,artista,2002,1,MLT_DB_07_2016
ex.819,p.46,Undirected,artista,artista,2002,1,MLT_DB_07_2016
ex.819,p.9,Undirected,artista,artista,2002,1,MLT_DB_07_2016
ex.819,p.8,Undirected,artista,artista,2002,1,MLT_DB_07_2016
ex.819,p.16,Undirected,artista,artista,2002,1,MLT_DB_07_2016
ex.819,p.22,Undirected,artista,artista,2002,1,MLT_DB_07_2016
ex.819,p.3219,Undirected,curador,curador,2002,1,MLT_DB_07_2016
ex.819,o.308,Undirected,apoyo,apoyo,2002,1,MLT_DB_07_2016
ex.819,o.137,Undirected,apoyo,apoyo,2002,1,MLT_DB_07_2016
ex.819,o.156,Undirected,apoyo,apoyo,2002,1,MLT_DB_07_2016
ex.819,o.74,Undirected,apoyo,apoyo,2002,1,MLT_DB_07_2016
ex.819,o.120,Undirected,apoyo,apoyo,2002,1,MLT_DB_07_2016
ex.819,o.241,Undirected,apoyo,apoyo,2002,1,MLT_DB_07_2016
ex.819,o.284,Undirected,apoyo,apoyo,2002,1,MLT_DB_07_2016
ex.819,o.303,Undirected,apoyo,apoyo,2002,1,MLT_DB_07_2016
ex.622,p.7,Undirected,artista,artista,2002,1,MLT_DB_07_2016
ex.622,p.8,Undirected,artista,artista,2002,1,MLT_DB_07_2016
ex.622,p.16,Undirected,artista,artista,2002,1,MLT_DB_07_2016
ex.622,p.22,Undirected,artista,artista,2002,1,MLT_DB_07_2016
ex.622,p.46,Undirected,artista,artista,2002,1,MLT_DB_07_2016
ex.622,p.9,Undirected,artista,artista,2002,1,MLT_DB_07_2016
ex.622,p.3219,Undirected,curador,curador,2002,1,MLT_DB_07_2016
ex.622,o.308,Undirected,apoyo,apoyo,2002,1,MLT_DB_07_2016
ex.623,p.295,Undirected,artista,artista,2002,1,MLT_DB_07_2016
ex.623,p.474,Undirected,artista,artista,2002,1,MLT_DB_07_2016
ex.623,p.116,Undirected,artista,artista,2002,1,MLT_DB_07_2016
ex.623,p.165,Undirected,artista,artista,2002,1,MLT_DB_07_2016
ex.623,p.519,Undirected,artista,artista,2002,1,MLT_DB_07_2016
ex.623,p.268,Undirected,artista,artista,2002,1,MLT_DB_07_2016
ex.623,p.296,Undirected,artista,artista,2002,1,MLT_DB_07_2016
ex.623,p.23,Undirected,artista,artista,2002,1,MLT_DB_07_2016
ex.623,p.200,Undirected,artista,artista,2002,1,MLT_DB_07_2016
ex.623,p.1,Undirected,artista,artista,2002,1,MLT_DB_07_2016
ex.623,p.44,Undirected,artista,artista,2002,1,MLT_DB_07_2016
ex.623,p.47,Undirected,artista,artista,2002,1,MLT_DB_07_2016
ex.623,p.30,Undirected,artista,artista,2002,1,MLT_DB_07_2016
ex.623,p.497,Undirected,artista,artista,2002,1,MLT_DB_07_2016
ex.623,p.403,Undirected,artista,artista,2002,1,MLT_DB_07_2016
ex.623,p.212,Undirected,artista,artista,2002,1,MLT_DB_07_2016
ex.623,p.677,Undirected,artista,artista,2002,1,MLT_DB_07_2016
ex.623,p.60,Undirected,artista,artista,2002,1,MLT_DB_07_2016
ex.623,p.206,Undirected,artista,artista,2002,1,MLT_DB_07_2016
ex.623,p.223,Undirected,artista,artista,2002,1,MLT_DB_07_2016
ex.623,p.215,Undirected,artista,artista,2002,1,MLT_DB_07_2016
ex.623,p.11,Undirected,artista,artista,2002,1,MLT_DB_07_2016
ex.623,p.125,Undirected,artista,artista,2002,1,MLT_DB_07_2016
ex.623,p.388,Undirected,artista,artista,2002,1,MLT_DB_07_2016
ex.623,p.476,Undirected,artista,artista,2002,1,MLT_DB_07_2016
ex.623,p.372,Undirected,artista,artista,2002,1,MLT_DB_07_2016
ex.623,p.673,Undirected,artista,artista,2002,1,MLT_DB_07_2016
ex.623,p.1296,Undirected,artista,artista,2002,1,MLT_DB_07_2016
ex.623,p.231,Undirected,artista,artista,2002,1,MLT_DB_07_2016
ex.623,p.94,Undirected,artista,artista,2002,1,MLT_DB_07_2016
ex.623,p.76,Undirected,artista,artista,2002,1,MLT_DB_07_2016
ex.623,p.156,Undirected,artista,artista,2002,1,MLT_DB_07_2016
ex.623,p.192,Undirected,artista,artista,2002,1,MLT_DB_07_2016
ex.623,p.854,Undirected,artista,artista,2002,1,MLT_DB_07_2016
ex.623,p.542,Undirected,artista,artista,2002,1,MLT_DB_07_2016
ex.623,p.65,Undirected,artista,artista,2002,1,MLT_DB_07_2016
ex.623,p.100,Undirected,artista,artista,2002,1,MLT_DB_07_2016
ex.623,p.650,Undirected,artista,artista,2002,1,MLT_DB_07_2016
ex.623,p.484,Undirected,artista,artista,2002,1,MLT_DB_07_2016
ex.623,p.207,Undirected,artista,artista,2002,1,MLT_DB_07_2016
ex.623,p.611,Undirected,artista,artista,2002,1,MLT_DB_07_2016
ex.623,p.594,Undirected,artista,artista,2002,1,MLT_DB_07_2016
ex.623,p.42,Undirected,artista,artista,2002,1,MLT_DB_07_2016
ex.623,p.567,Undirected,artista,artista,2002,1,MLT_DB_07_2016
ex.623,p.91,Undirected,artista,artista,2002,1,MLT_DB_07_2016
ex.623,p.428,Undirected,artista,artista,2002,1,MLT_DB_07_2016
ex.623,p.3219,Undirected,curador,curador,2002,1,MLT_DB_07_2016
ex.623,o.308,Undirected,apoyo,apoyo,2002,1,MLT_DB_07_2016
ex.624,p.68,Undirected,artista,artista,2002,1,MLT_DB_07_2016
ex.624,p.3219,Undirected,curador,curador,2002,1,MLT_DB_07_2016
ex.624,o.308,Undirected,apoyo,apoyo,2002,1,MLT_DB_07_2016
ex.625,o.2,Undirected,curador,curador,2002,1,MLT_DB_07_2016
ex.625,o.308,Undirected,apoyo,apoyo,2002,1,MLT_DB_07_2016
ex.625,o.159,Undirected,apoyo,apoyo,2002,1,MLT_DB_07_2016
ex.625,o.275,Undirected,apoyo,apoyo,2002,1,MLT_DB_07_2016
ex.626,p.2561,Undirected,artista,artista,2002,1,MLT_DB_07_2016
ex.626,p.3042,Undirected,artista,artista,2002,1,MLT_DB_07_2016
ex.626,p.2404,Undirected,artista,artista,2002,1,MLT_DB_07_2016
ex.626,p.2934,Undirected,artista,artista,2002,1,MLT_DB_07_2016
ex.626,p.2724,Undirected,artista,artista,2002,1,MLT_DB_07_2016
ex.626,p.2800,Undirected,artista,artista,2002,1,MLT_DB_07_2016
ex.626,p.2859,Undirected,artista,artista,2002,1,MLT_DB_07_2016
ex.626,p.2552,Undirected,artista,artista,2002,1,MLT_DB_07_2016
ex.626,p.2905,Undirected,artista,artista,2002,1,MLT_DB_07_2016
ex.626,p.3141,Undirected,artista,artista,2002,1,MLT_DB_07_2016
ex.626,p.87,Undirected,artista,artista,2002,1,MLT_DB_07_2016
ex.626,p.3004,Undirected,artista,artista,2002,1,MLT_DB_07_2016
ex.626,p.2619,Undirected,artista,artista,2002,1,MLT_DB_07_2016
ex.626,p.3035,Undirected,artista,artista,2002,1,MLT_DB_07_2016
ex.626,p.714,Undirected,curador,curador,2002,1,MLT_DB_07_2016
ex.626,o.148,Undirected,apoyo,apoyo,2002,1,MLT_DB_07_2016
ex.626,o.344,Undirected,apoyo,apoyo,2002,1,MLT_DB_07_2016
ex.626,o.359,Undirected,apoyo,apoyo,2002,1,MLT_DB_07_2016
ex.626,o.366,Undirected,apoyo,apoyo,2002,1,MLT_DB_07_2016
ex.626,o.111,Undirected,apoyo,apoyo,2002,1,MLT_DB_07_2016
ex.626,o.287,Undirected,apoyo,apoyo,2002,1,MLT_DB_07_2016
ex.626,o.350,Undirected,apoyo,apoyo,2002,1,MLT_DB_07_2016
ex.626,o.177,Undirected,apoyo,apoyo,2002,1,MLT_DB_07_2016
ex.626,o.363,Undirected,apoyo,apoyo,2002,1,MLT_DB_07_2016
ex.626,o.122,Undirected,apoyo,apoyo,2002,1,MLT_DB_07_2016
ex.626,o.86,Undirected,apoyo,apoyo,2002,1,MLT_DB_07_2016
ex.627,o.1,Undirected,apoyo,apoyo,2002,1,MLT_DB_07_2016
ex.627,o.152,Undirected,apoyo,apoyo,2002,1,MLT_DB_07_2016
ex.627,o.35,Undirected,apoyo,apoyo,2002,1,MLT_DB_07_2016
ex.627,o.41,Undirected,apoyo,apoyo,2002,1,MLT_DB_07_2016
ex.627,o.308,Undirected,apoyo,apoyo,2002,1,MLT_DB_07_2016
ex.629,o.201,Undirected,apoyo,apoyo,2002,1,MLT_DB_07_2016
ex.628,p.2033,Undirected,artista,artista,2002,1,MLT_DB_07_2016
ex.628,p.1523,Undirected,artista,artista,2002,1,MLT_DB_07_2016
ex.628,p.2107,Undirected,artista,artista,2002,1,MLT_DB_07_2016
ex.628,p.2003,Undirected,artista,artista,2002,1,MLT_DB_07_2016
ex.628,p.2162,Undirected,artista,artista,2002,1,MLT_DB_07_2016
ex.628,p.828,Undirected,artista,artista,2002,1,MLT_DB_07_2016
ex.628,p.791,Undirected,artista,artista,2002,1,MLT_DB_07_2016
ex.628,p.1414,Undirected,artista,artista,2002,1,MLT_DB_07_2016
ex.628,p.792,Undirected,artista,artista,2002,1,MLT_DB_07_2016
ex.628,p.992,Undirected,artista,artista,2002,1,MLT_DB_07_2016
ex.628,o.263,Undirected,apoyo,apoyo,2002,1,MLT_DB_07_2016
ex.628,o.308,Undirected,apoyo,apoyo,2002,1,MLT_DB_07_2016
ex.628,o.255,Undirected,apoyo,apoyo,2002,1,MLT_DB_07_2016
ex.630,p.2185,Undirected,artista,artista,2002,1,MLT_DB_07_2016
ex.630,p.2075,Undirected,artista,artista,2002,1,MLT_DB_07_2016
ex.630,p.2047,Undirected,artista,artista,2002,1,MLT_DB_07_2016
ex.630,p.2031,Undirected,artista,artista,2002,1,MLT_DB_07_2016
ex.630,p.2062,Undirected,artista,artista,2002,1,MLT_DB_07_2016
ex.630,p.2012,Undirected,artista,artista,2002,1,MLT_DB_07_2016
ex.630,p.1914,Undirected,artista,artista,2002,1,MLT_DB_07_2016
ex.630,p.1861,Undirected,artista,artista,2002,1,MLT_DB_07_2016
ex.630,p.1626,Undirected,artista,artista,2002,1,MLT_DB_07_2016
ex.630,p.1282,Undirected,artista,artista,2002,1,MLT_DB_07_2016
ex.630,p.1301,Undirected,artista,artista,2002,1,MLT_DB_07_2016
ex.630,p.1081,Undirected,artista,artista,2002,1,MLT_DB_07_2016
ex.630,p.1019,Undirected,artista,artista,2002,1,MLT_DB_07_2016
ex.630,p.2495,Undirected,artista,artista,2002,1,MLT_DB_07_2016
ex.630,p.864,Undirected,artista,artista,2002,1,MLT_DB_07_2016
ex.630,p.818,Undirected,artista,artista,2002,1,MLT_DB_07_2016
ex.630,p.783,Undirected,artista,artista,2002,1,MLT_DB_07_2016
ex.630,p.727,Undirected,artista,artista,2002,1,MLT_DB_07_2016
ex.630,o.1,Undirected,apoyo,apoyo,2002,1,MLT_DB_07_2016
ex.630,o.166,Undirected,apoyo,apoyo,2002,1,MLT_DB_07_2016
ex.630,o.308,Undirected,apoyo,apoyo,2002,1,MLT_DB_07_2016
ex.630,o.371,Undirected,apoyo,apoyo,2002,1,MLT_DB_07_2016
ex.634,p.1022,Undirected,artista,artista,2002,1,MLT_DB_07_2016
ex.634,p.480,Undirected,artista,artista,2002,1,MLT_DB_07_2016
ex.634,p.2831,Undirected,artista,artista,2002,1,MLT_DB_07_2016
ex.634,p.2123,Undirected,artista,artista,2002,1,MLT_DB_07_2016
ex.634,p.1279,Undirected,artista,artista,2002,1,MLT_DB_07_2016
ex.634,p.2448,Undirected,artista,artista,2002,1,MLT_DB_07_2016
ex.634,p.525,Undirected,artista,artista,2002,1,MLT_DB_07_2016
ex.634,p.1433,Undirected,artista,artista,2002,1,MLT_DB_07_2016
ex.634,p.2054,Undirected,artista,artista,2002,1,MLT_DB_07_2016
ex.634,p.1592,Undirected,artista,artista,2002,1,MLT_DB_07_2016
ex.634,o.371,Undirected,apoyo,apoyo,2002,1,MLT_DB_07_2016
ex.634,o.308,Undirected,apoyo,apoyo,2002,1,MLT_DB_07_2016
ex.631,p.11,Undirected,artista,artista,2002,1,MLT_DB_07_2016
ex.631,o.371,Undirected,apoyo,apoyo,2002,1,MLT_DB_07_2016
ex.631,o.308,Undirected,apoyo,apoyo,2002,1,MLT_DB_07_2016
ex.632,p.1270,Undirected,artista,artista,2002,1,MLT_DB_07_2016
ex.632,p.801,Undirected,artista,artista,2002,1,MLT_DB_07_2016
ex.632,p.700,Undirected,artista,artista,2002,1,MLT_DB_07_2016
ex.632,p.3219,Undirected,curador,curador,2002,1,MLT_DB_07_2016
ex.632,o.163,Undirected,apoyo,apoyo,2002,1,MLT_DB_07_2016
ex.632,o.308,Undirected,apoyo,apoyo,2002,1,MLT_DB_07_2016
ex.632,o.371,Undirected,apoyo,apoyo,2002,1,MLT_DB_07_2016
ex.632,o.138,Undirected,apoyo,apoyo,2002,1,MLT_DB_07_2016
ex.633,p.2481,Undirected,artista,artista,2002,1,MLT_DB_07_2016
ex.633,p.593,Undirected,artista,artista,2002,1,MLT_DB_07_2016
ex.633,p.217,Undirected,artista,artista,2002,1,MLT_DB_07_2016
ex.633,p.9,Undirected,artista,artista,2002,1,MLT_DB_07_2016
ex.633,p.77,Undirected,artista,artista,2002,1,MLT_DB_07_2016
ex.633,p.5,Undirected,artista,artista,2002,1,MLT_DB_07_2016
ex.633,p.44,Undirected,artista,artista,2002,1,MLT_DB_07_2016
ex.633,p.17,Undirected,artista,artista,2002,1,MLT_DB_07_2016
ex.633,p.3219,Undirected,curador,curador,2002,1,MLT_DB_07_2016
ex.633,o.308,Undirected,apoyo,apoyo,2002,1,MLT_DB_07_2016
ex.633,o.371,Undirected,apoyo,apoyo,2002,1,MLT_DB_07_2016
ex.636,p.1480,Undirected,artista,artista,2002,1,MLT_DB_07_2016
ex.636,p.3180,Undirected,curador,curador,2002,1,MLT_DB_07_2016
ex.636,o.308,Undirected,apoyo,apoyo,2002,1,MLT_DB_07_2016
ex.636,o.371,Undirected,apoyo,apoyo,2002,1,MLT_DB_07_2016
ex.636,o.154,Undirected,apoyo,apoyo,2002,1,MLT_DB_07_2016
ex.637,o.4,Undirected,curador,curador,2002,1,MLT_DB_07_2016
ex.637,o.308,Undirected,apoyo,apoyo,2002,1,MLT_DB_07_2016
ex.638,p.111,Undirected,artista,artista,2002,1,MLT_DB_07_2016
ex.638,p.535,Undirected,artista,artista,2002,1,MLT_DB_07_2016
ex.638,p.642,Undirected,artista,artista,2002,1,MLT_DB_07_2016
ex.638,p.581,Undirected,artista,artista,2002,1,MLT_DB_07_2016
ex.638,p.88,Undirected,artista,artista,2002,1,MLT_DB_07_2016
ex.638,p.129,Undirected,artista,artista,2002,1,MLT_DB_07_2016
ex.638,p.81,Undirected,artista,artista,2002,1,MLT_DB_07_2016
ex.638,p.115,Undirected,artista,artista,2002,1,MLT_DB_07_2016
ex.638,p.32,Undirected,artista,artista,2002,1,MLT_DB_07_2016
ex.638,p.409,Undirected,artista,artista,2002,1,MLT_DB_07_2016
ex.638,p.396,Undirected,artista,artista,2002,1,MLT_DB_07_2016
ex.638,p.531,Undirected,artista,artista,2002,1,MLT_DB_07_2016
ex.638,p.368,Undirected,artista,artista,2002,1,MLT_DB_07_2016
ex.638,p.229,Undirected,artista,artista,2002,1,MLT_DB_07_2016
ex.638,p.754,Undirected,artista,artista,2002,1,MLT_DB_07_2016
ex.638,p.247,Undirected,artista,artista,2002,1,MLT_DB_07_2016
ex.638,p.647,Undirected,artista,artista,2002,1,MLT_DB_07_2016
ex.638,p.1833,Undirected,artista,artista,2002,1,MLT_DB_07_2016
ex.638,p.225,Undirected,artista,artista,2002,1,MLT_DB_07_2016
ex.638,p.692,Undirected,artista,artista,2002,1,MLT_DB_07_2016
ex.638,p.575,Undirected,artista,artista,2002,1,MLT_DB_07_2016
ex.638,p.1559,Undirected,artista,artista,2002,1,MLT_DB_07_2016
ex.638,p.469,Undirected,artista,artista,2002,1,MLT_DB_07_2016
ex.638,p.4,Undirected,artista,artista,2002,1,MLT_DB_07_2016
ex.638,p.40,Undirected,artista,artista,2002,1,MLT_DB_07_2016
ex.638,p.148,Undirected,artista,artista,2002,1,MLT_DB_07_2016
ex.638,p.481,Undirected,artista,artista,2002,1,MLT_DB_07_2016
ex.638,o.308,Undirected,apoyo,apoyo,2002,1,MLT_DB_07_2016
ex.638,o.371,Undirected,apoyo,apoyo,2002,1,MLT_DB_07_2016
ex.639,p.327,Undirected,artista,artista,2002,1,MLT_DB_07_2016
ex.639,p.349,Undirected,artista,artista,2002,1,MLT_DB_07_2016
ex.639,p.66,Undirected,artista,artista,2002,1,MLT_DB_07_2016
ex.639,p.149,Undirected,artista,artista,2002,1,MLT_DB_07_2016
ex.639,p.458,Undirected,artista,artista,2002,1,MLT_DB_07_2016
ex.639,p.159,Undirected,artista,artista,2002,1,MLT_DB_07_2016
ex.639,p.208,Undirected,artista,artista,2002,1,MLT_DB_07_2016
ex.639,p.372,Undirected,artista,artista,2002,1,MLT_DB_07_2016
ex.639,p.476,Undirected,artista,artista,2002,1,MLT_DB_07_2016
ex.639,p.166,Undirected,artista,artista,2002,1,MLT_DB_07_2016
ex.639,p.203,Undirected,artista,artista,2002,1,MLT_DB_07_2016
ex.639,p.114,Undirected,artista,artista,2002,1,MLT_DB_07_2016
ex.639,p.435,Undirected,artista,artista,2002,1,MLT_DB_07_2016
ex.639,p.714,Undirected,artista,artista,2002,1,MLT_DB_07_2016
ex.639,p.480,Undirected,artista,artista,2002,1,MLT_DB_07_2016
ex.639,p.82,Undirected,artista,artista,2002,1,MLT_DB_07_2016
ex.639,p.3219,Undirected,curador,curador,2002,1,MLT_DB_07_2016
ex.639,o.308,Undirected,apoyo,apoyo,2002,1,MLT_DB_07_2016
ex.639,o.371,Undirected,apoyo,apoyo,2002,1,MLT_DB_07_2016
ex.640,p.2287,Undirected,artista,artista,2003,1,MLT_DB_07_2016
ex.640,o.371,Undirected,apoyo,apoyo,2003,1,MLT_DB_07_2016
ex.641,p.112,Undirected,artista,artista,2003,1,MLT_DB_07_2016
ex.641,p.3219,Undirected,curador,curador,2003,1,MLT_DB_07_2016
ex.641,o.308,Undirected,apoyo,apoyo,2003,1,MLT_DB_07_2016
ex.641,o.154,Undirected,apoyo,apoyo,2003,1,MLT_DB_07_2016
ex.642,p.120,Undirected,artista,artista,2003,1,MLT_DB_07_2016
ex.642,p.239,Undirected,artista,artista,2003,1,MLT_DB_07_2016
ex.642,p.180,Undirected,artista,artista,2003,1,MLT_DB_07_2016
ex.642,p.119,Undirected,artista,artista,2003,1,MLT_DB_07_2016
ex.642,p.41,Undirected,artista,artista,2003,1,MLT_DB_07_2016
ex.642,p.200,Undirected,artista,artista,2003,1,MLT_DB_07_2016
ex.642,p.2,Undirected,artista,artista,2003,1,MLT_DB_07_2016
ex.642,p.39,Undirected,artista,artista,2003,1,MLT_DB_07_2016
ex.642,p.12,Undirected,artista,artista,2003,1,MLT_DB_07_2016
ex.642,p.517,Undirected,artista,artista,2003,1,MLT_DB_07_2016
ex.642,p.9,Undirected,artista,artista,2003,1,MLT_DB_07_2016
ex.642,p.7,Undirected,artista,artista,2003,1,MLT_DB_07_2016
ex.642,p.217,Undirected,artista,artista,2003,1,MLT_DB_07_2016
ex.642,p.23,Undirected,artista,artista,2003,1,MLT_DB_07_2016
ex.642,p.73,Undirected,artista,artista,2003,1,MLT_DB_07_2016
ex.642,p.2481,Undirected,artista,artista,2003,1,MLT_DB_07_2016
ex.642,p.10,Undirected,artista,artista,2003,1,MLT_DB_07_2016
ex.642,p.22,Undirected,artista,artista,2003,1,MLT_DB_07_2016
ex.642,p.127,Undirected,artista,artista,2003,1,MLT_DB_07_2016
ex.642,p.16,Undirected,artista,artista,2003,1,MLT_DB_07_2016
ex.642,p.3219,Undirected,curador,curador,2003,1,MLT_DB_07_2016
ex.642,o.154,Undirected,apoyo,apoyo,2003,1,MLT_DB_07_2016
ex.642,o.308,Undirected,apoyo,apoyo,2003,1,MLT_DB_07_2016
ex.643,p.203,Undirected,artista,artista,2003,1,MLT_DB_07_2016
ex.643,p.3219,Undirected,curador,curador,2003,1,MLT_DB_07_2016
ex.643,o.154,Undirected,apoyo,apoyo,2003,1,MLT_DB_07_2016
ex.643,o.308,Undirected,apoyo,apoyo,2003,1,MLT_DB_07_2016
ex.646,p.7,Undirected,artista,artista,2003,1,MLT_DB_07_2016
ex.646,p.48,Undirected,artista,artista,2003,1,MLT_DB_07_2016
ex.646,p.8,Undirected,artista,artista,2003,1,MLT_DB_07_2016
ex.646,p.16,Undirected,artista,artista,2003,1,MLT_DB_07_2016
ex.646,p.22,Undirected,artista,artista,2003,1,MLT_DB_07_2016
ex.646,p.11,Undirected,artista,artista,2003,1,MLT_DB_07_2016
ex.646,p.9,Undirected,artista,artista,2003,1,MLT_DB_07_2016
ex.646,p.12,Undirected,artista,artista,2003,1,MLT_DB_07_2016
ex.646,p.203,Undirected,artista,artista,2003,1,MLT_DB_07_2016
ex.646,p.5,Undirected,artista,artista,2003,1,MLT_DB_07_2016
ex.646,p.75,Undirected,artista,artista,2003,1,MLT_DB_07_2016
ex.646,p.123,Undirected,artista,artista,2003,1,MLT_DB_07_2016
ex.646,p.14,Undirected,artista,artista,2003,1,MLT_DB_07_2016
ex.646,p.41,Undirected,artista,artista,2003,1,MLT_DB_07_2016
ex.646,p.39,Undirected,artista,artista,2003,1,MLT_DB_07_2016
ex.646,p.137,Undirected,artista,artista,2003,1,MLT_DB_07_2016
ex.646,p.43,Undirected,artista,artista,2003,1,MLT_DB_07_2016
ex.646,p.87,Undirected,artista,artista,2003,1,MLT_DB_07_2016
ex.646,p.17,Undirected,artista,artista,2003,1,MLT_DB_07_2016
ex.646,p.13,Undirected,artista,artista,2003,1,MLT_DB_07_2016
ex.646,p.3219,Undirected,curador,curador,2003,1,MLT_DB_07_2016
ex.646,o.67,Undirected,apoyo,apoyo,2003,1,MLT_DB_07_2016
ex.645,p.3219,Undirected,curador,curador,2003,1,MLT_DB_07_2016
ex.647,p.618,Undirected,artista,artista,2003,1,MLT_DB_07_2016
ex.647,p.781,Undirected,artista,artista,2003,1,MLT_DB_07_2016
ex.647,p.3219,Undirected,curador,curador,2003,1,MLT_DB_07_2016
ex.647,o.154,Undirected,apoyo,apoyo,2003,1,MLT_DB_07_2016
ex.647,o.308,Undirected,apoyo,apoyo,2003,1,MLT_DB_07_2016
ex.648,p.37,Undirected,artista,artista,2003,1,MLT_DB_07_2016
ex.648,p.3219,Undirected,curador,curador,2003,1,MLT_DB_07_2016
ex.649,p.3219,Undirected,curador,curador,2003,1,MLT_DB_07_2016
ex.650,p.723,Undirected,artista,artista,2003,1,MLT_DB_07_2016
ex.650,o.275,Undirected,apoyo,apoyo,2003,1,MLT_DB_07_2016
ex.652,p.3219,Undirected,curador,curador,2003,1,MLT_DB_07_2016
ex.651,p.1443,Undirected,artista,artista,2003,1,MLT_DB_07_2016
ex.651,p.1437,Undirected,artista,artista,2003,1,MLT_DB_07_2016
ex.651,p.793,Undirected,artista,artista,2003,1,MLT_DB_07_2016
ex.651,p.1207,Undirected,artista,artista,2003,1,MLT_DB_07_2016
ex.651,p.1009,Undirected,artista,artista,2003,1,MLT_DB_07_2016
ex.651,p.1109,Undirected,artista,artista,2003,1,MLT_DB_07_2016
ex.651,p.1017,Undirected,artista,artista,2003,1,MLT_DB_07_2016
ex.651,p.1892,Undirected,artista,artista,2003,1,MLT_DB_07_2016
ex.651,p.1601,Undirected,artista,artista,2003,1,MLT_DB_07_2016
ex.651,p.1118,Undirected,artista,artista,2003,1,MLT_DB_07_2016
ex.651,p.1185,Undirected,artista,artista,2003,1,MLT_DB_07_2016
ex.651,p.1144,Undirected,artista,artista,2003,1,MLT_DB_07_2016
ex.651,o.1,Undirected,curador,curador,2003,1,MLT_DB_07_2016
ex.651,o.41,Undirected,apoyo,apoyo,2003,1,MLT_DB_07_2016
ex.651,o.138,Undirected,apoyo,apoyo,2003,1,MLT_DB_07_2016
ex.653,p.1145,Undirected,artista,artista,2003,1,MLT_DB_07_2016
ex.653,o.134,Undirected,apoyo,apoyo,2003,1,MLT_DB_07_2016
ex.653,o.354,Undirected,apoyo,apoyo,2003,1,MLT_DB_07_2016
ex.653,o.172,Undirected,apoyo,apoyo,2003,1,MLT_DB_07_2016
ex.653,o.204,Undirected,apoyo,apoyo,2003,1,MLT_DB_07_2016
ex.653,o.308,Undirected,apoyo,apoyo,2003,1,MLT_DB_07_2016
ex.653,o.66,Undirected,apoyo,apoyo,2003,1,MLT_DB_07_2016
ex.653,o.69,Undirected,apoyo,apoyo,2003,1,MLT_DB_07_2016
ex.653,o.331,Undirected,apoyo,apoyo,2003,1,MLT_DB_07_2016
ex.655,p.519,Undirected,artista,artista,2003,1,MLT_DB_07_2016
ex.655,o.308,Undirected,apoyo,apoyo,2003,1,MLT_DB_07_2016
ex.655,o.149,Undirected,apoyo,apoyo,2003,1,MLT_DB_07_2016
ex.655,o.110,Undirected,apoyo,apoyo,2003,1,MLT_DB_07_2016
ex.655,o.61,Undirected,apoyo,apoyo,2003,1,MLT_DB_07_2016
ex.655,o.354,Undirected,apoyo,apoyo,2003,1,MLT_DB_07_2016
ex.655,o.66,Undirected,apoyo,apoyo,2003,1,MLT_DB_07_2016
ex.654,p.12,Undirected,artista,artista,2003,1,MLT_DB_07_2016
ex.654,o.354,Undirected,apoyo,apoyo,2003,1,MLT_DB_07_2016
ex.654,o.308,Undirected,apoyo,apoyo,2003,1,MLT_DB_07_2016
ex.654,o.69,Undirected,apoyo,apoyo,2003,1,MLT_DB_07_2016
ex.656,p.2160,Undirected,artista,artista,2003,1,MLT_DB_07_2016
ex.656,p.2007,Undirected,artista,artista,2003,1,MLT_DB_07_2016
ex.656,p.222,Undirected,artista,artista,2003,1,MLT_DB_07_2016
ex.656,p.1969,Undirected,artista,artista,2003,1,MLT_DB_07_2016
ex.656,p.2001,Undirected,artista,artista,2003,1,MLT_DB_07_2016
ex.656,p.2171,Undirected,artista,artista,2003,1,MLT_DB_07_2016
ex.656,p.82,Undirected,artista,artista,2003,1,MLT_DB_07_2016
ex.656,p.706,Undirected,artista,artista,2003,1,MLT_DB_07_2016
ex.656,p.176,Undirected,artista,artista,2003,1,MLT_DB_07_2016
ex.656,p.1965,Undirected,artista,artista,2003,1,MLT_DB_07_2016
ex.656,p.1592,Undirected,artista,artista,2003,1,MLT_DB_07_2016
ex.656,p.2218,Undirected,artista,artista,2003,1,MLT_DB_07_2016
ex.656,p.1788,Undirected,artista,artista,2003,1,MLT_DB_07_2016
ex.656,p.2419,Undirected,artista,artista,2003,1,MLT_DB_07_2016
ex.656,p.1246,Undirected,artista,artista,2003,1,MLT_DB_07_2016
ex.656,o.83,Undirected,apoyo,apoyo,2003,1,MLT_DB_07_2016
ex.657,p.295,Undirected,artista,artista,2003,1,MLT_DB_07_2016
ex.657,p.474,Undirected,artista,artista,2003,1,MLT_DB_07_2016
ex.657,p.392,Undirected,artista,artista,2003,1,MLT_DB_07_2016
ex.657,p.278,Undirected,artista,artista,2003,1,MLT_DB_07_2016
ex.657,p.578,Undirected,artista,artista,2003,1,MLT_DB_07_2016
ex.657,p.151,Undirected,artista,artista,2003,1,MLT_DB_07_2016
ex.657,p.116,Undirected,artista,artista,2003,1,MLT_DB_07_2016
ex.657,p.621,Undirected,artista,artista,2003,1,MLT_DB_07_2016
ex.657,p.593,Undirected,artista,artista,2003,1,MLT_DB_07_2016
ex.657,p.519,Undirected,artista,artista,2003,1,MLT_DB_07_2016
ex.657,p.165,Undirected,artista,artista,2003,1,MLT_DB_07_2016
ex.657,p.94,Undirected,artista,artista,2003,1,MLT_DB_07_2016
ex.657,p.41,Undirected,artista,artista,2003,1,MLT_DB_07_2016
ex.657,p.2,Undirected,artista,artista,2003,1,MLT_DB_07_2016
ex.657,p.517,Undirected,artista,artista,2003,1,MLT_DB_07_2016
ex.657,p.39,Undirected,artista,artista,2003,1,MLT_DB_07_2016
ex.657,p.200,Undirected,artista,artista,2003,1,MLT_DB_07_2016
ex.657,p.12,Undirected,artista,artista,2003,1,MLT_DB_07_2016
ex.657,p.23,Undirected,artista,artista,2003,1,MLT_DB_07_2016
ex.657,p.10,Undirected,artista,artista,2003,1,MLT_DB_07_2016
ex.657,p.17,Undirected,artista,artista,2003,1,MLT_DB_07_2016
ex.657,p.20,Undirected,artista,artista,2003,1,MLT_DB_07_2016
ex.657,p.40,Undirected,artista,artista,2003,1,MLT_DB_07_2016
ex.657,p.73,Undirected,artista,artista,2003,1,MLT_DB_07_2016
ex.657,p.186,Undirected,artista,artista,2003,1,MLT_DB_07_2016
ex.657,p.8,Undirected,artista,artista,2003,1,MLT_DB_07_2016
ex.657,p.9,Undirected,artista,artista,2003,1,MLT_DB_07_2016
ex.657,p.127,Undirected,artista,artista,2003,1,MLT_DB_07_2016
ex.657,p.217,Undirected,artista,artista,2003,1,MLT_DB_07_2016
ex.657,p.22,Undirected,artista,artista,2003,1,MLT_DB_07_2016
ex.657,p.128,Undirected,artista,artista,2003,1,MLT_DB_07_2016
ex.657,p.7,Undirected,artista,artista,2003,1,MLT_DB_07_2016
ex.657,p.14,Undirected,artista,artista,2003,1,MLT_DB_07_2016
ex.657,p.48,Undirected,artista,artista,2003,1,MLT_DB_07_2016
ex.657,p.31,Undirected,artista,artista,2003,1,MLT_DB_07_2016
ex.657,p.5,Undirected,artista,artista,2003,1,MLT_DB_07_2016
ex.657,p.677,Undirected,artista,artista,2003,1,MLT_DB_07_2016
ex.657,p.87,Undirected,artista,artista,2003,1,MLT_DB_07_2016
ex.657,p.525,Undirected,artista,artista,2003,1,MLT_DB_07_2016
ex.657,p.327,Undirected,artista,artista,2003,1,MLT_DB_07_2016
ex.657,p.600,Undirected,artista,artista,2003,1,MLT_DB_07_2016
ex.657,p.203,Undirected,artista,artista,2003,1,MLT_DB_07_2016
ex.657,p.121,Undirected,artista,artista,2003,1,MLT_DB_07_2016
ex.657,p.714,Undirected,artista,artista,2003,1,MLT_DB_07_2016
ex.657,p.435,Undirected,artista,artista,2003,1,MLT_DB_07_2016
ex.657,p.216,Undirected,artista,artista,2003,1,MLT_DB_07_2016
ex.657,p.1407,Undirected,artista,artista,2003,1,MLT_DB_07_2016
ex.657,p.480,Undirected,artista,artista,2003,1,MLT_DB_07_2016
ex.657,p.1308,Undirected,artista,artista,2003,1,MLT_DB_07_2016
ex.657,p.176,Undirected,artista,artista,2003,1,MLT_DB_07_2016
ex.657,p.112,Undirected,artista,artista,2003,1,MLT_DB_07_2016
ex.657,p.82,Undirected,artista,artista,2003,1,MLT_DB_07_2016
ex.657,p.3219,Undirected,curador,curador,2003,1,MLT_DB_07_2016
ex.657,o.308,Undirected,apoyo,apoyo,2003,1,MLT_DB_07_2016
ex.657,o.371,Undirected,apoyo,apoyo,2003,1,MLT_DB_07_2016
ex.658,p.83,Undirected,artista,artista,2003,1,MLT_DB_07_2016
ex.658,p.426,Undirected,artista,artista,2003,1,MLT_DB_07_2016
ex.658,p.594,Undirected,artista,artista,2003,1,MLT_DB_07_2016
ex.658,p.479,Undirected,artista,artista,2003,1,MLT_DB_07_2016
ex.658,p.684,Undirected,artista,artista,2003,1,MLT_DB_07_2016
ex.658,p.605,Undirected,artista,artista,2003,1,MLT_DB_07_2016
ex.658,p.240,Undirected,artista,artista,2003,1,MLT_DB_07_2016
ex.658,p.225,Undirected,artista,artista,2003,1,MLT_DB_07_2016
ex.658,p.239,Undirected,artista,artista,2003,1,MLT_DB_07_2016
ex.658,p.473,Undirected,artista,artista,2003,1,MLT_DB_07_2016
ex.658,p.273,Undirected,artista,artista,2003,1,MLT_DB_07_2016
ex.658,p.692,Undirected,artista,artista,2003,1,MLT_DB_07_2016
ex.658,p.289,Undirected,artista,artista,2003,1,MLT_DB_07_2016
ex.658,p.185,Undirected,artista,artista,2003,1,MLT_DB_07_2016
ex.658,p.575,Undirected,artista,artista,2003,1,MLT_DB_07_2016
ex.658,p.91,Undirected,artista,artista,2003,1,MLT_DB_07_2016
ex.658,p.441,Undirected,artista,artista,2003,1,MLT_DB_07_2016
ex.658,p.275,Undirected,artista,artista,2003,1,MLT_DB_07_2016
ex.658,p.294,Undirected,artista,artista,2003,1,MLT_DB_07_2016
ex.658,p.469,Undirected,artista,artista,2003,1,MLT_DB_07_2016
ex.658,p.42,Undirected,artista,artista,2003,1,MLT_DB_07_2016
ex.658,p.290,Undirected,artista,artista,2003,1,MLT_DB_07_2016
ex.658,p.428,Undirected,artista,artista,2003,1,MLT_DB_07_2016
ex.658,p.57,Undirected,artista,artista,2003,1,MLT_DB_07_2016
ex.658,p.109,Undirected,artista,artista,2003,1,MLT_DB_07_2016
ex.658,p.252,Undirected,artista,artista,2003,1,MLT_DB_07_2016
ex.658,p.502,Undirected,artista,artista,2003,1,MLT_DB_07_2016
ex.658,p.537,Undirected,artista,artista,2003,1,MLT_DB_07_2016
ex.658,p.291,Undirected,artista,artista,2003,1,MLT_DB_07_2016
ex.658,p.400,Undirected,artista,artista,2003,1,MLT_DB_07_2016
ex.658,p.607,Undirected,artista,artista,2003,1,MLT_DB_07_2016
ex.658,p.579,Undirected,artista,artista,2003,1,MLT_DB_07_2016
ex.658,p.567,Undirected,artista,artista,2003,1,MLT_DB_07_2016
ex.658,p.669,Undirected,artista,artista,2003,1,MLT_DB_07_2016
ex.658,p.267,Undirected,artista,artista,2003,1,MLT_DB_07_2016
ex.658,p.611,Undirected,artista,artista,2003,1,MLT_DB_07_2016
ex.658,p.238,Undirected,artista,artista,2003,1,MLT_DB_07_2016
ex.658,p.925,Undirected,artista,artista,2003,1,MLT_DB_07_2016
ex.658,p.3219,Undirected,curador,curador,2003,1,MLT_DB_07_2016
ex.658,o.308,Undirected,apoyo,apoyo,2003,1,MLT_DB_07_2016
ex.658,o.371,Undirected,apoyo,apoyo,2003,1,MLT_DB_07_2016
ex.659,p.3219,Undirected,curador,curador,2003,1,MLT_DB_07_2016
ex.659,o.308,Undirected,apoyo,apoyo,2003,1,MLT_DB_07_2016
ex.659,o.371,Undirected,apoyo,apoyo,2003,1,MLT_DB_07_2016
ex.660,p.2885,Undirected,artista,artista,2004,1,MLT_DB_07_2016
ex.660,p.3219,Undirected,curador,curador,2004,1,MLT_DB_07_2016
ex.660,o.165,Undirected,apoyo,apoyo,2004,1,MLT_DB_07_2016
ex.660,o.184,Undirected,apoyo,apoyo,2004,1,MLT_DB_07_2016
ex.660,o.307,Undirected,apoyo,apoyo,2004,1,MLT_DB_07_2016
ex.660,o.308,Undirected,apoyo,apoyo,2004,1,MLT_DB_07_2016
ex.660,o.154,Undirected,apoyo,apoyo,2004,1,MLT_DB_07_2016
ex.661,p.1504,Undirected,artista,artista,2004,1,MLT_DB_07_2016
ex.661,p.2074,Undirected,artista,artista,2004,1,MLT_DB_07_2016
ex.661,p.995,Undirected,artista,artista,2004,1,MLT_DB_07_2016
ex.661,p.3049,Undirected,artista,artista,2004,1,MLT_DB_07_2016
ex.661,p.822,Undirected,artista,artista,2004,1,MLT_DB_07_2016
ex.661,o.165,Undirected,apoyo,apoyo,2004,1,MLT_DB_07_2016
ex.661,o.37,Undirected,apoyo,apoyo,2004,1,MLT_DB_07_2016
ex.661,o.371,Undirected,apoyo,apoyo,2004,1,MLT_DB_07_2016
ex.662,p.2481,Undirected,artista,artista,2004,1,MLT_DB_07_2016
ex.662,p.196,Undirected,artista,artista,2004,1,MLT_DB_07_2016
ex.662,p.55,Undirected,artista,artista,2004,1,MLT_DB_07_2016
ex.662,p.73,Undirected,artista,artista,2004,1,MLT_DB_07_2016
ex.662,p.2446,Undirected,artista,artista,2004,1,MLT_DB_07_2016
ex.662,p.217,Undirected,artista,artista,2004,1,MLT_DB_07_2016
ex.662,p.535,Undirected,artista,artista,2004,1,MLT_DB_07_2016
ex.662,p.9,Undirected,artista,artista,2004,1,MLT_DB_07_2016
ex.662,p.5,Undirected,artista,artista,2004,1,MLT_DB_07_2016
ex.662,p.166,Undirected,artista,artista,2004,1,MLT_DB_07_2016
ex.662,p.75,Undirected,artista,artista,2004,1,MLT_DB_07_2016
ex.662,p.1159,Undirected,artista,artista,2004,1,MLT_DB_07_2016
ex.662,p.385,Undirected,artista,artista,2004,1,MLT_DB_07_2016
ex.662,p.44,Undirected,artista,artista,2004,1,MLT_DB_07_2016
ex.662,p.29,Undirected,artista,artista,2004,1,MLT_DB_07_2016
ex.662,p.59,Undirected,artista,artista,2004,1,MLT_DB_07_2016
ex.662,p.17,Undirected,artista,artista,2004,1,MLT_DB_07_2016
ex.662,p.36,Undirected,artista,artista,2004,1,MLT_DB_07_2016
ex.662,p.215,Undirected,artista,artista,2004,1,MLT_DB_07_2016
ex.662,p.372,Undirected,artista,artista,2004,1,MLT_DB_07_2016
ex.662,o.151,Undirected,apoyo,apoyo,2004,1,MLT_DB_07_2016
ex.662,o.371,Undirected,apoyo,apoyo,2004,1,MLT_DB_07_2016
ex.662,o.308,Undirected,apoyo,apoyo,2004,1,MLT_DB_07_2016
ex.662,o.138,Undirected,apoyo,apoyo,2004,1,MLT_DB_07_2016
ex.662,o.257,Undirected,apoyo,apoyo,2004,1,MLT_DB_07_2016
ex.663,p.569,Undirected,artista,artista,2004,1,MLT_DB_07_2016
ex.664,p.187,Undirected,artista,artista,2004,1,MLT_DB_07_2016
ex.664,p.3219,Undirected,curador,curador,2004,1,MLT_DB_07_2016
ex.664,o.229,Undirected,apoyo,apoyo,2004,1,MLT_DB_07_2016
ex.664,o.308,Undirected,apoyo,apoyo,2004,1,MLT_DB_07_2016
ex.664,o.371,Undirected,apoyo,apoyo,2004,1,MLT_DB_07_2016
ex.665,o.308,Undirected,apoyo,apoyo,2004,1,MLT_DB_07_2016
ex.665,o.372,Undirected,apoyo,apoyo,2004,1,MLT_DB_07_2016
ex.665,o.138,Undirected,apoyo,apoyo,2004,1,MLT_DB_07_2016
ex.666,p.480,Undirected,artista,artista,2004,1,MLT_DB_07_2016
ex.666,p.3219,Undirected,curador,curador,2004,1,MLT_DB_07_2016
ex.666,o.308,Undirected,apoyo,apoyo,2004,1,MLT_DB_07_2016
ex.666,o.371,Undirected,apoyo,apoyo,2004,1,MLT_DB_07_2016
ex.820,p.2175,Undirected,artista,artista,2004,1,MLT_DB_07_2016
ex.820,p.3219,Undirected,curador,curador,2004,1,MLT_DB_07_2016
ex.820,o.308,Undirected,apoyo,apoyo,2004,1,MLT_DB_07_2016
ex.820,o.371,Undirected,apoyo,apoyo,2004,1,MLT_DB_07_2016
ex.667,p.12,Undirected,artista,artista,2004,1,MLT_DB_07_2016
ex.667,o.308,Undirected,apoyo,apoyo,2004,1,MLT_DB_07_2016
ex.667,o.371,Undirected,apoyo,apoyo,2004,1,MLT_DB_07_2016
ex.668,p.41,Undirected,artista,artista,2004,1,MLT_DB_07_2016
ex.668,p.2,Undirected,artista,artista,2004,1,MLT_DB_07_2016
ex.668,p.517,Undirected,artista,artista,2004,1,MLT_DB_07_2016
ex.668,p.23,Undirected,artista,artista,2004,1,MLT_DB_07_2016
ex.668,p.39,Undirected,artista,artista,2004,1,MLT_DB_07_2016
ex.668,p.17,Undirected,artista,artista,2004,1,MLT_DB_07_2016
ex.668,p.200,Undirected,artista,artista,2004,1,MLT_DB_07_2016
ex.668,p.10,Undirected,artista,artista,2004,1,MLT_DB_07_2016
ex.668,p.3219,Undirected,curador,curador,2004,1,MLT_DB_07_2016
ex.668,o.308,Undirected,apoyo,apoyo,2004,1,MLT_DB_07_2016
ex.668,o.371,Undirected,apoyo,apoyo,2004,1,MLT_DB_07_2016
ex.669,p.2175,Undirected,artista,artista,2004,1,MLT_DB_07_2016
ex.669,p.752,Undirected,artista,artista,2004,1,MLT_DB_07_2016
ex.669,p.3219,Undirected,curador,curador,2004,1,MLT_DB_07_2016
ex.669,o.308,Undirected,apoyo,apoyo,2004,1,MLT_DB_07_2016
ex.669,o.371,Undirected,apoyo,apoyo,2004,1,MLT_DB_07_2016
ex.670,o.379,Undirected,apoyo,apoyo,2004,1,MLT_DB_07_2016
ex.670,o.308,Undirected,apoyo,apoyo,2004,1,MLT_DB_07_2016
ex.670,o.371,Undirected,apoyo,apoyo,2004,1,MLT_DB_07_2016
ex.671,p.49,Undirected,artista,artista,2004,1,MLT_DB_07_2016
ex.671,p.36,Undirected,artista,artista,2004,1,MLT_DB_07_2016
ex.671,p.435,Undirected,artista,artista,2004,1,MLT_DB_07_2016
ex.671,p.714,Undirected,artista,artista,2004,1,MLT_DB_07_2016
ex.671,p.1308,Undirected,artista,artista,2004,1,MLT_DB_07_2016
ex.671,p.216,Undirected,artista,artista,2004,1,MLT_DB_07_2016
ex.671,p.480,Undirected,artista,artista,2004,1,MLT_DB_07_2016
ex.671,p.59,Undirected,artista,artista,2004,1,MLT_DB_07_2016
ex.671,p.3219,Undirected,curador,curador,2004,1,MLT_DB_07_2016
ex.672,o.16,Undirected,curador,curador,2004,1,MLT_DB_07_2016
ex.672,o.1,Undirected,curador,curador,2004,1,MLT_DB_07_2016
ex.672,o.41,Undirected,apoyo,apoyo,2004,1,MLT_DB_07_2016
ex.672,o.138,Undirected,apoyo,apoyo,2004,1,MLT_DB_07_2016
ex.675,p.56,Undirected,artista,artista,2004,1,MLT_DB_07_2016
ex.675,p.46,Undirected,artista,artista,2004,1,MLT_DB_07_2016
ex.675,p.7,Undirected,artista,artista,2004,1,MLT_DB_07_2016
ex.675,p.16,Undirected,artista,artista,2004,1,MLT_DB_07_2016
ex.675,p.22,Undirected,artista,artista,2004,1,MLT_DB_07_2016
ex.675,p.11,Undirected,artista,artista,2004,1,MLT_DB_07_2016
ex.675,p.24,Undirected,artista,artista,2004,1,MLT_DB_07_2016
ex.675,p.14,Undirected,artista,artista,2004,1,MLT_DB_07_2016
ex.675,p.181,Undirected,artista,artista,2004,1,MLT_DB_07_2016
ex.675,p.196,Undirected,artista,artista,2004,1,MLT_DB_07_2016
ex.675,p.49,Undirected,artista,artista,2004,1,MLT_DB_07_2016
ex.675,p.72,Undirected,artista,artista,2004,1,MLT_DB_07_2016
ex.675,p.65,Undirected,artista,artista,2004,1,MLT_DB_07_2016
ex.675,p.169,Undirected,artista,artista,2004,1,MLT_DB_07_2016
ex.675,p.548,Undirected,artista,artista,2004,1,MLT_DB_07_2016
ex.675,p.185,Undirected,artista,artista,2004,1,MLT_DB_07_2016
ex.675,p.596,Undirected,artista,artista,2004,1,MLT_DB_07_2016
ex.675,p.104,Undirected,artista,artista,2004,1,MLT_DB_07_2016
ex.675,p.29,Undirected,artista,artista,2004,1,MLT_DB_07_2016
ex.675,p.76,Undirected,artista,artista,2004,1,MLT_DB_07_2016
ex.675,p.3219,Undirected,curador,curador,2004,1,MLT_DB_07_2016
ex.675,o.354,Undirected,apoyo,apoyo,2004,1,MLT_DB_07_2016
ex.674,p.31,Undirected,artista,artista,2004,1,MLT_DB_07_2016
ex.674,p.3214,Undirected,curador,curador,2004,1,MLT_DB_07_2016
ex.674,o.105,Undirected,apoyo,apoyo,2004,1,MLT_DB_07_2016
ex.674,o.109,Undirected,apoyo,apoyo,2004,1,MLT_DB_07_2016
ex.674,o.83,Undirected,apoyo,apoyo,2004,1,MLT_DB_07_2016
ex.674,o.67,Undirected,apoyo,apoyo,2004,1,MLT_DB_07_2016
ex.674,o.371,Undirected,apoyo,apoyo,2004,1,MLT_DB_07_2016
ex.674,o.372,Undirected,apoyo,apoyo,2004,1,MLT_DB_07_2016
ex.674,o.77,Undirected,apoyo,apoyo,2004,1,MLT_DB_07_2016
ex.674,o.164,Undirected,apoyo,apoyo,2004,1,MLT_DB_07_2016
ex.674,p.2544,Undirected,apoyo,apoyo,2004,1,MLT_DB_07_2016
ex.674,o.273,Undirected,apoyo,apoyo,2004,1,MLT_DB_07_2016
ex.674,o.41,Undirected,apoyo,apoyo,2004,1,MLT_DB_07_2016
ex.674,o.42,Undirected,apoyo,apoyo,2004,1,MLT_DB_07_2016
ex.674,o.403,Undirected,apoyo,apoyo,2004,1,MLT_DB_07_2016
ex.674,o.400,Undirected,apoyo,apoyo,2004,1,MLT_DB_07_2016
ex.674,o.308,Undirected,apoyo,apoyo,2004,1,MLT_DB_07_2016
ex.674,o.70,Undirected,apoyo,apoyo,2004,1,MLT_DB_07_2016
ex.674,o.310,Undirected,apoyo,apoyo,2004,1,MLT_DB_07_2016
ex.674,o.351,Undirected,apoyo,apoyo,2004,1,MLT_DB_07_2016
ex.674,o.135,Undirected,apoyo,apoyo,2004,1,MLT_DB_07_2016
ex.674,o.261,Undirected,apoyo,apoyo,2004,1,MLT_DB_07_2016
ex.674,o.356,Undirected,apoyo,apoyo,2004,1,MLT_DB_07_2016
ex.674,o.252,Undirected,apoyo,apoyo,2004,1,MLT_DB_07_2016
ex.674,o.358,Undirected,apoyo,apoyo,2004,1,MLT_DB_07_2016
ex.674,o.409,Undirected,apoyo,apoyo,2004,1,MLT_DB_07_2016
ex.673,p.200,Undirected,artista,artista,2004,1,MLT_DB_07_2016
ex.673,o.18,Undirected,curador,curador,2004,1,MLT_DB_07_2016
ex.673,o.308,Undirected,apoyo,apoyo,2004,1,MLT_DB_07_2016
ex.673,o.149,Undirected,apoyo,apoyo,2004,1,MLT_DB_07_2016
ex.673,o.381,Undirected,apoyo,apoyo,2004,1,MLT_DB_07_2016
ex.673,o.68,Undirected,apoyo,apoyo,2004,1,MLT_DB_07_2016
ex.673,o.386,Undirected,apoyo,apoyo,2004,1,MLT_DB_07_2016
ex.673,o.412,Undirected,apoyo,apoyo,2004,1,MLT_DB_07_2016
ex.673,o.156,Undirected,apoyo,apoyo,2004,1,MLT_DB_07_2016
ex.673,o.371,Undirected,apoyo,apoyo,2004,1,MLT_DB_07_2016
ex.677,p.3183,Undirected,curador,curador,2004,1,MLT_DB_07_2016
ex.677,p.3209,Undirected,curador,curador,2004,1,MLT_DB_07_2016
ex.677,o.41,Undirected,apoyo,apoyo,2004,1,MLT_DB_07_2016
ex.678,p.2,Undirected,artista,artista,2004,1,MLT_DB_07_2016
ex.678,p.39,Undirected,artista,artista,2004,1,MLT_DB_07_2016
ex.678,p.40,Undirected,artista,artista,2004,1,MLT_DB_07_2016
ex.678,p.187,Undirected,artista,artista,2004,1,MLT_DB_07_2016
ex.678,p.2054,Undirected,artista,artista,2004,1,MLT_DB_07_2016
ex.678,p.2218,Undirected,artista,artista,2004,1,MLT_DB_07_2016
ex.678,p.2036,Undirected,artista,artista,2004,1,MLT_DB_07_2016
ex.678,p.222,Undirected,artista,artista,2004,1,MLT_DB_07_2016
ex.678,p.752,Undirected,artista,artista,2004,1,MLT_DB_07_2016
ex.678,p.102,Undirected,artista,artista,2004,1,MLT_DB_07_2016
ex.678,p.644,Undirected,artista,artista,2004,1,MLT_DB_07_2016
ex.678,p.37,Undirected,artista,artista,2004,1,MLT_DB_07_2016
ex.678,p.3219,Undirected,curador,curador,2004,1,MLT_DB_07_2016
ex.679,p.3219,Undirected,curador,curador,2004,1,MLT_DB_07_2016
ex.680,p.589,Undirected,artista,artista,2004,1,MLT_DB_07_2016
ex.680,p.446,Undirected,artista,artista,2004,1,MLT_DB_07_2016
ex.680,p.85,Undirected,artista,artista,2004,1,MLT_DB_07_2016
ex.680,p.180,Undirected,artista,artista,2004,1,MLT_DB_07_2016
ex.680,p.207,Undirected,artista,artista,2004,1,MLT_DB_07_2016
ex.680,p.33,Undirected,artista,artista,2004,1,MLT_DB_07_2016
ex.680,p.49,Undirected,artista,artista,2004,1,MLT_DB_07_2016
ex.680,p.90,Undirected,artista,artista,2004,1,MLT_DB_07_2016
ex.680,p.115,Undirected,artista,artista,2004,1,MLT_DB_07_2016
ex.680,p.32,Undirected,artista,artista,2004,1,MLT_DB_07_2016
ex.680,p.328,Undirected,artista,artista,2004,1,MLT_DB_07_2016
ex.680,p.652,Undirected,artista,artista,2004,1,MLT_DB_07_2016
ex.680,p.29,Undirected,artista,artista,2004,1,MLT_DB_07_2016
ex.680,p.56,Undirected,artista,artista,2004,1,MLT_DB_07_2016
ex.680,p.72,Undirected,artista,artista,2004,1,MLT_DB_07_2016
ex.680,p.41,Undirected,artista,artista,2004,1,MLT_DB_07_2016
ex.680,p.20,Undirected,artista,artista,2004,1,MLT_DB_07_2016
ex.680,p.9,Undirected,artista,artista,2004,1,MLT_DB_07_2016
ex.680,p.12,Undirected,artista,artista,2004,1,MLT_DB_07_2016
ex.680,p.5,Undirected,artista,artista,2004,1,MLT_DB_07_2016
ex.680,p.4,Undirected,artista,artista,2004,1,MLT_DB_07_2016
ex.680,p.45,Undirected,artista,artista,2004,1,MLT_DB_07_2016
ex.680,p.3219,Undirected,curador,curador,2004,1,MLT_DB_07_2016
ex.682,p.3219,Undirected,curador,curador,2005,1,MLT_DB_07_2016
ex.821,p.37,Undirected,artista,artista,2005,1,MLT_DB_07_2016
ex.821,p.3219,Undirected,curador,curador,2005,1,MLT_DB_07_2016
ex.821,o.322,Undirected,apoyo,apoyo,2005,1,MLT_DB_07_2016
ex.821,o.244,Undirected,apoyo,apoyo,2005,1,MLT_DB_07_2016
ex.821,o.225,Undirected,apoyo,apoyo,2005,1,MLT_DB_07_2016
ex.821,o.67,Undirected,apoyo,apoyo,2005,1,MLT_DB_07_2016
ex.821,o.202,Undirected,apoyo,apoyo,2005,1,MLT_DB_07_2016
ex.821,o.76,Undirected,apoyo,apoyo,2005,1,MLT_DB_07_2016
ex.683,p.2,Undirected,artista,artista,2005,1,MLT_DB_07_2016
ex.683,p.39,Undirected,artista,artista,2005,1,MLT_DB_07_2016
ex.683,p.40,Undirected,artista,artista,2005,1,MLT_DB_07_2016
ex.683,p.112,Undirected,artista,artista,2005,1,MLT_DB_07_2016
ex.683,p.435,Undirected,artista,artista,2005,1,MLT_DB_07_2016
ex.683,p.480,Undirected,artista,artista,2005,1,MLT_DB_07_2016
ex.683,p.714,Undirected,artista,artista,2005,1,MLT_DB_07_2016
ex.683,p.216,Undirected,artista,artista,2005,1,MLT_DB_07_2016
ex.683,p.1308,Undirected,artista,artista,2005,1,MLT_DB_07_2016
ex.683,p.121,Undirected,artista,artista,2005,1,MLT_DB_07_2016
ex.683,p.187,Undirected,artista,artista,2005,1,MLT_DB_07_2016
ex.683,p.222,Undirected,artista,artista,2005,1,MLT_DB_07_2016
ex.683,p.2218,Undirected,artista,artista,2005,1,MLT_DB_07_2016
ex.683,p.752,Undirected,artista,artista,2005,1,MLT_DB_07_2016
ex.683,p.2036,Undirected,artista,artista,2005,1,MLT_DB_07_2016
ex.683,p.102,Undirected,artista,artista,2005,1,MLT_DB_07_2016
ex.683,p.2054,Undirected,artista,artista,2005,1,MLT_DB_07_2016
ex.683,p.36,Undirected,artista,artista,2005,1,MLT_DB_07_2016
ex.683,p.59,Undirected,artista,artista,2005,1,MLT_DB_07_2016
ex.683,p.37,Undirected,artista,artista,2005,1,MLT_DB_07_2016
ex.683,p.644,Undirected,artista,artista,2005,1,MLT_DB_07_2016
ex.683,p.3219,Undirected,curador,curador,2005,1,MLT_DB_07_2016
ex.684,p.2829,Undirected,artista,artista,2005,1,MLT_DB_07_2016
ex.684,p.3136,Undirected,artista,artista,2005,1,MLT_DB_07_2016
ex.684,p.3144,Undirected,artista,artista,2005,1,MLT_DB_07_2016
ex.684,p.112,Undirected,artista,artista,2005,1,MLT_DB_07_2016
ex.684,p.2725,Undirected,artista,artista,2005,1,MLT_DB_07_2016
ex.684,p.2753,Undirected,artista,artista,2005,1,MLT_DB_07_2016
ex.684,p.2749,Undirected,artista,artista,2005,1,MLT_DB_07_2016
ex.681,o.101,Undirected,apoyo,apoyo,2005,1,MLT_DB_07_2016
ex.681,o.308,Undirected,apoyo,apoyo,2005,1,MLT_DB_07_2016
ex.681,o.371,Undirected,apoyo,apoyo,2005,1,MLT_DB_07_2016
ex.681,o.103,Undirected,apoyo,apoyo,2005,1,MLT_DB_07_2016
ex.681,o.102,Undirected,apoyo,apoyo,2005,1,MLT_DB_07_2016
ex.681,o.99,Undirected,apoyo,apoyo,2005,1,MLT_DB_07_2016
ex.685,p.37,Undirected,artista,artista,2005,1,MLT_DB_07_2016
ex.685,p.3219,Undirected,curador,curador,2005,1,MLT_DB_07_2016
ex.685,o.308,Undirected,apoyo,apoyo,2005,1,MLT_DB_07_2016
ex.685,o.39,Undirected,apoyo,apoyo,2005,1,MLT_DB_07_2016
ex.686,p.2222,Undirected,artista,artista,2005,1,MLT_DB_07_2016
ex.686,p.2707,Undirected,artista,artista,2005,1,MLT_DB_07_2016
ex.686,p.3052,Undirected,artista,artista,2005,1,MLT_DB_07_2016
ex.686,p.2285,Undirected,artista,artista,2005,1,MLT_DB_07_2016
ex.686,p.578,Undirected,artista,artista,2005,1,MLT_DB_07_2016
ex.686,p.116,Undirected,artista,artista,2005,1,MLT_DB_07_2016
ex.686,p.41,Undirected,artista,artista,2005,1,MLT_DB_07_2016
ex.686,p.12,Undirected,artista,artista,2005,1,MLT_DB_07_2016
ex.686,p.200,Undirected,artista,artista,2005,1,MLT_DB_07_2016
ex.686,p.20,Undirected,artista,artista,2005,1,MLT_DB_07_2016
ex.686,p.23,Undirected,artista,artista,2005,1,MLT_DB_07_2016
ex.686,p.9,Undirected,artista,artista,2005,1,MLT_DB_07_2016
ex.686,p.14,Undirected,artista,artista,2005,1,MLT_DB_07_2016
ex.686,p.3219,Undirected,curador,curador,2005,1,MLT_DB_07_2016
ex.686,o.308,Undirected,apoyo,apoyo,2005,1,MLT_DB_07_2016
ex.686,o.55,Undirected,apoyo,apoyo,2005,1,MLT_DB_07_2016
ex.686,o.149,Undirected,apoyo,apoyo,2005,1,MLT_DB_07_2016
ex.686,o.39,Undirected,apoyo,apoyo,2005,1,MLT_DB_07_2016
ex.687,p.40,Undirected,artista,artista,2005,1,MLT_DB_07_2016
ex.687,p.3171,Undirected,curador,curador,2005,1,MLT_DB_07_2016
ex.687,p.3195,Undirected,curador,curador,2005,1,MLT_DB_07_2016
ex.687,o.308,Undirected,apoyo,apoyo,2005,1,MLT_DB_07_2016
ex.687,o.39,Undirected,apoyo,apoyo,2005,1,MLT_DB_07_2016
ex.688,p.176,Undirected,artista,artista,2005,1,MLT_DB_07_2016
ex.690,p.222,Undirected,artista,artista,2005,1,MLT_DB_07_2016
ex.690,o.308,Undirected,apoyo,apoyo,2005,1,MLT_DB_07_2016
ex.690,o.39,Undirected,apoyo,apoyo,2005,1,MLT_DB_07_2016
ex.689,p.1855,Undirected,artista,artista,2005,1,MLT_DB_07_2016
ex.689,o.308,Undirected,apoyo,apoyo,2005,1,MLT_DB_07_2016
ex.689,o.39,Undirected,apoyo,apoyo,2005,1,MLT_DB_07_2016
ex.692,p.2108,Undirected,artista,artista,2005,1,MLT_DB_07_2016
ex.692,p.1360,Undirected,artista,artista,2005,1,MLT_DB_07_2016
ex.691,o.308,Undirected,apoyo,apoyo,2005,1,MLT_DB_07_2016
ex.691,o.39,Undirected,apoyo,apoyo,2005,1,MLT_DB_07_2016
ex.691,o.169,Undirected,apoyo,apoyo,2005,1,MLT_DB_07_2016
ex.693,o.308,Undirected,apoyo,apoyo,2005,1,MLT_DB_07_2016
ex.693,o.245,Undirected,apoyo,apoyo,2005,1,MLT_DB_07_2016
ex.693,o.39,Undirected,apoyo,apoyo,2005,1,MLT_DB_07_2016
ex.693,o.371,Undirected,apoyo,apoyo,2005,1,MLT_DB_07_2016
ex.693,o.212,Undirected,apoyo,apoyo,2005,1,MLT_DB_07_2016
ex.693,o.123,Undirected,apoyo,apoyo,2005,1,MLT_DB_07_2016
ex.693,o.83,Undirected,apoyo,apoyo,2005,1,MLT_DB_07_2016
ex.693,o.354,Undirected,apoyo,apoyo,2005,1,MLT_DB_07_2016
ex.693,o.105,Undirected,apoyo,apoyo,2005,1,MLT_DB_07_2016
ex.693,o.272,Undirected,apoyo,apoyo,2005,1,MLT_DB_07_2016
ex.693,o.315,Undirected,apoyo,apoyo,2005,1,MLT_DB_07_2016
ex.693,o.351,Undirected,apoyo,apoyo,2005,1,MLT_DB_07_2016
ex.693,o.211,Undirected,apoyo,apoyo,2005,1,MLT_DB_07_2016
ex.693,o.90,Undirected,apoyo,apoyo,2005,1,MLT_DB_07_2016
ex.693,o.288,Undirected,apoyo,apoyo,2005,1,MLT_DB_07_2016
ex.693,o.188,Undirected,apoyo,apoyo,2005,1,MLT_DB_07_2016
ex.693,o.390,Undirected,apoyo,apoyo,2005,1,MLT_DB_07_2016
ex.693,o.253,Undirected,apoyo,apoyo,2005,1,MLT_DB_07_2016
ex.693,o.387,Undirected,apoyo,apoyo,2005,1,MLT_DB_07_2016
ex.693,o.81,Undirected,apoyo,apoyo,2005,1,MLT_DB_07_2016
ex.693,o.136,Undirected,apoyo,apoyo,2005,1,MLT_DB_07_2016
ex.694,p.151,Undirected,artista,artista,2005,1,MLT_DB_07_2016
ex.694,p.3173,Undirected,curador,curador,2005,1,MLT_DB_07_2016
ex.694,p.3202,Undirected,curador,curador,2005,1,MLT_DB_07_2016
ex.694,o.354,Undirected,apoyo,apoyo,2005,1,MLT_DB_07_2016
ex.694,o.308,Undirected,apoyo,apoyo,2005,1,MLT_DB_07_2016
ex.694,o.69,Undirected,apoyo,apoyo,2005,1,MLT_DB_07_2016
ex.694,o.66,Undirected,apoyo,apoyo,2005,1,MLT_DB_07_2016
ex.694,o.208,Undirected,apoyo,apoyo,2005,1,MLT_DB_07_2016
ex.694,o.103,Undirected,apoyo,apoyo,2005,1,MLT_DB_07_2016
ex.694,o.401,Undirected,apoyo,apoyo,2005,1,MLT_DB_07_2016
ex.694,o.39,Undirected,apoyo,apoyo,2005,1,MLT_DB_07_2016
ex.695,p.20,Undirected,artista,artista,2005,1,MLT_DB_07_2016
ex.695,p.3219,Undirected,curador,curador,2005,1,MLT_DB_07_2016
ex.695,o.69,Undirected,apoyo,apoyo,2005,1,MLT_DB_07_2016
ex.695,o.354,Undirected,apoyo,apoyo,2005,1,MLT_DB_07_2016
ex.695,o.308,Undirected,apoyo,apoyo,2005,1,MLT_DB_07_2016
ex.695,o.66,Undirected,apoyo,apoyo,2005,1,MLT_DB_07_2016
ex.695,o.39,Undirected,apoyo,apoyo,2005,1,MLT_DB_07_2016
ex.696,p.77,Undirected,artista,artista,2005,1,MLT_DB_07_2016
ex.696,p.3219,Undirected,curador,curador,2005,1,MLT_DB_07_2016
ex.696,o.354,Undirected,apoyo,apoyo,2005,1,MLT_DB_07_2016
ex.696,o.308,Undirected,apoyo,apoyo,2005,1,MLT_DB_07_2016
ex.696,o.66,Undirected,apoyo,apoyo,2005,1,MLT_DB_07_2016
ex.696,o.39,Undirected,apoyo,apoyo,2005,1,MLT_DB_07_2016
ex.697,p.1581,Undirected,artista,artista,2005,1,MLT_DB_07_2016
ex.697,o.353,Undirected,apoyo,apoyo,2005,1,MLT_DB_07_2016
ex.699,p.1952,Undirected,artista,artista,2005,1,MLT_DB_07_2016
ex.698,p.56,Undirected,artista,artista,2005,1,MLT_DB_07_2016
ex.698,p.7,Undirected,artista,artista,2005,1,MLT_DB_07_2016
ex.698,p.8,Undirected,artista,artista,2005,1,MLT_DB_07_2016
ex.698,p.196,Undirected,artista,artista,2005,1,MLT_DB_07_2016
ex.698,p.16,Undirected,artista,artista,2005,1,MLT_DB_07_2016
ex.698,p.122,Undirected,artista,artista,2005,1,MLT_DB_07_2016
ex.698,p.620,Undirected,artista,artista,2005,1,MLT_DB_07_2016
ex.698,p.46,Undirected,artista,artista,2005,1,MLT_DB_07_2016
ex.698,p.12,Undirected,artista,artista,2005,1,MLT_DB_07_2016
ex.698,p.174,Undirected,artista,artista,2005,1,MLT_DB_07_2016
ex.698,p.198,Undirected,artista,artista,2005,1,MLT_DB_07_2016
ex.698,p.123,Undirected,artista,artista,2005,1,MLT_DB_07_2016
ex.698,p.14,Undirected,artista,artista,2005,1,MLT_DB_07_2016
ex.698,p.149,Undirected,artista,artista,2005,1,MLT_DB_07_2016
ex.698,p.119,Undirected,artista,artista,2005,1,MLT_DB_07_2016
ex.698,p.100,Undirected,artista,artista,2005,1,MLT_DB_07_2016
ex.698,p.76,Undirected,artista,artista,2005,1,MLT_DB_07_2016
ex.698,p.87,Undirected,artista,artista,2005,1,MLT_DB_07_2016
ex.698,p.215,Undirected,artista,artista,2005,1,MLT_DB_07_2016
ex.698,p.630,Undirected,artista,artista,2005,1,MLT_DB_07_2016
ex.698,p.3219,Undirected,curador,curador,2005,1,MLT_DB_07_2016
ex.698,o.308,Undirected,apoyo,apoyo,2005,1,MLT_DB_07_2016
ex.698,o.371,Undirected,apoyo,apoyo,2005,1,MLT_DB_07_2016
ex.698,o.39,Undirected,apoyo,apoyo,2005,1,MLT_DB_07_2016
ex.698,o.280,Undirected,apoyo,apoyo,2005,1,MLT_DB_07_2016
ex.700,p.3146,Undirected,curador,curador,2005,1,MLT_DB_07_2016
ex.701,p.2285,Undirected,artista,artista,2005,1,MLT_DB_07_2016
ex.701,p.474,Undirected,artista,artista,2005,1,MLT_DB_07_2016
ex.701,p.593,Undirected,artista,artista,2005,1,MLT_DB_07_2016
ex.701,p.1798,Undirected,artista,artista,2005,1,MLT_DB_07_2016
ex.701,p.12,Undirected,artista,artista,2005,1,MLT_DB_07_2016
ex.701,p.151,Undirected,artista,artista,2005,1,MLT_DB_07_2016
ex.701,p.1055,Undirected,artista,artista,2005,1,MLT_DB_07_2016
ex.701,p.41,Undirected,artista,artista,2005,1,MLT_DB_07_2016
ex.701,p.621,Undirected,artista,artista,2005,1,MLT_DB_07_2016
ex.701,p.16,Undirected,artista,artista,2005,1,MLT_DB_07_2016
ex.701,p.9,Undirected,artista,artista,2005,1,MLT_DB_07_2016
ex.701,p.35,Undirected,artista,artista,2005,1,MLT_DB_07_2016
ex.701,p.1132,Undirected,artista,artista,2005,1,MLT_DB_07_2016
ex.701,p.1668,Undirected,artista,artista,2005,1,MLT_DB_07_2016
ex.701,p.104,Undirected,artista,artista,2005,1,MLT_DB_07_2016
ex.701,p.690,Undirected,curador,curador,2005,1,MLT_DB_07_2016
ex.701,o.383,Undirected,apoyo,apoyo,2005,1,MLT_DB_07_2016
ex.701,o.308,Undirected,apoyo,apoyo,2005,1,MLT_DB_07_2016
ex.701,o.39,Undirected,apoyo,apoyo,2005,1,MLT_DB_07_2016
ex.703,o.166,Undirected,apoyo,apoyo,2005,1,MLT_DB_07_2016
ex.702,p.968,Undirected,artista,artista,2005,1,MLT_DB_07_2016
ex.702,p.2924,Undirected,curador,curador,2005,1,MLT_DB_07_2016
ex.704,p.2369,Undirected,artista,artista,2006,1,MLT_DB_07_2016
ex.704,p.2326,Undirected,artista,artista,2006,1,MLT_DB_07_2016
ex.704,o.166,Undirected,apoyo,apoyo,2006,1,MLT_DB_07_2016
ex.704,o.41,Undirected,apoyo,apoyo,2006,1,MLT_DB_07_2016
ex.706,p.1767,Undirected,artista,artista,2006,1,MLT_DB_07_2016
ex.706,p.3219,Undirected,curador,curador,2006,1,MLT_DB_07_2016
ex.706,o.128,Undirected,apoyo,apoyo,2006,1,MLT_DB_07_2016
ex.706,o.308,Undirected,apoyo,apoyo,2006,1,MLT_DB_07_2016
ex.706,o.371,Undirected,apoyo,apoyo,2006,1,MLT_DB_07_2016
ex.705,p.39,Undirected,artista,artista,2006,1,MLT_DB_07_2016
ex.705,p.2,Undirected,artista,artista,2006,1,MLT_DB_07_2016
ex.705,p.23,Undirected,artista,artista,2006,1,MLT_DB_07_2016
ex.705,p.4,Undirected,artista,artista,2006,1,MLT_DB_07_2016
ex.705,p.40,Undirected,artista,artista,2006,1,MLT_DB_07_2016
ex.705,p.8,Undirected,artista,artista,2006,1,MLT_DB_07_2016
ex.705,p.73,Undirected,artista,artista,2006,1,MLT_DB_07_2016
ex.705,p.127,Undirected,artista,artista,2006,1,MLT_DB_07_2016
ex.705,p.217,Undirected,artista,artista,2006,1,MLT_DB_07_2016
ex.705,p.186,Undirected,artista,artista,2006,1,MLT_DB_07_2016
ex.705,p.77,Undirected,artista,artista,2006,1,MLT_DB_07_2016
ex.705,p.70,Undirected,artista,artista,2006,1,MLT_DB_07_2016
ex.705,p.349,Undirected,artista,artista,2006,1,MLT_DB_07_2016
ex.705,p.600,Undirected,artista,artista,2006,1,MLT_DB_07_2016
ex.705,p.203,Undirected,artista,artista,2006,1,MLT_DB_07_2016
ex.705,p.327,Undirected,artista,artista,2006,1,MLT_DB_07_2016
ex.705,p.459,Undirected,artista,artista,2006,1,MLT_DB_07_2016
ex.705,p.82,Undirected,artista,artista,2006,1,MLT_DB_07_2016
ex.705,p.7,Undirected,artista,artista,2006,1,MLT_DB_07_2016
ex.705,p.9,Undirected,artista,artista,2006,1,MLT_DB_07_2016
ex.705,p.12,Undirected,artista,artista,2006,1,MLT_DB_07_2016
ex.705,p.44,Undirected,artista,artista,2006,1,MLT_DB_07_2016
ex.705,p.140,Undirected,artista,artista,2006,1,MLT_DB_07_2016
ex.705,p.81,Undirected,artista,artista,2006,1,MLT_DB_07_2016
ex.705,p.201,Undirected,artista,artista,2006,1,MLT_DB_07_2016
ex.705,p.1159,Undirected,artista,artista,2006,1,MLT_DB_07_2016
ex.705,p.115,Undirected,artista,artista,2006,1,MLT_DB_07_2016
ex.705,p.32,Undirected,artista,artista,2006,1,MLT_DB_07_2016
ex.705,p.484,Undirected,artista,artista,2006,1,MLT_DB_07_2016
ex.705,p.3219,Undirected,curador,curador,2006,1,MLT_DB_07_2016
ex.705,o.138,Undirected,apoyo,apoyo,2006,1,MLT_DB_07_2016
ex.705,o.308,Undirected,apoyo,apoyo,2006,1,MLT_DB_07_2016
ex.705,o.371,Undirected,apoyo,apoyo,2006,1,MLT_DB_07_2016
ex.707,p.2405,Undirected,artista,artista,2006,1,MLT_DB_07_2016
ex.707,p.3193,Undirected,curador,curador,2006,1,MLT_DB_07_2016
ex.707,o.183,Undirected,apoyo,apoyo,2006,1,MLT_DB_07_2016
ex.710,o.8,Undirected,apoyo,apoyo,2006,1,MLT_DB_07_2016
ex.822,o.8,Undirected,apoyo,apoyo,2006,1,MLT_DB_07_2016
ex.709,p.203,Undirected,artista,artista,2006,1,MLT_DB_07_2016
ex.709,p.75,Undirected,artista,artista,2006,1,MLT_DB_07_2016
ex.709,p.66,Undirected,artista,artista,2006,1,MLT_DB_07_2016
ex.709,p.114,Undirected,artista,artista,2006,1,MLT_DB_07_2016
ex.709,p.435,Undirected,artista,artista,2006,1,MLT_DB_07_2016
ex.709,p.357,Undirected,artista,artista,2006,1,MLT_DB_07_2016
ex.709,p.648,Undirected,artista,artista,2006,1,MLT_DB_07_2016
ex.709,p.525,Undirected,artista,artista,2006,1,MLT_DB_07_2016
ex.709,p.2220,Undirected,artista,artista,2006,1,MLT_DB_07_2016
ex.709,p.89,Undirected,artista,artista,2006,1,MLT_DB_07_2016
ex.709,p.3219,Undirected,curador,curador,2006,1,MLT_DB_07_2016
ex.709,o.245,Undirected,apoyo,apoyo,2006,1,MLT_DB_07_2016
ex.708,p.2222,Undirected,artista,artista,2006,1,MLT_DB_07_2016
ex.708,p.11,Undirected,artista,artista,2006,1,MLT_DB_07_2016
ex.708,p.151,Undirected,artista,artista,2006,1,MLT_DB_07_2016
ex.708,p.2402,Undirected,artista,artista,2006,1,MLT_DB_07_2016
ex.708,p.519,Undirected,artista,artista,2006,1,MLT_DB_07_2016
ex.708,p.41,Undirected,artista,artista,2006,1,MLT_DB_07_2016
ex.708,p.40,Undirected,artista,artista,2006,1,MLT_DB_07_2016
ex.708,p.295,Undirected,artista,artista,2006,1,MLT_DB_07_2016
ex.708,p.474,Undirected,artista,artista,2006,1,MLT_DB_07_2016
ex.708,p.268,Undirected,artista,artista,2006,1,MLT_DB_07_2016
ex.708,p.116,Undirected,artista,artista,2006,1,MLT_DB_07_2016
ex.708,p.296,Undirected,artista,artista,2006,1,MLT_DB_07_2016
ex.708,p.403,Undirected,artista,artista,2006,1,MLT_DB_07_2016
ex.708,p.677,Undirected,artista,artista,2006,1,MLT_DB_07_2016
ex.708,p.30,Undirected,artista,artista,2006,1,MLT_DB_07_2016
ex.708,p.212,Undirected,artista,artista,2006,1,MLT_DB_07_2016
ex.708,p.3170,Undirected,curador,curador,2006,1,MLT_DB_07_2016
ex.708,p.3219,Undirected,curador,curador,2006,1,MLT_DB_07_2016
ex.708,o.308,Undirected,apoyo,apoyo,2006,1,MLT_DB_07_2016
ex.708,o.149,Undirected,apoyo,apoyo,2006,1,MLT_DB_07_2016
ex.708,o.55,Undirected,apoyo,apoyo,2006,1,MLT_DB_07_2016
ex.712,p.1864,Undirected,artista,artista,2006,1,MLT_DB_07_2016
ex.711,o.172,Undirected,apoyo,apoyo,2006,1,MLT_DB_07_2016
ex.713,p.4,Undirected,artista,artista,2006,1,MLT_DB_07_2016
ex.713,p.68,Undirected,artista,artista,2006,1,MLT_DB_07_2016
ex.713,p.44,Undirected,artista,artista,2006,1,MLT_DB_07_2016
ex.713,p.533,Undirected,artista,artista,2006,1,MLT_DB_07_2016
ex.713,p.66,Undirected,artista,artista,2006,1,MLT_DB_07_2016
ex.713,p.105,Undirected,artista,artista,2006,1,MLT_DB_07_2016
ex.713,p.208,Undirected,artista,artista,2006,1,MLT_DB_07_2016
ex.713,p.187,Undirected,artista,artista,2006,1,MLT_DB_07_2016
ex.713,p.87,Undirected,artista,artista,2006,1,MLT_DB_07_2016
ex.713,p.402,Undirected,artista,artista,2006,1,MLT_DB_07_2016
ex.713,p.40,Undirected,artista,artista,2006,1,MLT_DB_07_2016
ex.713,p.35,Undirected,artista,artista,2006,1,MLT_DB_07_2016
ex.713,p.148,Undirected,artista,artista,2006,1,MLT_DB_07_2016
ex.713,p.481,Undirected,artista,artista,2006,1,MLT_DB_07_2016
ex.713,p.214,Undirected,artista,artista,2006,1,MLT_DB_07_2016
ex.713,p.625,Undirected,artista,artista,2006,1,MLT_DB_07_2016
ex.713,p.3185,Undirected,curador,curador,2006,1,MLT_DB_07_2016
ex.713,o.308,Undirected,apoyo,apoyo,2006,1,MLT_DB_07_2016
ex.713,o.371,Undirected,apoyo,apoyo,2006,1,MLT_DB_07_2016
ex.714,p.1985,Undirected,artista,artista,2006,1,MLT_DB_07_2016
ex.714,p.3219,Undirected,curador,curador,2006,1,MLT_DB_07_2016
ex.714,o.308,Undirected,apoyo,apoyo,2006,1,MLT_DB_07_2016
ex.714,o.371,Undirected,apoyo,apoyo,2006,1,MLT_DB_07_2016
ex.715,p.1427,Undirected,artista,artista,2006,1,MLT_DB_07_2016
ex.715,p.1721,Undirected,artista,artista,2006,1,MLT_DB_07_2016
ex.715,p.3180,Undirected,curador,curador,2006,1,MLT_DB_07_2016
ex.716,p.2523,Undirected,curador,curador,2006,1,MLT_DB_07_2016
ex.716,p.3167,Undirected,curador,curador,2006,1,MLT_DB_07_2016
ex.716,o.369,Undirected,apoyo,apoyo,2006,1,MLT_DB_07_2016
ex.716,o.182,Undirected,apoyo,apoyo,2006,1,MLT_DB_07_2016
ex.717,p.48,Undirected,artista,artista,2006,1,MLT_DB_07_2016
ex.717,p.3175,Undirected,curador,curador,2006,1,MLT_DB_07_2016
ex.717,o.308,Undirected,apoyo,apoyo,2006,1,MLT_DB_07_2016
ex.717,o.371,Undirected,apoyo,apoyo,2006,1,MLT_DB_07_2016
ex.719,o.166,Undirected,apoyo,apoyo,2006,1,MLT_DB_07_2016
ex.719,o.41,Undirected,apoyo,apoyo,2006,1,MLT_DB_07_2016
ex.721,p.3219,Undirected,curador,curador,2006,1,MLT_DB_07_2016
ex.722,p.1697,Undirected,artista,artista,2006,1,MLT_DB_07_2016
ex.722,p.1038,Undirected,artista,artista,2006,1,MLT_DB_07_2016
ex.720,p.3158,Undirected,curador,curador,2006,1,MLT_DB_07_2016
ex.720,o.18,Undirected,apoyo,apoyo,2006,1,MLT_DB_07_2016
ex.720,o.308,Undirected,apoyo,apoyo,2006,1,MLT_DB_07_2016
ex.720,o.371,Undirected,apoyo,apoyo,2006,1,MLT_DB_07_2016
ex.720,o.55,Undirected,apoyo,apoyo,2006,1,MLT_DB_07_2016
ex.720,o.149,Undirected,apoyo,apoyo,2006,1,MLT_DB_07_2016
ex.723,p.2067,Undirected,artista,artista,2006,1,MLT_DB_07_2016
ex.724,o.361,Undirected,apoyo,apoyo,2006,1,MLT_DB_07_2016
ex.725,o.361,Undirected,apoyo,apoyo,2006,1,MLT_DB_07_2016
ex.728,p.2270,Undirected,artista,artista,2007,1,MLT_DB_07_2016
ex.728,p.3219,Undirected,curador,curador,2007,1,MLT_DB_07_2016
ex.728,o.308,Undirected,apoyo,apoyo,2007,1,MLT_DB_07_2016
ex.728,o.39,Undirected,apoyo,apoyo,2007,1,MLT_DB_07_2016
ex.824,p.352,Undirected,artista,artista,2007,1,MLT_DB_07_2016
ex.824,o.329,Undirected,apoyo,apoyo,2007,1,MLT_DB_07_2016
ex.824,o.332,Undirected,apoyo,apoyo,2007,1,MLT_DB_07_2016
ex.731,p.2685,Undirected,artista,artista,2007,1,MLT_DB_07_2016
ex.731,p.3219,Undirected,curador,curador,2007,1,MLT_DB_07_2016
ex.731,o.43,Undirected,apoyo,apoyo,2007,1,MLT_DB_07_2016
ex.731,o.391,Undirected,apoyo,apoyo,2007,1,MLT_DB_07_2016
ex.731,o.46,Undirected,apoyo,apoyo,2007,1,MLT_DB_07_2016
ex.731,o.384,Undirected,apoyo,apoyo,2007,1,MLT_DB_07_2016
ex.731,o.301,Undirected,apoyo,apoyo,2007,1,MLT_DB_07_2016
ex.733,p.44,Undirected,artista,artista,2007,1,MLT_DB_07_2016
ex.733,p.3186,Undirected,curador,curador,2007,1,MLT_DB_07_2016
ex.733,o.308,Undirected,apoyo,apoyo,2007,1,MLT_DB_07_2016
ex.733,o.245,Undirected,apoyo,apoyo,2007,1,MLT_DB_07_2016
ex.733,o.39,Undirected,apoyo,apoyo,2007,1,MLT_DB_07_2016
ex.733,o.83,Undirected,apoyo,apoyo,2007,1,MLT_DB_07_2016
ex.733,o.122,Undirected,apoyo,apoyo,2007,1,MLT_DB_07_2016
ex.733,o.41,Undirected,apoyo,apoyo,2007,1,MLT_DB_07_2016
ex.733,o.123,Undirected,apoyo,apoyo,2007,1,MLT_DB_07_2016
ex.733,o.20,Undirected,apoyo,apoyo,2007,1,MLT_DB_07_2016
ex.733,o.403,Undirected,apoyo,apoyo,2007,1,MLT_DB_07_2016
ex.734,p.3077,Undirected,artista,artista,2007,1,MLT_DB_07_2016
ex.734,o.7,Undirected,curador,curador,2007,1,MLT_DB_07_2016
ex.734,o.308,Undirected,apoyo,apoyo,2007,1,MLT_DB_07_2016
ex.734,o.354,Undirected,apoyo,apoyo,2007,1,MLT_DB_07_2016
ex.734,o.62,Undirected,apoyo,apoyo,2007,1,MLT_DB_07_2016
ex.734,o.398,Undirected,apoyo,apoyo,2007,1,MLT_DB_07_2016
ex.734,o.185,Undirected,apoyo,apoyo,2007,1,MLT_DB_07_2016
ex.734,o.33,Undirected,apoyo,apoyo,2007,1,MLT_DB_07_2016
ex.734,o.393,Undirected,apoyo,apoyo,2007,1,MLT_DB_07_2016
ex.734,o.155,Undirected,apoyo,apoyo,2007,1,MLT_DB_07_2016
ex.734,o.45,Undirected,apoyo,apoyo,2007,1,MLT_DB_07_2016
ex.734,o.77,Undirected,apoyo,apoyo,2007,1,MLT_DB_07_2016
ex.734,o.399,Undirected,apoyo,apoyo,2007,1,MLT_DB_07_2016
ex.734,o.404,Undirected,apoyo,apoyo,2007,1,MLT_DB_07_2016
ex.734,o.104,Undirected,apoyo,apoyo,2007,1,MLT_DB_07_2016
ex.734,o.67,Undirected,apoyo,apoyo,2007,1,MLT_DB_07_2016
ex.734,o.122,Undirected,apoyo,apoyo,2007,1,MLT_DB_07_2016
ex.726,p.2598,Undirected,artista,artista,2007,1,MLT_DB_07_2016
ex.726,p.3175,Undirected,curador,curador,2007,1,MLT_DB_07_2016
ex.726,o.308,Undirected,apoyo,apoyo,2007,1,MLT_DB_07_2016
ex.726,o.39,Undirected,apoyo,apoyo,2007,1,MLT_DB_07_2016
ex.726,o.249,Undirected,apoyo,apoyo,2007,1,MLT_DB_07_2016
ex.727,o.8,Undirected,curador,curador,2007,1,MLT_DB_07_2016
ex.727,o.8,Undirected,apoyo,apoyo,2007,1,MLT_DB_07_2016
ex.729,p.3187,Undirected,curador,curador,2007,1,MLT_DB_07_2016
ex.729,o.329,Undirected,apoyo,apoyo,2007,1,MLT_DB_07_2016
ex.730,p.3219,Undirected,curador,curador,2007,1,MLT_DB_07_2016
ex.732,p.1153,Undirected,artista,artista,2007,1,MLT_DB_07_2016
ex.732,o.43,Undirected,apoyo,apoyo,2007,1,MLT_DB_07_2016
ex.732,o.278,Undirected,apoyo,apoyo,2007,1,MLT_DB_07_2016
ex.735,p.4,Undirected,artista,artista,2007,1,MLT_DB_07_2016
ex.735,p.3219,Undirected,curador,curador,2007,1,MLT_DB_07_2016
ex.735,o.245,Undirected,apoyo,apoyo,2007,1,MLT_DB_07_2016
ex.735,o.371,Undirected,apoyo,apoyo,2007,1,MLT_DB_07_2016
ex.735,o.83,Undirected,apoyo,apoyo,2007,1,MLT_DB_07_2016
ex.735,o.400,Undirected,apoyo,apoyo,2007,1,MLT_DB_07_2016
ex.735,o.334,Undirected,apoyo,apoyo,2007,1,MLT_DB_07_2016
ex.735,o.331,Undirected,apoyo,apoyo,2007,1,MLT_DB_07_2016
ex.735,o.181,Undirected,apoyo,apoyo,2007,1,MLT_DB_07_2016
ex.736,p.2979,Undirected,artista,artista,2008,1,MLT_DB_07_2016
ex.736,p.73,Undirected,artista,artista,2008,1,MLT_DB_07_2016
ex.736,p.8,Undirected,artista,artista,2008,1,MLT_DB_07_2016
ex.736,p.400,Undirected,artista,artista,2008,1,MLT_DB_07_2016
ex.736,p.54,Undirected,artista,artista,2008,1,MLT_DB_07_2016
ex.736,p.127,Undirected,artista,artista,2008,1,MLT_DB_07_2016
ex.736,p.203,Undirected,curador,curador,2008,1,MLT_DB_07_2016
ex.736,o.39,Undirected,apoyo,apoyo,2008,1,MLT_DB_07_2016
ex.736,o.308,Undirected,apoyo,apoyo,2008,1,MLT_DB_07_2016
ex.736,o.148,Undirected,apoyo,apoyo,2008,1,MLT_DB_07_2016
ex.736,o.383,Undirected,apoyo,apoyo,2008,1,MLT_DB_07_2016
ex.736,o.115,Undirected,apoyo,apoyo,2008,1,MLT_DB_07_2016
ex.737,p.2891,Undirected,artista,artista,2008,1,MLT_DB_07_2016
ex.737,p.203,Undirected,curador,curador,2008,1,MLT_DB_07_2016
ex.737,o.39,Undirected,apoyo,apoyo,2008,1,MLT_DB_07_2016
ex.737,o.308,Undirected,apoyo,apoyo,2008,1,MLT_DB_07_2016
ex.737,o.245,Undirected,apoyo,apoyo,2008,1,MLT_DB_07_2016
ex.737,o.348,Undirected,apoyo,apoyo,2008,1,MLT_DB_07_2016
ex.738,p.2679,Undirected,artista,artista,2008,1,MLT_DB_07_2016
ex.738,p.2902,Undirected,artista,artista,2008,1,MLT_DB_07_2016
ex.738,p.57,Undirected,artista,artista,2008,1,MLT_DB_07_2016
ex.738,p.2596,Undirected,artista,artista,2008,1,MLT_DB_07_2016
ex.738,p.3088,Undirected,artista,artista,2008,1,MLT_DB_07_2016
ex.738,p.2795,Undirected,artista,artista,2008,1,MLT_DB_07_2016
ex.738,p.2579,Undirected,artista,artista,2008,1,MLT_DB_07_2016
ex.738,p.203,Undirected,curador,curador,2008,1,MLT_DB_07_2016
ex.738,o.39,Undirected,apoyo,apoyo,2008,1,MLT_DB_07_2016
ex.738,o.308,Undirected,apoyo,apoyo,2008,1,MLT_DB_07_2016
ex.738,o.245,Undirected,apoyo,apoyo,2008,1,MLT_DB_07_2016
ex.738,o.348,Undirected,apoyo,apoyo,2008,1,MLT_DB_07_2016
ex.739,p.203,Undirected,artista,artista,2008,1,MLT_DB_07_2016
ex.739,p.3219,Undirected,curador,curador,2008,1,MLT_DB_07_2016
ex.739,o.39,Undirected,apoyo,apoyo,2008,1,MLT_DB_07_2016
ex.739,o.245,Undirected,apoyo,apoyo,2008,1,MLT_DB_07_2016
ex.739,o.383,Undirected,apoyo,apoyo,2008,1,MLT_DB_07_2016
ex.739,o.115,Undirected,apoyo,apoyo,2008,1,MLT_DB_07_2016
ex.812,p.7,Undirected,artista,artista,2008,1,MLT_DB_07_2016
ex.812,p.233,Undirected,artista,artista,2008,1,MLT_DB_07_2016
ex.812,p.45,Undirected,artista,artista,2008,1,MLT_DB_07_2016
ex.812,p.11,Undirected,artista,artista,2008,1,MLT_DB_07_2016
ex.812,p.19,Undirected,artista,artista,2008,1,MLT_DB_07_2016
ex.812,p.1260,Undirected,artista,artista,2008,1,MLT_DB_07_2016
ex.812,p.127,Undirected,artista,artista,2008,1,MLT_DB_07_2016
ex.812,p.2741,Undirected,artista,artista,2008,1,MLT_DB_07_2016
ex.812,p.176,Undirected,artista,artista,2008,1,MLT_DB_07_2016
ex.812,p.2922,Undirected,artista,artista,2008,1,MLT_DB_07_2016
ex.812,p.2968,Undirected,artista,artista,2008,1,MLT_DB_07_2016
ex.812,p.2858,Undirected,artista,artista,2008,1,MLT_DB_07_2016
ex.812,p.2851,Undirected,artista,artista,2008,1,MLT_DB_07_2016
ex.812,p.3107,Undirected,artista,artista,2008,1,MLT_DB_07_2016
ex.812,p.2869,Undirected,artista,artista,2008,1,MLT_DB_07_2016
ex.812,p.2878,Undirected,artista,artista,2008,1,MLT_DB_07_2016
ex.812,p.714,Undirected,curador,curador,2008,1,MLT_DB_07_2016
ex.812,p.114,Undirected,curador,curador,2008,1,MLT_DB_07_2016
ex.812,p.14,Undirected,curador,curador,2008,1,MLT_DB_07_2016
ex.812,p.3238,Undirected,curador,curador,2008,1,MLT_DB_07_2016
ex.812,p.2036,Undirected,curador,curador,2008,1,MLT_DB_07_2016
ex.812,o.308,Undirected,apoyo,apoyo,2008,1,MLT_DB_07_2016
ex.812,o.39,Undirected,apoyo,apoyo,2008,1,MLT_DB_07_2016
ex.812,o.354,Undirected,apoyo,apoyo,2008,1,MLT_DB_07_2016
ex.812,o.23,Undirected,apoyo,apoyo,2008,1,MLT_DB_07_2016
ex.812,o.376,Undirected,apoyo,apoyo,2008,1,MLT_DB_07_2016
ex.812,o.156,Undirected,apoyo,apoyo,2008,1,MLT_DB_07_2016
ex.740,p.3219,Undirected,curador,curador,2009,1,MLT_DB_07_2016
ex.740,o.39,Undirected,apoyo,apoyo,2009,1,MLT_DB_07_2016
ex.740,o.308,Undirected,apoyo,apoyo,2009,1,MLT_DB_07_2016
ex.740,o.383,Undirected,apoyo,apoyo,2009,1,MLT_DB_07_2016
ex.740,o.240,Undirected,apoyo,apoyo,2009,1,MLT_DB_07_2016
ex.740,o.115,Undirected,apoyo,apoyo,2009,1,MLT_DB_07_2016
ex.740,o.156,Undirected,apoyo,apoyo,2009,1,MLT_DB_07_2016
ex.743,p.2825,Undirected,artista,artista,2009,1,MLT_DB_07_2016
ex.743,p.2987,Undirected,artista,artista,2009,1,MLT_DB_07_2016
ex.743,p.2654,Undirected,artista,artista,2009,1,MLT_DB_07_2016
ex.743,p.2649,Undirected,artista,artista,2009,1,MLT_DB_07_2016
ex.743,p.2824,Undirected,artista,artista,2009,1,MLT_DB_07_2016
ex.743,p.2912,Undirected,artista,artista,2009,1,MLT_DB_07_2016
ex.743,p.3140,Undirected,artista,artista,2009,1,MLT_DB_07_2016
ex.743,p.2761,Undirected,artista,artista,2009,1,MLT_DB_07_2016
ex.743,p.2623,Undirected,artista,artista,2009,1,MLT_DB_07_2016
ex.743,p.2988,Undirected,artista,artista,2009,1,MLT_DB_07_2016
ex.743,p.2838,Undirected,artista,artista,2009,1,MLT_DB_07_2016
ex.743,p.3191,Undirected,curador,curador,2009,1,MLT_DB_07_2016
ex.743,o.41,Undirected,apoyo,apoyo,2009,1,MLT_DB_07_2016
ex.743,o.166,Undirected,apoyo,apoyo,2009,1,MLT_DB_07_2016
ex.743,o.394,Undirected,apoyo,apoyo,2009,1,MLT_DB_07_2016
ex.743,o.304,Undirected,apoyo,apoyo,2009,1,MLT_DB_07_2016
ex.743,o.61,Undirected,apoyo,apoyo,2009,1,MLT_DB_07_2016
ex.743,o.24,Undirected,apoyo,apoyo,2009,1,MLT_DB_07_2016
ex.743,o.38,Undirected,apoyo,apoyo,2009,1,MLT_DB_07_2016
ex.743,o.310,Undirected,apoyo,apoyo,2009,1,MLT_DB_07_2016
ex.743,o.119,Undirected,apoyo,apoyo,2009,1,MLT_DB_07_2016
ex.743,o.69,Undirected,apoyo,apoyo,2009,1,MLT_DB_07_2016
ex.743,o.354,Undirected,apoyo,apoyo,2009,1,MLT_DB_07_2016
ex.743,o.29,Undirected,apoyo,apoyo,2009,1,MLT_DB_07_2016
ex.743,o.39,Undirected,apoyo,apoyo,2009,1,MLT_DB_07_2016
ex.743,o.308,Undirected,apoyo,apoyo,2009,1,MLT_DB_07_2016
ex.744,p.46,Undirected,artista,artista,2009,1,MLT_DB_07_2016
ex.744,p.652,Undirected,artista,artista,2009,1,MLT_DB_07_2016
ex.744,p.5,Undirected,artista,artista,2009,1,MLT_DB_07_2016
ex.744,p.541,Undirected,artista,artista,2009,1,MLT_DB_07_2016
ex.744,p.16,Undirected,artista,artista,2009,1,MLT_DB_07_2016
ex.744,p.3130,Undirected,artista,artista,2009,1,MLT_DB_07_2016
ex.744,p.12,Undirected,artista,artista,2009,1,MLT_DB_07_2016
ex.744,p.313,Undirected,artista,artista,2009,1,MLT_DB_07_2016
ex.744,p.317,Undirected,artista,artista,2009,1,MLT_DB_07_2016
ex.744,p.39,Undirected,artista,artista,2009,1,MLT_DB_07_2016
ex.744,p.64,Undirected,artista,artista,2009,1,MLT_DB_07_2016
ex.744,p.266,Undirected,artista,artista,2009,1,MLT_DB_07_2016
ex.744,p.286,Undirected,artista,artista,2009,1,MLT_DB_07_2016
ex.744,p.7,Undirected,artista,artista,2009,1,MLT_DB_07_2016
ex.744,p.594,Undirected,artista,artista,2009,1,MLT_DB_07_2016
ex.744,p.346,Undirected,artista,artista,2009,1,MLT_DB_07_2016
ex.744,p.650,Undirected,artista,artista,2009,1,MLT_DB_07_2016
ex.744,p.655,Undirected,artista,artista,2009,1,MLT_DB_07_2016
ex.744,p.128,Undirected,artista,artista,2009,1,MLT_DB_07_2016
ex.744,p.123,Undirected,artista,artista,2009,1,MLT_DB_07_2016
ex.744,p.558,Undirected,artista,artista,2009,1,MLT_DB_07_2016
ex.744,p.31,Undirected,artista,artista,2009,1,MLT_DB_07_2016
ex.744,p.540,Undirected,artista,artista,2009,1,MLT_DB_07_2016
ex.744,p.185,Undirected,artista,artista,2009,1,MLT_DB_07_2016
ex.744,p.460,Undirected,artista,artista,2009,1,MLT_DB_07_2016
ex.744,p.180,Undirected,artista,artista,2009,1,MLT_DB_07_2016
ex.744,p.20,Undirected,artista,artista,2009,1,MLT_DB_07_2016
ex.744,p.178,Undirected,artista,artista,2009,1,MLT_DB_07_2016
ex.744,p.432,Undirected,artista,artista,2009,1,MLT_DB_07_2016
ex.744,p.294,Undirected,artista,artista,2009,1,MLT_DB_07_2016
ex.744,p.57,Undirected,artista,artista,2009,1,MLT_DB_07_2016
ex.744,p.267,Undirected,artista,artista,2009,1,MLT_DB_07_2016
ex.744,p.265,Undirected,artista,artista,2009,1,MLT_DB_07_2016
ex.744,p.239,Undirected,artista,artista,2009,1,MLT_DB_07_2016
ex.744,p.203,Undirected,curador,curador,2009,1,MLT_DB_07_2016
ex.744,o.240,Undirected,apoyo,apoyo,2009,1,MLT_DB_07_2016
ex.744,o.89,Undirected,apoyo,apoyo,2009,1,MLT_DB_07_2016
ex.744,o.115,Undirected,apoyo,apoyo,2009,1,MLT_DB_07_2016
ex.744,o.58,Undirected,apoyo,apoyo,2009,1,MLT_DB_07_2016
ex.744,o.156,Undirected,apoyo,apoyo,2009,1,MLT_DB_07_2016
ex.744,o.383,Undirected,apoyo,apoyo,2009,1,MLT_DB_07_2016
ex.741,p.203,Undirected,curador,curador,2009,1,MLT_DB_07_2016
ex.742,p.336,Undirected,artista,artista,2009,1,MLT_DB_07_2016
ex.742,p.3219,Undirected,curador,curador,2009,1,MLT_DB_07_2016
ex.742,o.383,Undirected,apoyo,apoyo,2009,1,MLT_DB_07_2016
ex.742,o.240,Undirected,apoyo,apoyo,2009,1,MLT_DB_07_2016
ex.742,o.115,Undirected,apoyo,apoyo,2009,1,MLT_DB_07_2016
ex.742,o.156,Undirected,apoyo,apoyo,2009,1,MLT_DB_07_2016
ex.745,p.203,Undirected,curador,curador,2010,1,MLT_DB_07_2016
ex.745,o.308,Undirected,apoyo,apoyo,2010,1,MLT_DB_07_2016
ex.745,o.39,Undirected,apoyo,apoyo,2010,1,MLT_DB_07_2016
ex.745,o.156,Undirected,apoyo,apoyo,2010,1,MLT_DB_07_2016
ex.745,o.68,Undirected,apoyo,apoyo,2010,1,MLT_DB_07_2016
ex.745,o.89,Undirected,apoyo,apoyo,2010,1,MLT_DB_07_2016
ex.745,o.115,Undirected,apoyo,apoyo,2010,1,MLT_DB_07_2016
ex.745,o.58,Undirected,apoyo,apoyo,2010,1,MLT_DB_07_2016
ex.745,o.383,Undirected,apoyo,apoyo,2010,1,MLT_DB_07_2016
ex.745,o.259,Undirected,apoyo,apoyo,2010,1,MLT_DB_07_2016
ex.745,o.252,Undirected,apoyo,apoyo,2010,1,MLT_DB_07_2016
ex.745,o.70,Undirected,apoyo,apoyo,2010,1,MLT_DB_07_2016
ex.746,p.2558,Undirected,artista,artista,2010,1,MLT_DB_07_2016
ex.746,p.686,Undirected,artista,artista,2010,1,MLT_DB_07_2016
ex.746,p.681,Undirected,artista,artista,2010,1,MLT_DB_07_2016
ex.746,p.2592,Undirected,artista,artista,2010,1,MLT_DB_07_2016
ex.746,p.3053,Undirected,artista,artista,2010,1,MLT_DB_07_2016
ex.746,p.2612,Undirected,artista,artista,2010,1,MLT_DB_07_2016
ex.746,p.2617,Undirected,artista,artista,2010,1,MLT_DB_07_2016
ex.746,p.2620,Undirected,artista,artista,2010,1,MLT_DB_07_2016
ex.746,p.2632,Undirected,artista,artista,2010,1,MLT_DB_07_2016
ex.746,p.2653,Undirected,artista,artista,2010,1,MLT_DB_07_2016
ex.746,p.589,Undirected,artista,artista,2010,1,MLT_DB_07_2016
ex.746,p.2691,Undirected,artista,artista,2010,1,MLT_DB_07_2016
ex.746,p.2726,Undirected,artista,artista,2010,1,MLT_DB_07_2016
ex.746,p.544,Undirected,artista,artista,2010,1,MLT_DB_07_2016
ex.746,p.545,Undirected,artista,artista,2010,1,MLT_DB_07_2016
ex.746,p.2748,Undirected,artista,artista,2010,1,MLT_DB_07_2016
ex.746,p.2752,Undirected,artista,artista,2010,1,MLT_DB_07_2016
ex.746,p.2759,Undirected,artista,artista,2010,1,MLT_DB_07_2016
ex.746,p.2769,Undirected,artista,artista,2010,1,MLT_DB_07_2016
ex.746,p.2781,Undirected,artista,artista,2010,1,MLT_DB_07_2016
ex.746,p.2818,Undirected,artista,artista,2010,1,MLT_DB_07_2016
ex.746,p.2819,Undirected,artista,artista,2010,1,MLT_DB_07_2016
ex.746,p.2821,Undirected,artista,artista,2010,1,MLT_DB_07_2016
ex.746,p.2830,Undirected,artista,artista,2010,1,MLT_DB_07_2016
ex.746,p.451,Undirected,artista,artista,2010,1,MLT_DB_07_2016
ex.746,p.180,Undirected,artista,artista,2010,1,MLT_DB_07_2016
ex.746,p.2853,Undirected,artista,artista,2010,1,MLT_DB_07_2016
ex.746,p.113,Undirected,artista,artista,2010,1,MLT_DB_07_2016
ex.746,p.2917,Undirected,artista,artista,2010,1,MLT_DB_07_2016
ex.746,p.2923,Undirected,artista,artista,2010,1,MLT_DB_07_2016
ex.746,p.2924,Undirected,artista,artista,2010,1,MLT_DB_07_2016
ex.746,p.398,Undirected,artista,artista,2010,1,MLT_DB_07_2016
ex.746,p.2953,Undirected,artista,artista,2010,1,MLT_DB_07_2016
ex.746,p.367,Undirected,artista,artista,2010,1,MLT_DB_07_2016
ex.746,p.2973,Undirected,artista,artista,2010,1,MLT_DB_07_2016
ex.746,p.2984,Undirected,artista,artista,2010,1,MLT_DB_07_2016
ex.746,p.3002,Undirected,artista,artista,2010,1,MLT_DB_07_2016
ex.746,p.320,Undirected,artista,artista,2010,1,MLT_DB_07_2016
ex.746,p.3029,Undirected,artista,artista,2010,1,MLT_DB_07_2016
ex.746,p.308,Undirected,artista,artista,2010,1,MLT_DB_07_2016
ex.746,p.3048,Undirected,artista,artista,2010,1,MLT_DB_07_2016
ex.746,p.3054,Undirected,artista,artista,2010,1,MLT_DB_07_2016
ex.746,p.3059,Undirected,artista,artista,2010,1,MLT_DB_07_2016
ex.746,p.3064,Undirected,artista,artista,2010,1,MLT_DB_07_2016
ex.746,p.2509,Undirected,artista,artista,2010,1,MLT_DB_07_2016
ex.746,p.85,Undirected,artista,artista,2010,1,MLT_DB_07_2016
ex.746,p.3080,Undirected,artista,artista,2010,1,MLT_DB_07_2016
ex.746,p.3085,Undirected,artista,artista,2010,1,MLT_DB_07_2016
ex.746,p.3090,Undirected,artista,artista,2010,1,MLT_DB_07_2016
ex.746,p.3099,Undirected,artista,artista,2010,1,MLT_DB_07_2016
ex.746,p.3104,Undirected,artista,artista,2010,1,MLT_DB_07_2016
ex.746,p.3108,Undirected,artista,artista,2010,1,MLT_DB_07_2016
ex.746,p.247,Undirected,artista,artista,2010,1,MLT_DB_07_2016
ex.746,p.3137,Undirected,artista,artista,2010,1,MLT_DB_07_2016
ex.746,p.3229,Undirected,curador,curador,2010,1,MLT_DB_07_2016
ex.746,o.171,Undirected,apoyo,apoyo,2010,1,MLT_DB_07_2016
ex.746,o.308,Undirected,apoyo,apoyo,2010,1,MLT_DB_07_2016
ex.746,o.39,Undirected,apoyo,apoyo,2010,1,MLT_DB_07_2016
ex.746,o.122,Undirected,apoyo,apoyo,2010,1,MLT_DB_07_2016
ex.746,o.68,Undirected,apoyo,apoyo,2010,1,MLT_DB_07_2016
ex.746,o.89,Undirected,apoyo,apoyo,2010,1,MLT_DB_07_2016
ex.746,o.115,Undirected,apoyo,apoyo,2010,1,MLT_DB_07_2016
ex.746,o.58,Undirected,apoyo,apoyo,2010,1,MLT_DB_07_2016
ex.746,o.383,Undirected,apoyo,apoyo,2010,1,MLT_DB_07_2016
ex.746,o.259,Undirected,apoyo,apoyo,2010,1,MLT_DB_07_2016
ex.746,o.252,Undirected,apoyo,apoyo,2010,1,MLT_DB_07_2016
ex.746,o.70,Undirected,apoyo,apoyo,2010,1,MLT_DB_07_2016
ex.747,p.2826,Undirected,artista,artista,2011,1,MLT_DB_07_2016
ex.747,p.2773,Undirected,artista,artista,2011,1,MLT_DB_07_2016
ex.747,p.3236,Undirected,curador,curador,2011,1,MLT_DB_07_2016
ex.747,o.308,Undirected,apoyo,apoyo,2011,1,MLT_DB_07_2016
ex.747,o.39,Undirected,apoyo,apoyo,2011,1,MLT_DB_07_2016
ex.747,o.122,Undirected,apoyo,apoyo,2011,1,MLT_DB_07_2016
ex.747,o.68,Undirected,apoyo,apoyo,2011,1,MLT_DB_07_2016
ex.747,o.89,Undirected,apoyo,apoyo,2011,1,MLT_DB_07_2016
ex.747,o.115,Undirected,apoyo,apoyo,2011,1,MLT_DB_07_2016
ex.747,o.58,Undirected,apoyo,apoyo,2011,1,MLT_DB_07_2016
ex.747,o.383,Undirected,apoyo,apoyo,2011,1,MLT_DB_07_2016
ex.747,o.259,Undirected,apoyo,apoyo,2011,1,MLT_DB_07_2016
ex.747,o.252,Undirected,apoyo,apoyo,2011,1,MLT_DB_07_2016
ex.747,o.70,Undirected,apoyo,apoyo,2011,1,MLT_DB_07_2016
ex.748,p.112,Undirected,artista,artista,2011,1,MLT_DB_07_2016
ex.748,p.3219,Undirected,curador,curador,2011,1,MLT_DB_07_2016
ex.748,o.308,Undirected,apoyo,apoyo,2011,1,MLT_DB_07_2016
ex.748,o.39,Undirected,apoyo,apoyo,2011,1,MLT_DB_07_2016
ex.748,o.122,Undirected,apoyo,apoyo,2011,1,MLT_DB_07_2016
ex.748,o.68,Undirected,apoyo,apoyo,2011,1,MLT_DB_07_2016
ex.748,o.89,Undirected,apoyo,apoyo,2011,1,MLT_DB_07_2016
ex.748,o.115,Undirected,apoyo,apoyo,2011,1,MLT_DB_07_2016
ex.748,o.58,Undirected,apoyo,apoyo,2011,1,MLT_DB_07_2016
ex.748,o.383,Undirected,apoyo,apoyo,2011,1,MLT_DB_07_2016
ex.748,o.259,Undirected,apoyo,apoyo,2011,1,MLT_DB_07_2016
ex.748,o.252,Undirected,apoyo,apoyo,2011,1,MLT_DB_07_2016
ex.748,o.70,Undirected,apoyo,apoyo,2011,1,MLT_DB_07_2016
ex.749,p.112,Undirected,artista,artista,2011,1,MLT_DB_07_2016
ex.749,p.224,Undirected,curador,curador,2011,1,MLT_DB_07_2016
ex.749,o.308,Undirected,apoyo,apoyo,2011,1,MLT_DB_07_2016
ex.749,o.39,Undirected,apoyo,apoyo,2011,1,MLT_DB_07_2016
ex.749,o.122,Undirected,apoyo,apoyo,2011,1,MLT_DB_07_2016
ex.749,o.68,Undirected,apoyo,apoyo,2011,1,MLT_DB_07_2016
ex.749,o.89,Undirected,apoyo,apoyo,2011,1,MLT_DB_07_2016
ex.749,o.115,Undirected,apoyo,apoyo,2011,1,MLT_DB_07_2016
ex.749,o.58,Undirected,apoyo,apoyo,2011,1,MLT_DB_07_2016
ex.749,o.383,Undirected,apoyo,apoyo,2011,1,MLT_DB_07_2016
ex.749,o.259,Undirected,apoyo,apoyo,2011,1,MLT_DB_07_2016
ex.749,o.70,Undirected,apoyo,apoyo,2011,1,MLT_DB_07_2016
ex.749,o.252,Undirected,apoyo,apoyo,2011,1,MLT_DB_07_2016
ex.749,o.219,Undirected,apoyo,apoyo,2011,1,MLT_DB_07_2016
ex.750,p.3134,Undirected,artista,artista,2011,1,MLT_DB_07_2016
ex.750,p.3236,Undirected,curador,curador,2011,1,MLT_DB_07_2016
ex.750,o.308,Undirected,apoyo,apoyo,2011,1,MLT_DB_07_2016
ex.750,o.39,Undirected,apoyo,apoyo,2011,1,MLT_DB_07_2016
ex.750,o.122,Undirected,apoyo,apoyo,2011,1,MLT_DB_07_2016
ex.750,o.68,Undirected,apoyo,apoyo,2011,1,MLT_DB_07_2016
ex.750,o.89,Undirected,apoyo,apoyo,2011,1,MLT_DB_07_2016
ex.750,o.115,Undirected,apoyo,apoyo,2011,1,MLT_DB_07_2016
ex.750,o.58,Undirected,apoyo,apoyo,2011,1,MLT_DB_07_2016
ex.750,o.383,Undirected,apoyo,apoyo,2011,1,MLT_DB_07_2016
ex.750,o.259,Undirected,apoyo,apoyo,2011,1,MLT_DB_07_2016
ex.750,o.70,Undirected,apoyo,apoyo,2011,1,MLT_DB_07_2016
ex.752,p.3065,Undirected,artista,artista,2011,1,MLT_DB_07_2016
ex.752,o.9,Undirected,curador,curador,2011,1,MLT_DB_07_2016
ex.752,o.9,Undirected,apoyo,apoyo,2011,1,MLT_DB_07_2016
ex.752,o.308,Undirected,apoyo,apoyo,2011,1,MLT_DB_07_2016
ex.752,o.39,Undirected,apoyo,apoyo,2011,1,MLT_DB_07_2016
ex.752,o.122,Undirected,apoyo,apoyo,2011,1,MLT_DB_07_2016
ex.752,o.68,Undirected,apoyo,apoyo,2011,1,MLT_DB_07_2016
ex.752,o.89,Undirected,apoyo,apoyo,2011,1,MLT_DB_07_2016
ex.752,o.115,Undirected,apoyo,apoyo,2011,1,MLT_DB_07_2016
ex.752,o.58,Undirected,apoyo,apoyo,2011,1,MLT_DB_07_2016
ex.752,o.383,Undirected,apoyo,apoyo,2011,1,MLT_DB_07_2016
ex.752,o.259,Undirected,apoyo,apoyo,2011,1,MLT_DB_07_2016
ex.752,o.83,Undirected,apoyo,apoyo,2011,1,MLT_DB_07_2016
ex.752,o.70,Undirected,apoyo,apoyo,2011,1,MLT_DB_07_2016
ex.753,p.49,Undirected,artista,artista,2011,1,MLT_DB_07_2016
ex.753,p.453,Undirected,artista,artista,2011,1,MLT_DB_07_2016
ex.753,p.19,Undirected,artista,artista,2011,1,MLT_DB_07_2016
ex.753,p.142,Undirected,artista,artista,2011,1,MLT_DB_07_2016
ex.753,p.87,Undirected,artista,artista,2011,1,MLT_DB_07_2016
ex.753,p.140,Undirected,artista,artista,2011,1,MLT_DB_07_2016
ex.753,p.3219,Undirected,curador,curador,2011,1,MLT_DB_07_2016
ex.753,o.308,Undirected,apoyo,apoyo,2011,1,MLT_DB_07_2016
ex.753,o.39,Undirected,apoyo,apoyo,2011,1,MLT_DB_07_2016
ex.753,o.122,Undirected,apoyo,apoyo,2011,1,MLT_DB_07_2016
ex.753,o.68,Undirected,apoyo,apoyo,2011,1,MLT_DB_07_2016
ex.753,o.89,Undirected,apoyo,apoyo,2011,1,MLT_DB_07_2016
ex.753,o.115,Undirected,apoyo,apoyo,2011,1,MLT_DB_07_2016
ex.753,o.58,Undirected,apoyo,apoyo,2011,1,MLT_DB_07_2016
ex.753,o.383,Undirected,apoyo,apoyo,2011,1,MLT_DB_07_2016
ex.753,o.259,Undirected,apoyo,apoyo,2011,1,MLT_DB_07_2016
ex.753,o.83,Undirected,apoyo,apoyo,2011,1,MLT_DB_07_2016
ex.753,o.70,Undirected,apoyo,apoyo,2011,1,MLT_DB_07_2016
ex.751,p.2658,Undirected,artista,artista,2011,1,MLT_DB_07_2016
ex.751,p.2903,Undirected,artista,artista,2011,1,MLT_DB_07_2016
ex.751,p.3236,Undirected,curador,curador,2011,1,MLT_DB_07_2016
ex.751,o.308,Undirected,apoyo,apoyo,2011,1,MLT_DB_07_2016
ex.751,o.39,Undirected,apoyo,apoyo,2011,1,MLT_DB_07_2016
ex.751,o.122,Undirected,apoyo,apoyo,2011,1,MLT_DB_07_2016
ex.751,o.68,Undirected,apoyo,apoyo,2011,1,MLT_DB_07_2016
ex.751,o.89,Undirected,apoyo,apoyo,2011,1,MLT_DB_07_2016
ex.751,o.115,Undirected,apoyo,apoyo,2011,1,MLT_DB_07_2016
ex.751,o.58,Undirected,apoyo,apoyo,2011,1,MLT_DB_07_2016
ex.751,o.383,Undirected,apoyo,apoyo,2011,1,MLT_DB_07_2016
ex.751,o.259,Undirected,apoyo,apoyo,2011,1,MLT_DB_07_2016
ex.751,o.83,Undirected,apoyo,apoyo,2011,1,MLT_DB_07_2016
ex.751,o.70,Undirected,apoyo,apoyo,2011,1,MLT_DB_07_2016
ex.751,o.300,Undirected,apoyo,apoyo,2011,1,MLT_DB_07_2016
ex.756,p.2638,Undirected,artista,artista,2011,1,MLT_DB_07_2016
ex.756,p.2662,Undirected,artista,artista,2011,1,MLT_DB_07_2016
ex.756,p.3236,Undirected,curador,curador,2011,1,MLT_DB_07_2016
ex.756,o.308,Undirected,apoyo,apoyo,2011,1,MLT_DB_07_2016
ex.756,o.39,Undirected,apoyo,apoyo,2011,1,MLT_DB_07_2016
ex.756,o.122,Undirected,apoyo,apoyo,2011,1,MLT_DB_07_2016
ex.756,o.68,Undirected,apoyo,apoyo,2011,1,MLT_DB_07_2016
ex.756,o.89,Undirected,apoyo,apoyo,2011,1,MLT_DB_07_2016
ex.756,o.115,Undirected,apoyo,apoyo,2011,1,MLT_DB_07_2016
ex.756,o.58,Undirected,apoyo,apoyo,2011,1,MLT_DB_07_2016
ex.756,o.70,Undirected,apoyo,apoyo,2011,1,MLT_DB_07_2016
ex.756,o.383,Undirected,apoyo,apoyo,2011,1,MLT_DB_07_2016
ex.756,o.259,Undirected,apoyo,apoyo,2011,1,MLT_DB_07_2016
ex.755,p.673,Undirected,artista,artista,2011,1,MLT_DB_07_2016
ex.755,p.76,Undirected,artista,artista,2011,1,MLT_DB_07_2016
ex.755,p.215,Undirected,artista,artista,2011,1,MLT_DB_07_2016
ex.755,p.620,Undirected,artista,artista,2011,1,MLT_DB_07_2016
ex.755,p.617,Undirected,artista,artista,2011,1,MLT_DB_07_2016
ex.755,p.630,Undirected,artista,artista,2011,1,MLT_DB_07_2016
ex.755,p.596,Undirected,artista,artista,2011,1,MLT_DB_07_2016
ex.755,p.122,Undirected,artista,artista,2011,1,MLT_DB_07_2016
ex.755,p.119,Undirected,artista,artista,2011,1,MLT_DB_07_2016
ex.755,p.23,Undirected,artista,artista,2011,1,MLT_DB_07_2016
ex.755,p.494,Undirected,artista,artista,2011,1,MLT_DB_07_2016
ex.755,p.186,Undirected,artista,artista,2011,1,MLT_DB_07_2016
ex.755,p.458,Undirected,artista,artista,2011,1,MLT_DB_07_2016
ex.755,p.114,Undirected,artista,artista,2011,1,MLT_DB_07_2016
ex.755,p.2860,Undirected,artista,artista,2011,1,MLT_DB_07_2016
ex.755,p.388,Undirected,artista,artista,2011,1,MLT_DB_07_2016
ex.755,p.5,Undirected,artista,artista,2011,1,MLT_DB_07_2016
ex.755,p.1159,Undirected,artista,artista,2011,1,MLT_DB_07_2016
ex.755,p.43,Undirected,artista,artista,2011,1,MLT_DB_07_2016
ex.755,p.156,Undirected,artista,artista,2011,1,MLT_DB_07_2016
ex.755,p.149,Undirected,artista,artista,2011,1,MLT_DB_07_2016
ex.755,p.56,Undirected,artista,artista,2011,1,MLT_DB_07_2016
ex.755,p.55,Undirected,artista,artista,2011,1,MLT_DB_07_2016
ex.755,p.854,Undirected,artista,artista,2011,1,MLT_DB_07_2016
ex.755,p.135,Undirected,artista,artista,2011,1,MLT_DB_07_2016
ex.755,p.51,Undirected,artista,artista,2011,1,MLT_DB_07_2016
ex.755,p.3219,Undirected,curador,curador,2011,1,MLT_DB_07_2016
ex.755,o.308,Undirected,apoyo,apoyo,2011,1,MLT_DB_07_2016
ex.755,o.39,Undirected,apoyo,apoyo,2011,1,MLT_DB_07_2016
ex.755,o.122,Undirected,apoyo,apoyo,2011,1,MLT_DB_07_2016
ex.755,o.68,Undirected,apoyo,apoyo,2011,1,MLT_DB_07_2016
ex.755,o.89,Undirected,apoyo,apoyo,2011,1,MLT_DB_07_2016
ex.755,o.115,Undirected,apoyo,apoyo,2011,1,MLT_DB_07_2016
ex.755,o.58,Undirected,apoyo,apoyo,2011,1,MLT_DB_07_2016
ex.755,o.70,Undirected,apoyo,apoyo,2011,1,MLT_DB_07_2016
ex.755,o.383,Undirected,apoyo,apoyo,2011,1,MLT_DB_07_2016
ex.755,o.259,Undirected,apoyo,apoyo,2011,1,MLT_DB_07_2016
ex.755,o.83,Undirected,apoyo,apoyo,2011,1,MLT_DB_07_2016
ex.754,p.3120,Undirected,artista,artista,2011,1,MLT_DB_07_2016
ex.754,p.2999,Undirected,artista,artista,2011,1,MLT_DB_07_2016
ex.754,p.2590,Undirected,artista,artista,2011,1,MLT_DB_07_2016
ex.754,p.2866,Undirected,artista,artista,2011,1,MLT_DB_07_2016
ex.754,p.2562,Undirected,artista,artista,2011,1,MLT_DB_07_2016
ex.754,p.2660,Undirected,artista,artista,2011,1,MLT_DB_07_2016
ex.754,p.2553,Undirected,artista,artista,2011,1,MLT_DB_07_2016
ex.754,p.2587,Undirected,artista,artista,2011,1,MLT_DB_07_2016
ex.754,p.3078,Undirected,artista,artista,2011,1,MLT_DB_07_2016
ex.754,p.3018,Undirected,artista,artista,2011,1,MLT_DB_07_2016
ex.754,p.2581,Undirected,artista,artista,2011,1,MLT_DB_07_2016
ex.754,p.2700,Undirected,artista,artista,2011,1,MLT_DB_07_2016
ex.754,p.3039,Undirected,artista,artista,2011,1,MLT_DB_07_2016
ex.754,p.2889,Undirected,artista,artista,2011,1,MLT_DB_07_2016
ex.754,p.2630,Undirected,artista,artista,2011,1,MLT_DB_07_2016
ex.754,p.2681,Undirected,artista,artista,2011,1,MLT_DB_07_2016
ex.754,p.2635,Undirected,artista,artista,2011,1,MLT_DB_07_2016
ex.754,p.3133,Undirected,artista,artista,2011,1,MLT_DB_07_2016
ex.754,p.2712,Undirected,artista,artista,2011,1,MLT_DB_07_2016
ex.754,p.2728,Undirected,artista,artista,2011,1,MLT_DB_07_2016
ex.754,p.2663,Undirected,artista,artista,2011,1,MLT_DB_07_2016
ex.754,p.2569,Undirected,artista,artista,2011,1,MLT_DB_07_2016
ex.754,p.2907,Undirected,artista,artista,2011,1,MLT_DB_07_2016
ex.754,p.2714,Undirected,artista,artista,2011,1,MLT_DB_07_2016
ex.754,p.2626,Undirected,artista,artista,2011,1,MLT_DB_07_2016
ex.754,p.2997,Undirected,artista,artista,2011,1,MLT_DB_07_2016
ex.754,p.2645,Undirected,artista,artista,2011,1,MLT_DB_07_2016
ex.754,p.2559,Undirected,artista,artista,2011,1,MLT_DB_07_2016
ex.754,p.2570,Undirected,artista,artista,2011,1,MLT_DB_07_2016
ex.754,p.3086,Undirected,artista,artista,2011,1,MLT_DB_07_2016
ex.754,p.2963,Undirected,artista,artista,2011,1,MLT_DB_07_2016
ex.754,p.3076,Undirected,artista,artista,2011,1,MLT_DB_07_2016
ex.754,p.2990,Undirected,artista,artista,2011,1,MLT_DB_07_2016
ex.754,p.3125,Undirected,artista,artista,2011,1,MLT_DB_07_2016
ex.754,p.2884,Undirected,artista,artista,2011,1,MLT_DB_07_2016
ex.754,p.2585,Undirected,artista,artista,2011,1,MLT_DB_07_2016
ex.754,p.2664,Undirected,artista,artista,2011,1,MLT_DB_07_2016
ex.754,p.3012,Undirected,artista,artista,2011,1,MLT_DB_07_2016
ex.754,p.3013,Undirected,artista,artista,2011,1,MLT_DB_07_2016
ex.754,p.2650,Undirected,artista,artista,2011,1,MLT_DB_07_2016
ex.754,p.2906,Undirected,artista,artista,2011,1,MLT_DB_07_2016
ex.754,p.2995,Undirected,artista,artista,2011,1,MLT_DB_07_2016
ex.754,p.3164,Undirected,curador,curador,2011,1,MLT_DB_07_2016
ex.754,o.72,Undirected,apoyo,apoyo,2011,1,MLT_DB_07_2016
ex.754,o.67,Undirected,apoyo,apoyo,2011,1,MLT_DB_07_2016
ex.757,p.3219,Undirected,curador,curador,2011,1,MLT_DB_07_2016
ex.757,o.180,Undirected,apoyo,apoyo,2011,1,MLT_DB_07_2016
ex.761,p.2559,Undirected,artista,artista,2011,1,MLT_DB_07_2016
ex.761,p.1854,Undirected,artista,artista,2011,1,MLT_DB_07_2016
ex.761,p.3164,Undirected,curador,curador,2011,1,MLT_DB_07_2016
ex.761,p.3219,Undirected,curador,curador,2011,1,MLT_DB_07_2016
ex.761,p.3236,Undirected,curador,curador,2011,1,MLT_DB_07_2016
ex.761,o.308,Undirected,apoyo,apoyo,2011,1,MLT_DB_07_2016
ex.761,o.39,Undirected,apoyo,apoyo,2011,1,MLT_DB_07_2016
ex.761,o.122,Undirected,apoyo,apoyo,2011,1,MLT_DB_07_2016
ex.761,o.68,Undirected,apoyo,apoyo,2011,1,MLT_DB_07_2016
ex.761,o.89,Undirected,apoyo,apoyo,2011,1,MLT_DB_07_2016
ex.761,o.115,Undirected,apoyo,apoyo,2011,1,MLT_DB_07_2016
ex.761,o.58,Undirected,apoyo,apoyo,2011,1,MLT_DB_07_2016
ex.761,o.70,Undirected,apoyo,apoyo,2011,1,MLT_DB_07_2016
ex.761,o.83,Undirected,apoyo,apoyo,2011,1,MLT_DB_07_2016
ex.761,o.259,Undirected,apoyo,apoyo,2011,1,MLT_DB_07_2016
ex.761,o.240,Undirected,apoyo,apoyo,2011,1,MLT_DB_07_2016
ex.761,o.383,Undirected,apoyo,apoyo,2011,1,MLT_DB_07_2016
ex.761,o.210,Undirected,apoyo,apoyo,2011,1,MLT_DB_07_2016
ex.761,o.118,Undirected,apoyo,apoyo,2011,1,MLT_DB_07_2016
ex.823,p.23,Undirected,artista,artista,2012,1,MLT_DB_07_2016
ex.823,p.14,Undirected,artista,artista,2012,1,MLT_DB_07_2016
ex.823,p.5,Undirected,artista,artista,2012,1,MLT_DB_07_2016
ex.823,p.7,Undirected,artista,artista,2012,1,MLT_DB_07_2016
ex.823,p.17,Undirected,artista,artista,2012,1,MLT_DB_07_2016
ex.823,p.9,Undirected,artista,artista,2012,1,MLT_DB_07_2016
ex.823,p.289,Undirected,artista,artista,2012,1,MLT_DB_07_2016
ex.823,p.64,Undirected,artista,artista,2012,1,MLT_DB_07_2016
ex.823,p.111,Undirected,artista,artista,2012,1,MLT_DB_07_2016
ex.823,p.669,Undirected,artista,artista,2012,1,MLT_DB_07_2016
ex.823,p.2,Undirected,artista,artista,2012,1,MLT_DB_07_2016
ex.823,p.13,Undirected,artista,artista,2012,1,MLT_DB_07_2016
ex.823,p.116,Undirected,artista,artista,2012,1,MLT_DB_07_2016
ex.823,p.40,Undirected,artista,artista,2012,1,MLT_DB_07_2016
ex.823,p.48,Undirected,artista,artista,2012,1,MLT_DB_07_2016
ex.823,p.41,Undirected,artista,artista,2012,1,MLT_DB_07_2016
ex.759,p.459,Undirected,artista,artista,2012,1,MLT_DB_07_2016
ex.759,p.2629,Undirected,artista,artista,2012,1,MLT_DB_07_2016
ex.759,p.3128,Undirected,artista,artista,2012,1,MLT_DB_07_2016
ex.759,p.714,Undirected,artista,artista,2012,1,MLT_DB_07_2016
ex.759,p.2790,Undirected,artista,artista,2012,1,MLT_DB_07_2016
ex.759,p.2695,Undirected,artista,artista,2012,1,MLT_DB_07_2016
ex.759,p.176,Undirected,artista,artista,2012,1,MLT_DB_07_2016
ex.759,p.2877,Undirected,artista,artista,2012,1,MLT_DB_07_2016
ex.759,p.2713,Undirected,artista,artista,2012,1,MLT_DB_07_2016
ex.759,p.2846,Undirected,artista,artista,2012,1,MLT_DB_07_2016
ex.759,p.2863,Undirected,artista,artista,2012,1,MLT_DB_07_2016
ex.759,p.435,Undirected,artista,artista,2012,1,MLT_DB_07_2016
ex.759,p.2218,Undirected,artista,artista,2012,1,MLT_DB_07_2016
ex.759,p.2728,Undirected,artista,artista,2012,1,MLT_DB_07_2016
ex.759,p.1088,Undirected,artista,artista,2012,1,MLT_DB_07_2016
ex.759,p.2862,Undirected,artista,artista,2012,1,MLT_DB_07_2016
ex.759,p.2553,Undirected,artista,artista,2012,1,MLT_DB_07_2016
ex.759,p.2645,Undirected,artista,artista,2012,1,MLT_DB_07_2016
ex.759,p.3051,Undirected,artista,artista,2012,1,MLT_DB_07_2016
ex.759,p.2857,Undirected,artista,artista,2012,1,MLT_DB_07_2016
ex.759,p.3093,Undirected,artista,artista,2012,1,MLT_DB_07_2016
ex.759,p.3204,Undirected,curador,curador,2012,1,MLT_DB_07_2016
ex.759,o.308,Undirected,apoyo,apoyo,2012,1,MLT_DB_07_2016
ex.759,o.205,Undirected,apoyo,apoyo,2012,1,MLT_DB_07_2016
ex.759,o.39,Undirected,apoyo,apoyo,2012,1,MLT_DB_07_2016
ex.759,o.122,Undirected,apoyo,apoyo,2012,1,MLT_DB_07_2016
ex.759,o.245,Undirected,apoyo,apoyo,2012,1,MLT_DB_07_2016
ex.759,o.382,Undirected,apoyo,apoyo,2012,1,MLT_DB_07_2016
ex.759,o.181,Undirected,apoyo,apoyo,2012,1,MLT_DB_07_2016
ex.759,o.95,Undirected,apoyo,apoyo,2012,1,MLT_DB_07_2016
ex.759,o.240,Undirected,apoyo,apoyo,2012,1,MLT_DB_07_2016
ex.759,o.259,Undirected,apoyo,apoyo,2012,1,MLT_DB_07_2016
ex.759,o.58,Undirected,apoyo,apoyo,2012,1,MLT_DB_07_2016
ex.759,o.115,Undirected,apoyo,apoyo,2012,1,MLT_DB_07_2016
ex.759,o.89,Undirected,apoyo,apoyo,2012,1,MLT_DB_07_2016
ex.759,o.70,Undirected,apoyo,apoyo,2012,1,MLT_DB_07_2016
ex.759,o.68,Undirected,apoyo,apoyo,2012,1,MLT_DB_07_2016
ex.760,p.2750,Undirected,artista,artista,2012,1,MLT_DB_07_2016
ex.760,p.2661,Undirected,artista,artista,2012,1,MLT_DB_07_2016
ex.760,p.2580,Undirected,artista,artista,2012,1,MLT_DB_07_2016
ex.760,p.3041,Undirected,artista,artista,2012,1,MLT_DB_07_2016
ex.760,p.2652,Undirected,artista,artista,2012,1,MLT_DB_07_2016
ex.760,p.2894,Undirected,artista,artista,2012,1,MLT_DB_07_2016
ex.760,p.3236,Undirected,curador,curador,2012,1,MLT_DB_07_2016
ex.760,o.308,Undirected,apoyo,apoyo,2012,1,MLT_DB_07_2016
ex.760,o.39,Undirected,apoyo,apoyo,2012,1,MLT_DB_07_2016
ex.760,o.122,Undirected,apoyo,apoyo,2012,1,MLT_DB_07_2016
ex.760,o.68,Undirected,apoyo,apoyo,2012,1,MLT_DB_07_2016
ex.760,o.115,Undirected,apoyo,apoyo,2012,1,MLT_DB_07_2016
ex.760,o.58,Undirected,apoyo,apoyo,2012,1,MLT_DB_07_2016
ex.760,o.70,Undirected,apoyo,apoyo,2012,1,MLT_DB_07_2016
ex.760,o.259,Undirected,apoyo,apoyo,2012,1,MLT_DB_07_2016
ex.760,o.240,Undirected,apoyo,apoyo,2012,1,MLT_DB_07_2016
ex.760,o.382,Undirected,apoyo,apoyo,2012,1,MLT_DB_07_2016
ex.760,o.181,Undirected,apoyo,apoyo,2012,1,MLT_DB_07_2016
ex.760,o.95,Undirected,apoyo,apoyo,2012,1,MLT_DB_07_2016
ex.762,p.3147,Undirected,curador,curador,2012,1,MLT_DB_07_2016
ex.763,p.3117,Undirected,artista,artista,2012,1,MLT_DB_07_2016
ex.763,p.3204,Undirected,curador,curador,2012,1,MLT_DB_07_2016
ex.763,o.308,Undirected,apoyo,apoyo,2012,1,MLT_DB_07_2016
ex.763,o.39,Undirected,apoyo,apoyo,2012,1,MLT_DB_07_2016
ex.763,o.122,Undirected,apoyo,apoyo,2012,1,MLT_DB_07_2016
ex.763,o.21,Undirected,apoyo,apoyo,2012,1,MLT_DB_07_2016
ex.763,o.150,Undirected,apoyo,apoyo,2012,1,MLT_DB_07_2016
ex.763,o.68,Undirected,apoyo,apoyo,2012,1,MLT_DB_07_2016
ex.763,o.89,Undirected,apoyo,apoyo,2012,1,MLT_DB_07_2016
ex.763,o.115,Undirected,apoyo,apoyo,2012,1,MLT_DB_07_2016
ex.763,o.58,Undirected,apoyo,apoyo,2012,1,MLT_DB_07_2016
ex.763,o.70,Undirected,apoyo,apoyo,2012,1,MLT_DB_07_2016
ex.763,o.259,Undirected,apoyo,apoyo,2012,1,MLT_DB_07_2016
ex.763,o.240,Undirected,apoyo,apoyo,2012,1,MLT_DB_07_2016
ex.763,o.382,Undirected,apoyo,apoyo,2012,1,MLT_DB_07_2016
ex.763,o.181,Undirected,apoyo,apoyo,2012,1,MLT_DB_07_2016
ex.764,p.2808,Undirected,artista,artista,2013,1,MLT_DB_07_2016
ex.764,p.2715,Undirected,artista,artista,2013,1,MLT_DB_07_2016
ex.764,p.2962,Undirected,artista,artista,2013,1,MLT_DB_07_2016
ex.764,p.3001,Undirected,artista,artista,2013,1,MLT_DB_07_2016
ex.764,p.2939,Undirected,artista,artista,2013,1,MLT_DB_07_2016
ex.764,p.2560,Undirected,artista,artista,2013,1,MLT_DB_07_2016
ex.764,p.2948,Undirected,artista,artista,2013,1,MLT_DB_07_2016
ex.764,p.2943,Undirected,artista,artista,2013,1,MLT_DB_07_2016
ex.764,p.2865,Undirected,artista,artista,2013,1,MLT_DB_07_2016
ex.764,p.3204,Undirected,curador,curador,2013,1,MLT_DB_07_2016
ex.764,o.308,Undirected,apoyo,apoyo,2013,1,MLT_DB_07_2016
ex.764,o.39,Undirected,apoyo,apoyo,2013,1,MLT_DB_07_2016
ex.764,o.122,Undirected,apoyo,apoyo,2013,1,MLT_DB_07_2016
ex.764,o.68,Undirected,apoyo,apoyo,2013,1,MLT_DB_07_2016
ex.764,o.89,Undirected,apoyo,apoyo,2013,1,MLT_DB_07_2016
ex.764,o.115,Undirected,apoyo,apoyo,2013,1,MLT_DB_07_2016
ex.764,o.58,Undirected,apoyo,apoyo,2013,1,MLT_DB_07_2016
ex.764,o.70,Undirected,apoyo,apoyo,2013,1,MLT_DB_07_2016
ex.764,o.259,Undirected,apoyo,apoyo,2013,1,MLT_DB_07_2016
ex.764,o.240,Undirected,apoyo,apoyo,2013,1,MLT_DB_07_2016
ex.764,o.382,Undirected,apoyo,apoyo,2013,1,MLT_DB_07_2016
ex.764,o.181,Undirected,apoyo,apoyo,2013,1,MLT_DB_07_2016
ex.764,o.95,Undirected,apoyo,apoyo,2013,1,MLT_DB_07_2016
ex.764,o.69,Undirected,apoyo,apoyo,2013,1,MLT_DB_07_2016
ex.764,o.44,Undirected,apoyo,apoyo,2013,1,MLT_DB_07_2016
ex.764,o.299,Undirected,apoyo,apoyo,2013,1,MLT_DB_07_2016
ex.764,o.83,Undirected,apoyo,apoyo,2013,1,MLT_DB_07_2016
ex.764,o.412,Undirected,apoyo,apoyo,2013,1,MLT_DB_07_2016
ex.764,o.145,Undirected,apoyo,apoyo,2013,1,MLT_DB_07_2016
ex.764,p.3251,Undirected,apoyo,apoyo,2013,1,MLT_DB_07_2016
ex.764,o.336,Undirected,apoyo,apoyo,2013,1,MLT_DB_07_2016
ex.765,p.3147,Undirected,curador,curador,2013,1,MLT_DB_07_2016
ex.766,p.435,Undirected,artista,artista,2013,1,MLT_DB_07_2016
ex.766,p.714,Undirected,artista,artista,2013,1,MLT_DB_07_2016
ex.766,p.3190,Undirected,curador,curador,2013,1,MLT_DB_07_2016
ex.766,o.308,Undirected,apoyo,apoyo,2013,1,MLT_DB_07_2016
ex.766,o.39,Undirected,apoyo,apoyo,2013,1,MLT_DB_07_2016
ex.766,o.122,Undirected,apoyo,apoyo,2013,1,MLT_DB_07_2016
ex.766,o.68,Undirected,apoyo,apoyo,2013,1,MLT_DB_07_2016
ex.766,o.89,Undirected,apoyo,apoyo,2013,1,MLT_DB_07_2016
ex.766,o.115,Undirected,apoyo,apoyo,2013,1,MLT_DB_07_2016
ex.766,o.58,Undirected,apoyo,apoyo,2013,1,MLT_DB_07_2016
ex.766,o.70,Undirected,apoyo,apoyo,2013,1,MLT_DB_07_2016
ex.766,o.259,Undirected,apoyo,apoyo,2013,1,MLT_DB_07_2016
ex.766,o.240,Undirected,apoyo,apoyo,2013,1,MLT_DB_07_2016
ex.766,o.382,Undirected,apoyo,apoyo,2013,1,MLT_DB_07_2016
ex.766,o.181,Undirected,apoyo,apoyo,2013,1,MLT_DB_07_2016
ex.766,o.95,Undirected,apoyo,apoyo,2013,1,MLT_DB_07_2016
ex.766,o.69,Undirected,apoyo,apoyo,2013,1,MLT_DB_07_2016
ex.766,o.44,Undirected,apoyo,apoyo,2013,1,MLT_DB_07_2016
ex.766,o.299,Undirected,apoyo,apoyo,2013,1,MLT_DB_07_2016
ex.766,o.83,Undirected,apoyo,apoyo,2013,1,MLT_DB_07_2016
ex.766,o.412,Undirected,apoyo,apoyo,2013,1,MLT_DB_07_2016
ex.766,o.145,Undirected,apoyo,apoyo,2013,1,MLT_DB_07_2016
ex.766,p.3251,Undirected,apoyo,apoyo,2013,1,MLT_DB_07_2016
ex.766,o.336,Undirected,apoyo,apoyo,2013,1,MLT_DB_07_2016
ex.767,p.1714,Undirected,artista,artista,2013,1,MLT_DB_07_2016
ex.767,p.3190,Undirected,curador,curador,2013,1,MLT_DB_07_2016
ex.767,o.308,Undirected,apoyo,apoyo,2013,1,MLT_DB_07_2016
ex.767,o.39,Undirected,apoyo,apoyo,2013,1,MLT_DB_07_2016
ex.767,o.122,Undirected,apoyo,apoyo,2013,1,MLT_DB_07_2016
ex.767,o.68,Undirected,apoyo,apoyo,2013,1,MLT_DB_07_2016
ex.767,o.89,Undirected,apoyo,apoyo,2013,1,MLT_DB_07_2016
ex.767,o.115,Undirected,apoyo,apoyo,2013,1,MLT_DB_07_2016
ex.767,o.58,Undirected,apoyo,apoyo,2013,1,MLT_DB_07_2016
ex.767,o.70,Undirected,apoyo,apoyo,2013,1,MLT_DB_07_2016
ex.767,o.259,Undirected,apoyo,apoyo,2013,1,MLT_DB_07_2016
ex.767,o.240,Undirected,apoyo,apoyo,2013,1,MLT_DB_07_2016
ex.767,o.382,Undirected,apoyo,apoyo,2013,1,MLT_DB_07_2016
ex.767,o.181,Undirected,apoyo,apoyo,2013,1,MLT_DB_07_2016
ex.767,o.95,Undirected,apoyo,apoyo,2013,1,MLT_DB_07_2016
ex.767,o.69,Undirected,apoyo,apoyo,2013,1,MLT_DB_07_2016
ex.767,o.44,Undirected,apoyo,apoyo,2013,1,MLT_DB_07_2016
ex.767,o.299,Undirected,apoyo,apoyo,2013,1,MLT_DB_07_2016
ex.767,o.83,Undirected,apoyo,apoyo,2013,1,MLT_DB_07_2016
ex.767,o.412,Undirected,apoyo,apoyo,2013,1,MLT_DB_07_2016
ex.767,o.145,Undirected,apoyo,apoyo,2013,1,MLT_DB_07_2016
ex.767,p.3251,Undirected,apoyo,apoyo,2013,1,MLT_DB_07_2016
ex.767,o.336,Undirected,apoyo,apoyo,2013,1,MLT_DB_07_2016
ex.768,p.2667,Undirected,artista,artista,2013,1,MLT_DB_07_2016
ex.768,p.2740,Undirected,artista,artista,2013,1,MLT_DB_07_2016
ex.768,p.2774,Undirected,artista,artista,2013,1,MLT_DB_07_2016
ex.768,p.2812,Undirected,artista,artista,2013,1,MLT_DB_07_2016
ex.768,p.176,Undirected,artista,artista,2013,1,MLT_DB_07_2016
ex.768,p.2913,Undirected,artista,artista,2013,1,MLT_DB_07_2016
ex.768,p.2942,Undirected,artista,artista,2013,1,MLT_DB_07_2016
ex.768,p.2978,Undirected,artista,artista,2013,1,MLT_DB_07_2016
ex.768,p.3028,Undirected,artista,artista,2013,1,MLT_DB_07_2016
ex.768,p.3204,Undirected,curador,curador,2013,1,MLT_DB_07_2016
ex.768,o.308,Undirected,apoyo,apoyo,2013,1,MLT_DB_07_2016
ex.768,o.39,Undirected,apoyo,apoyo,2013,1,MLT_DB_07_2016
ex.768,o.122,Undirected,apoyo,apoyo,2013,1,MLT_DB_07_2016
ex.768,o.68,Undirected,apoyo,apoyo,2013,1,MLT_DB_07_2016
ex.768,o.89,Undirected,apoyo,apoyo,2013,1,MLT_DB_07_2016
ex.768,o.115,Undirected,apoyo,apoyo,2013,1,MLT_DB_07_2016
ex.768,o.58,Undirected,apoyo,apoyo,2013,1,MLT_DB_07_2016
ex.768,o.70,Undirected,apoyo,apoyo,2013,1,MLT_DB_07_2016
ex.768,o.259,Undirected,apoyo,apoyo,2013,1,MLT_DB_07_2016
ex.768,o.240,Undirected,apoyo,apoyo,2013,1,MLT_DB_07_2016
ex.768,o.382,Undirected,apoyo,apoyo,2013,1,MLT_DB_07_2016
ex.768,o.181,Undirected,apoyo,apoyo,2013,1,MLT_DB_07_2016
ex.768,o.95,Undirected,apoyo,apoyo,2013,1,MLT_DB_07_2016
ex.768,o.69,Undirected,apoyo,apoyo,2013,1,MLT_DB_07_2016
ex.768,o.44,Undirected,apoyo,apoyo,2013,1,MLT_DB_07_2016
ex.768,o.299,Undirected,apoyo,apoyo,2013,1,MLT_DB_07_2016
ex.768,o.83,Undirected,apoyo,apoyo,2013,1,MLT_DB_07_2016
ex.768,o.412,Undirected,apoyo,apoyo,2013,1,MLT_DB_07_2016
ex.768,o.145,Undirected,apoyo,apoyo,2013,1,MLT_DB_07_2016
ex.768,p.3251,Undirected,apoyo,apoyo,2013,1,MLT_DB_07_2016
ex.768,o.336,Undirected,apoyo,apoyo,2013,1,MLT_DB_07_2016
ex.769,p.2913,Undirected,artista,artista,2013,1,MLT_DB_07_2016
ex.769,p.2669,Undirected,artista,artista,2013,1,MLT_DB_07_2016
ex.769,p.3086,Undirected,artista,artista,2013,1,MLT_DB_07_2016
ex.769,p.2777,Undirected,artista,artista,2013,1,MLT_DB_07_2016
ex.769,p.2714,Undirected,artista,artista,2013,1,MLT_DB_07_2016
ex.769,p.2553,Undirected,artista,artista,2013,1,MLT_DB_07_2016
ex.769,p.3011,Undirected,artista,artista,2013,1,MLT_DB_07_2016
ex.769,p.3204,Undirected,curador,curador,2013,1,MLT_DB_07_2016
ex.769,p.173,Undirected,curador,curador,2013,1,MLT_DB_07_2016
ex.769,o.308,Undirected,apoyo,apoyo,2013,1,MLT_DB_07_2016
ex.769,o.39,Undirected,apoyo,apoyo,2013,1,MLT_DB_07_2016
ex.769,o.122,Undirected,apoyo,apoyo,2013,1,MLT_DB_07_2016
ex.769,o.68,Undirected,apoyo,apoyo,2013,1,MLT_DB_07_2016
ex.769,o.89,Undirected,apoyo,apoyo,2013,1,MLT_DB_07_2016
ex.769,o.115,Undirected,apoyo,apoyo,2013,1,MLT_DB_07_2016
ex.769,o.58,Undirected,apoyo,apoyo,2013,1,MLT_DB_07_2016
ex.769,o.70,Undirected,apoyo,apoyo,2013,1,MLT_DB_07_2016
ex.769,o.259,Undirected,apoyo,apoyo,2013,1,MLT_DB_07_2016
ex.769,o.240,Undirected,apoyo,apoyo,2013,1,MLT_DB_07_2016
ex.769,o.382,Undirected,apoyo,apoyo,2013,1,MLT_DB_07_2016
ex.769,o.181,Undirected,apoyo,apoyo,2013,1,MLT_DB_07_2016
ex.769,o.95,Undirected,apoyo,apoyo,2013,1,MLT_DB_07_2016
ex.769,o.69,Undirected,apoyo,apoyo,2013,1,MLT_DB_07_2016
ex.769,o.44,Undirected,apoyo,apoyo,2013,1,MLT_DB_07_2016
ex.769,o.299,Undirected,apoyo,apoyo,2013,1,MLT_DB_07_2016
ex.769,o.83,Undirected,apoyo,apoyo,2013,1,MLT_DB_07_2016
ex.769,o.412,Undirected,apoyo,apoyo,2013,1,MLT_DB_07_2016
ex.769,o.145,Undirected,apoyo,apoyo,2013,1,MLT_DB_07_2016
ex.769,p.3251,Undirected,apoyo,apoyo,2013,1,MLT_DB_07_2016
ex.769,o.336,Undirected,apoyo,apoyo,2013,1,MLT_DB_07_2016
ex.770,p.2760,Undirected,artista,artista,2013,1,MLT_DB_07_2016
ex.770,p.3046,Undirected,artista,artista,2013,1,MLT_DB_07_2016
ex.770,o.308,Undirected,apoyo,apoyo,2013,1,MLT_DB_07_2016
ex.770,o.39,Undirected,apoyo,apoyo,2013,1,MLT_DB_07_2016
ex.770,o.122,Undirected,apoyo,apoyo,2013,1,MLT_DB_07_2016
ex.770,o.68,Undirected,apoyo,apoyo,2013,1,MLT_DB_07_2016
ex.770,o.89,Undirected,apoyo,apoyo,2013,1,MLT_DB_07_2016
ex.770,o.382,Undirected,apoyo,apoyo,2013,1,MLT_DB_07_2016
ex.770,o.181,Undirected,apoyo,apoyo,2013,1,MLT_DB_07_2016
ex.770,o.95,Undirected,apoyo,apoyo,2013,1,MLT_DB_07_2016
ex.770,o.115,Undirected,apoyo,apoyo,2013,1,MLT_DB_07_2016
ex.770,o.58,Undirected,apoyo,apoyo,2013,1,MLT_DB_07_2016
ex.770,o.259,Undirected,apoyo,apoyo,2013,1,MLT_DB_07_2016
ex.770,o.69,Undirected,apoyo,apoyo,2013,1,MLT_DB_07_2016
ex.770,o.240,Undirected,apoyo,apoyo,2013,1,MLT_DB_07_2016
ex.770,o.70,Undirected,apoyo,apoyo,2013,1,MLT_DB_07_2016
ex.770,o.83,Undirected,apoyo,apoyo,2013,1,MLT_DB_07_2016
ex.770,o.299,Undirected,apoyo,apoyo,2013,1,MLT_DB_07_2016
ex.770,o.412,Undirected,apoyo,apoyo,2013,1,MLT_DB_07_2016
ex.770,o.145,Undirected,apoyo,apoyo,2013,1,MLT_DB_07_2016
ex.770,p.3251,Undirected,apoyo,apoyo,2013,1,MLT_DB_07_2016
ex.770,o.336,Undirected,apoyo,apoyo,2013,1,MLT_DB_07_2016
ex.770,o.367,Undirected,apoyo,apoyo,2013,1,MLT_DB_07_2016
ex.771,p.14,Undirected,artista,artista,2013,1,MLT_DB_07_2016
ex.771,p.3200,Undirected,curador,curador,2013,1,MLT_DB_07_2016
ex.771,p.3217,Undirected,curador,curador,2013,1,MLT_DB_07_2016
ex.771,o.67,Undirected,apoyo,apoyo,2013,1,MLT_DB_07_2016
ex.771,o.308,Undirected,apoyo,apoyo,2013,1,MLT_DB_07_2016
ex.771,o.39,Undirected,apoyo,apoyo,2013,1,MLT_DB_07_2016
ex.771,o.122,Undirected,apoyo,apoyo,2013,1,MLT_DB_07_2016
ex.771,o.68,Undirected,apoyo,apoyo,2013,1,MLT_DB_07_2016
ex.771,o.89,Undirected,apoyo,apoyo,2013,1,MLT_DB_07_2016
ex.771,o.382,Undirected,apoyo,apoyo,2013,1,MLT_DB_07_2016
ex.771,o.181,Undirected,apoyo,apoyo,2013,1,MLT_DB_07_2016
ex.771,o.95,Undirected,apoyo,apoyo,2013,1,MLT_DB_07_2016
ex.771,o.115,Undirected,apoyo,apoyo,2013,1,MLT_DB_07_2016
ex.771,o.58,Undirected,apoyo,apoyo,2013,1,MLT_DB_07_2016
ex.771,o.259,Undirected,apoyo,apoyo,2013,1,MLT_DB_07_2016
ex.771,o.69,Undirected,apoyo,apoyo,2013,1,MLT_DB_07_2016
ex.771,o.240,Undirected,apoyo,apoyo,2013,1,MLT_DB_07_2016
ex.771,o.70,Undirected,apoyo,apoyo,2013,1,MLT_DB_07_2016
ex.771,o.299,Undirected,apoyo,apoyo,2013,1,MLT_DB_07_2016
ex.771,o.412,Undirected,apoyo,apoyo,2013,1,MLT_DB_07_2016
ex.771,o.145,Undirected,apoyo,apoyo,2013,1,MLT_DB_07_2016
ex.771,p.3251,Undirected,apoyo,apoyo,2013,1,MLT_DB_07_2016
ex.771,o.336,Undirected,apoyo,apoyo,2013,1,MLT_DB_07_2016
ex.771,o.367,Undirected,apoyo,apoyo,2013,1,MLT_DB_07_2016
ex.772,p.3147,Undirected,curador,curador,2014,1,MLT_DB_07_2016
ex.773,p.2218,Undirected,artista,artista,2014,1,MLT_DB_07_2016
ex.773,p.1088,Undirected,artista,artista,2014,1,MLT_DB_07_2016
ex.773,p.714,Undirected,artista,artista,2014,1,MLT_DB_07_2016
ex.773,p.2708,Undirected,curador,curador,2014,1,MLT_DB_07_2016
ex.773,o.308,Undirected,apoyo,apoyo,2014,1,MLT_DB_07_2016
ex.773,o.39,Undirected,apoyo,apoyo,2014,1,MLT_DB_07_2016
ex.773,o.122,Undirected,apoyo,apoyo,2014,1,MLT_DB_07_2016
ex.773,o.68,Undirected,apoyo,apoyo,2014,1,MLT_DB_07_2016
ex.773,o.89,Undirected,apoyo,apoyo,2014,1,MLT_DB_07_2016
ex.773,o.382,Undirected,apoyo,apoyo,2014,1,MLT_DB_07_2016
ex.773,o.181,Undirected,apoyo,apoyo,2014,1,MLT_DB_07_2016
ex.773,o.95,Undirected,apoyo,apoyo,2014,1,MLT_DB_07_2016
ex.773,o.115,Undirected,apoyo,apoyo,2014,1,MLT_DB_07_2016
ex.773,o.58,Undirected,apoyo,apoyo,2014,1,MLT_DB_07_2016
ex.773,o.259,Undirected,apoyo,apoyo,2014,1,MLT_DB_07_2016
ex.773,o.69,Undirected,apoyo,apoyo,2014,1,MLT_DB_07_2016
ex.773,o.240,Undirected,apoyo,apoyo,2014,1,MLT_DB_07_2016
ex.773,o.70,Undirected,apoyo,apoyo,2014,1,MLT_DB_07_2016
ex.773,o.251,Undirected,apoyo,apoyo,2014,1,MLT_DB_07_2016
ex.773,o.44,Undirected,apoyo,apoyo,2014,1,MLT_DB_07_2016
ex.773,o.299,Undirected,apoyo,apoyo,2014,1,MLT_DB_07_2016
ex.773,o.412,Undirected,apoyo,apoyo,2014,1,MLT_DB_07_2016
ex.773,o.145,Undirected,apoyo,apoyo,2014,1,MLT_DB_07_2016
ex.773,p.3251,Undirected,apoyo,apoyo,2014,1,MLT_DB_07_2016
ex.773,o.336,Undirected,apoyo,apoyo,2014,1,MLT_DB_07_2016
ex.773,o.367,Undirected,apoyo,apoyo,2014,1,MLT_DB_07_2016
ex.773,o.207,Undirected,apoyo,apoyo,2014,1,MLT_DB_07_2016
ex.774,p.157,Undirected,artista,artista,2014,1,MLT_DB_07_2016
ex.774,p.50,Undirected,artista,artista,2014,1,MLT_DB_07_2016
ex.774,p.26,Undirected,artista,artista,2014,1,MLT_DB_07_2016
ex.774,p.626,Undirected,artista,artista,2014,1,MLT_DB_07_2016
ex.774,p.2844,Undirected,artista,artista,2014,1,MLT_DB_07_2016
ex.774,p.2722,Undirected,artista,artista,2014,1,MLT_DB_07_2016
ex.774,p.2550,Undirected,curador,curador,2014,1,MLT_DB_07_2016
ex.774,p.2551,Undirected,curador,curador,2014,1,MLT_DB_07_2016
ex.774,o.308,Undirected,apoyo,apoyo,2014,1,MLT_DB_07_2016
ex.774,o.39,Undirected,apoyo,apoyo,2014,1,MLT_DB_07_2016
ex.774,o.122,Undirected,apoyo,apoyo,2014,1,MLT_DB_07_2016
ex.774,o.68,Undirected,apoyo,apoyo,2014,1,MLT_DB_07_2016
ex.774,o.89,Undirected,apoyo,apoyo,2014,1,MLT_DB_07_2016
ex.774,o.382,Undirected,apoyo,apoyo,2014,1,MLT_DB_07_2016
ex.774,o.181,Undirected,apoyo,apoyo,2014,1,MLT_DB_07_2016
ex.774,o.95,Undirected,apoyo,apoyo,2014,1,MLT_DB_07_2016
ex.774,o.115,Undirected,apoyo,apoyo,2014,1,MLT_DB_07_2016
ex.774,o.58,Undirected,apoyo,apoyo,2014,1,MLT_DB_07_2016
ex.774,o.259,Undirected,apoyo,apoyo,2014,1,MLT_DB_07_2016
ex.774,o.69,Undirected,apoyo,apoyo,2014,1,MLT_DB_07_2016
ex.774,o.240,Undirected,apoyo,apoyo,2014,1,MLT_DB_07_2016
ex.774,o.70,Undirected,apoyo,apoyo,2014,1,MLT_DB_07_2016
ex.774,o.251,Undirected,apoyo,apoyo,2014,1,MLT_DB_07_2016
ex.774,o.44,Undirected,apoyo,apoyo,2014,1,MLT_DB_07_2016
ex.774,o.299,Undirected,apoyo,apoyo,2014,1,MLT_DB_07_2016
ex.774,o.412,Undirected,apoyo,apoyo,2014,1,MLT_DB_07_2016
ex.774,o.145,Undirected,apoyo,apoyo,2014,1,MLT_DB_07_2016
ex.774,p.3251,Undirected,apoyo,apoyo,2014,1,MLT_DB_07_2016
ex.774,o.336,Undirected,apoyo,apoyo,2014,1,MLT_DB_07_2016
ex.774,o.367,Undirected,apoyo,apoyo,2014,1,MLT_DB_07_2016
ex.774,o.207,Undirected,apoyo,apoyo,2014,1,MLT_DB_07_2016
ex.775,p.3069,Undirected,artista,artista,2014,1,MLT_DB_07_2016
ex.775,p.3147,Undirected,curador,curador,2014,1,MLT_DB_07_2016
ex.776,p.203,Undirected,artista,artista,2014,1,MLT_DB_07_2016
ex.776,p.3219,Undirected,curador,curador,2014,1,MLT_DB_07_2016
ex.776,o.308,Undirected,apoyo,apoyo,2014,1,MLT_DB_07_2016
ex.776,o.39,Undirected,apoyo,apoyo,2014,1,MLT_DB_07_2016
ex.776,o.122,Undirected,apoyo,apoyo,2014,1,MLT_DB_07_2016
ex.776,o.68,Undirected,apoyo,apoyo,2014,1,MLT_DB_07_2016
ex.776,o.89,Undirected,apoyo,apoyo,2014,1,MLT_DB_07_2016
ex.776,o.382,Undirected,apoyo,apoyo,2014,1,MLT_DB_07_2016
ex.776,o.181,Undirected,apoyo,apoyo,2014,1,MLT_DB_07_2016
ex.776,o.95,Undirected,apoyo,apoyo,2014,1,MLT_DB_07_2016
ex.776,o.115,Undirected,apoyo,apoyo,2014,1,MLT_DB_07_2016
ex.776,o.58,Undirected,apoyo,apoyo,2014,1,MLT_DB_07_2016
ex.776,o.259,Undirected,apoyo,apoyo,2014,1,MLT_DB_07_2016
ex.776,o.69,Undirected,apoyo,apoyo,2014,1,MLT_DB_07_2016
ex.776,o.240,Undirected,apoyo,apoyo,2014,1,MLT_DB_07_2016
ex.776,o.70,Undirected,apoyo,apoyo,2014,1,MLT_DB_07_2016
ex.776,o.251,Undirected,apoyo,apoyo,2014,1,MLT_DB_07_2016
ex.776,o.44,Undirected,apoyo,apoyo,2014,1,MLT_DB_07_2016
ex.776,o.299,Undirected,apoyo,apoyo,2014,1,MLT_DB_07_2016
ex.776,o.412,Undirected,apoyo,apoyo,2014,1,MLT_DB_07_2016
ex.776,o.145,Undirected,apoyo,apoyo,2014,1,MLT_DB_07_2016
ex.776,p.3251,Undirected,apoyo,apoyo,2014,1,MLT_DB_07_2016
ex.776,o.336,Undirected,apoyo,apoyo,2014,1,MLT_DB_07_2016
ex.776,o.367,Undirected,apoyo,apoyo,2014,1,MLT_DB_07_2016
ex.777,p.3147,Undirected,curador,curador,2014,1,MLT_DB_07_2016
ex.777,o.308,Undirected,apoyo,apoyo,2014,1,MLT_DB_07_2016
ex.777,o.39,Undirected,apoyo,apoyo,2014,1,MLT_DB_07_2016
ex.777,o.122,Undirected,apoyo,apoyo,2014,1,MLT_DB_07_2016
ex.777,o.68,Undirected,apoyo,apoyo,2014,1,MLT_DB_07_2016
ex.777,o.89,Undirected,apoyo,apoyo,2014,1,MLT_DB_07_2016
ex.777,o.382,Undirected,apoyo,apoyo,2014,1,MLT_DB_07_2016
ex.777,o.181,Undirected,apoyo,apoyo,2014,1,MLT_DB_07_2016
ex.777,o.95,Undirected,apoyo,apoyo,2014,1,MLT_DB_07_2016
ex.777,o.115,Undirected,apoyo,apoyo,2014,1,MLT_DB_07_2016
ex.777,o.58,Undirected,apoyo,apoyo,2014,1,MLT_DB_07_2016
ex.777,o.259,Undirected,apoyo,apoyo,2014,1,MLT_DB_07_2016
ex.777,o.69,Undirected,apoyo,apoyo,2014,1,MLT_DB_07_2016
ex.777,o.240,Undirected,apoyo,apoyo,2014,1,MLT_DB_07_2016
ex.777,o.70,Undirected,apoyo,apoyo,2014,1,MLT_DB_07_2016
ex.777,o.251,Undirected,apoyo,apoyo,2014,1,MLT_DB_07_2016
ex.778,p.176,Undirected,artista,artista,2014,1,MLT_DB_07_2016
ex.778,p.176,Undirected,curador,curador,2014,1,MLT_DB_07_2016
ex.779,p.2381,Undirected,artista,artista,2014,1,MLT_DB_07_2016
ex.779,p.3168,Undirected,curador,curador,2014,1,MLT_DB_07_2016
ex.780,p.3113,Undirected,artista,artista,2014,1,MLT_DB_07_2016
ex.780,p.114,Undirected,curador,curador,2014,1,MLT_DB_07_2016
ex.780,p.3196,Undirected,curador,curador,2014,1,MLT_DB_07_2016
ex.780,p.3176,Undirected,curador,curador,2014,1,MLT_DB_07_2016
ex.780,o.26,Undirected,apoyo,apoyo,2014,1,MLT_DB_07_2016
ex.780,o.354,Undirected,apoyo,apoyo,2014,1,MLT_DB_07_2016
ex.780,o.302,Undirected,apoyo,apoyo,2014,1,MLT_DB_07_2016
ex.780,o.84,Undirected,apoyo,apoyo,2014,1,MLT_DB_07_2016
ex.780,o.292,Undirected,apoyo,apoyo,2014,1,MLT_DB_07_2016
ex.781,p.2559,Undirected,artista,artista,2014,1,MLT_DB_07_2016
ex.781,p.1177,Undirected,artista,artista,2014,1,MLT_DB_07_2016
ex.781,p.2787,Undirected,artista,artista,2014,1,MLT_DB_07_2016
ex.781,p.2665,Undirected,artista,artista,2014,1,MLT_DB_07_2016
ex.781,p.3243,Undirected,curador,curador,2014,1,MLT_DB_07_2016
ex.781,o.308,Undirected,apoyo,apoyo,2014,1,MLT_DB_07_2016
ex.781,o.39,Undirected,apoyo,apoyo,2014,1,MLT_DB_07_2016
ex.781,o.122,Undirected,apoyo,apoyo,2014,1,MLT_DB_07_2016
ex.781,o.68,Undirected,apoyo,apoyo,2014,1,MLT_DB_07_2016
ex.781,o.89,Undirected,apoyo,apoyo,2014,1,MLT_DB_07_2016
ex.781,o.382,Undirected,apoyo,apoyo,2014,1,MLT_DB_07_2016
ex.781,o.181,Undirected,apoyo,apoyo,2014,1,MLT_DB_07_2016
ex.781,o.95,Undirected,apoyo,apoyo,2014,1,MLT_DB_07_2016
ex.781,o.115,Undirected,apoyo,apoyo,2014,1,MLT_DB_07_2016
ex.781,o.58,Undirected,apoyo,apoyo,2014,1,MLT_DB_07_2016
ex.781,o.259,Undirected,apoyo,apoyo,2014,1,MLT_DB_07_2016
ex.781,o.69,Undirected,apoyo,apoyo,2014,1,MLT_DB_07_2016
ex.781,o.240,Undirected,apoyo,apoyo,2014,1,MLT_DB_07_2016
ex.781,o.70,Undirected,apoyo,apoyo,2014,1,MLT_DB_07_2016
ex.781,o.251,Undirected,apoyo,apoyo,2014,1,MLT_DB_07_2016
ex.781,o.44,Undirected,apoyo,apoyo,2014,1,MLT_DB_07_2016
ex.781,o.299,Undirected,apoyo,apoyo,2014,1,MLT_DB_07_2016
ex.781,o.412,Undirected,apoyo,apoyo,2014,1,MLT_DB_07_2016
ex.781,o.145,Undirected,apoyo,apoyo,2014,1,MLT_DB_07_2016
ex.781,p.3251,Undirected,apoyo,apoyo,2014,1,MLT_DB_07_2016
ex.781,o.336,Undirected,apoyo,apoyo,2014,1,MLT_DB_07_2016
ex.781,o.367,Undirected,apoyo,apoyo,2014,1,MLT_DB_07_2016
ex.782,p.23,Undirected,artista,artista,2014,1,MLT_DB_07_2016
ex.782,p.3240,Undirected,curador,curador,2014,1,MLT_DB_07_2016
ex.782,o.308,Undirected,apoyo,apoyo,2014,1,MLT_DB_07_2016
ex.782,o.39,Undirected,apoyo,apoyo,2014,1,MLT_DB_07_2016
ex.782,o.122,Undirected,apoyo,apoyo,2014,1,MLT_DB_07_2016
ex.782,o.68,Undirected,apoyo,apoyo,2014,1,MLT_DB_07_2016
ex.782,o.89,Undirected,apoyo,apoyo,2014,1,MLT_DB_07_2016
ex.782,o.382,Undirected,apoyo,apoyo,2014,1,MLT_DB_07_2016
ex.782,o.181,Undirected,apoyo,apoyo,2014,1,MLT_DB_07_2016
ex.782,o.95,Undirected,apoyo,apoyo,2014,1,MLT_DB_07_2016
ex.782,o.115,Undirected,apoyo,apoyo,2014,1,MLT_DB_07_2016
ex.782,o.58,Undirected,apoyo,apoyo,2014,1,MLT_DB_07_2016
ex.782,o.259,Undirected,apoyo,apoyo,2014,1,MLT_DB_07_2016
ex.782,o.69,Undirected,apoyo,apoyo,2014,1,MLT_DB_07_2016
ex.782,o.240,Undirected,apoyo,apoyo,2014,1,MLT_DB_07_2016
ex.782,o.70,Undirected,apoyo,apoyo,2014,1,MLT_DB_07_2016
ex.782,o.251,Undirected,apoyo,apoyo,2014,1,MLT_DB_07_2016
ex.782,o.207,Undirected,apoyo,apoyo,2014,1,MLT_DB_07_2016
ex.782,o.289,Undirected,apoyo,apoyo,2014,1,MLT_DB_07_2016
ex.782,o.327,Undirected,apoyo,apoyo,2014,1,MLT_DB_07_2016
ex.783,p.459,Undirected,artista,artista,2015,1,MLT_DB_07_2016
ex.783,p.3145,Undirected,curador,curador,2015,1,MLT_DB_07_2016
ex.785,p.2801,Undirected,artista,artista,2015,1,MLT_DB_07_2016
ex.785,p.2832,Undirected,artista,artista,2015,1,MLT_DB_07_2016
ex.785,p.2960,Undirected,artista,artista,2015,1,MLT_DB_07_2016
ex.785,p.3038,Undirected,artista,artista,2015,1,MLT_DB_07_2016
ex.785,p.3098,Undirected,artista,artista,2015,1,MLT_DB_07_2016
ex.785,p.3111,Undirected,artista,artista,2015,1,MLT_DB_07_2016
ex.785,p.2103,Undirected,curador,curador,2015,1,MLT_DB_07_2016
ex.785,p.2388,Undirected,curador,curador,2015,1,MLT_DB_07_2016
ex.785,o.308,Undirected,apoyo,apoyo,2015,1,MLT_DB_07_2016
ex.785,o.39,Undirected,apoyo,apoyo,2015,1,MLT_DB_07_2016
ex.785,o.122,Undirected,apoyo,apoyo,2015,1,MLT_DB_07_2016
ex.785,o.68,Undirected,apoyo,apoyo,2015,1,MLT_DB_07_2016
ex.785,o.89,Undirected,apoyo,apoyo,2015,1,MLT_DB_07_2016
ex.785,o.382,Undirected,apoyo,apoyo,2015,1,MLT_DB_07_2016
ex.785,o.181,Undirected,apoyo,apoyo,2015,1,MLT_DB_07_2016
ex.785,o.95,Undirected,apoyo,apoyo,2015,1,MLT_DB_07_2016
ex.785,o.115,Undirected,apoyo,apoyo,2015,1,MLT_DB_07_2016
ex.785,o.58,Undirected,apoyo,apoyo,2015,1,MLT_DB_07_2016
ex.785,o.259,Undirected,apoyo,apoyo,2015,1,MLT_DB_07_2016
ex.785,o.69,Undirected,apoyo,apoyo,2015,1,MLT_DB_07_2016
ex.785,o.240,Undirected,apoyo,apoyo,2015,1,MLT_DB_07_2016
ex.785,o.70,Undirected,apoyo,apoyo,2015,1,MLT_DB_07_2016
ex.785,o.251,Undirected,apoyo,apoyo,2015,1,MLT_DB_07_2016
ex.785,o.207,Undirected,apoyo,apoyo,2015,1,MLT_DB_07_2016
ex.785,o.289,Undirected,apoyo,apoyo,2015,1,MLT_DB_07_2016
ex.785,o.347,Undirected,apoyo,apoyo,2015,1,MLT_DB_07_2016
ex.785,o.217,Undirected,apoyo,apoyo,2015,1,MLT_DB_07_2016
ex.786,p.19,Undirected,artista,artista,2015,1,MLT_DB_07_2016
ex.786,p.3153,Undirected,curador,curador,2015,1,MLT_DB_07_2016
ex.786,o.308,Undirected,apoyo,apoyo,2015,1,MLT_DB_07_2016
ex.786,o.39,Undirected,apoyo,apoyo,2015,1,MLT_DB_07_2016
ex.786,o.122,Undirected,apoyo,apoyo,2015,1,MLT_DB_07_2016
ex.786,o.68,Undirected,apoyo,apoyo,2015,1,MLT_DB_07_2016
ex.786,o.89,Undirected,apoyo,apoyo,2015,1,MLT_DB_07_2016
ex.786,o.382,Undirected,apoyo,apoyo,2015,1,MLT_DB_07_2016
ex.786,o.181,Undirected,apoyo,apoyo,2015,1,MLT_DB_07_2016
ex.786,o.95,Undirected,apoyo,apoyo,2015,1,MLT_DB_07_2016
ex.786,o.115,Undirected,apoyo,apoyo,2015,1,MLT_DB_07_2016
ex.786,o.58,Undirected,apoyo,apoyo,2015,1,MLT_DB_07_2016
ex.786,o.259,Undirected,apoyo,apoyo,2015,1,MLT_DB_07_2016
ex.786,o.69,Undirected,apoyo,apoyo,2015,1,MLT_DB_07_2016
ex.786,o.240,Undirected,apoyo,apoyo,2015,1,MLT_DB_07_2016
ex.786,o.70,Undirected,apoyo,apoyo,2015,1,MLT_DB_07_2016
ex.786,o.251,Undirected,apoyo,apoyo,2015,1,MLT_DB_07_2016
ex.786,o.207,Undirected,apoyo,apoyo,2015,1,MLT_DB_07_2016
ex.786,o.289,Undirected,apoyo,apoyo,2015,1,MLT_DB_07_2016
ex.786,o.347,Undirected,apoyo,apoyo,2015,1,MLT_DB_07_2016
ex.786,o.217,Undirected,apoyo,apoyo,2015,1,MLT_DB_07_2016
ex.787,p.2218,Undirected,artista,artista,2015,1,MLT_DB_07_2016
ex.787,p.525,Undirected,artista,artista,2015,1,MLT_DB_07_2016
ex.787,p.2708,Undirected,curador,curador,2015,1,MLT_DB_07_2016
ex.787,o.308,Undirected,apoyo,apoyo,2015,1,MLT_DB_07_2016
ex.787,o.39,Undirected,apoyo,apoyo,2015,1,MLT_DB_07_2016
ex.787,o.122,Undirected,apoyo,apoyo,2015,1,MLT_DB_07_2016
ex.787,o.69,Undirected,apoyo,apoyo,2015,1,MLT_DB_07_2016
ex.787,o.207,Undirected,apoyo,apoyo,2015,1,MLT_DB_07_2016
ex.787,o.347,Undirected,apoyo,apoyo,2015,1,MLT_DB_07_2016
ex.787,o.217,Undirected,apoyo,apoyo,2015,1,MLT_DB_07_2016
ex.787,o.68,Undirected,apoyo,apoyo,2015,1,MLT_DB_07_2016
ex.787,o.382,Undirected,apoyo,apoyo,2015,1,MLT_DB_07_2016
ex.787,o.181,Undirected,apoyo,apoyo,2015,1,MLT_DB_07_2016
ex.787,o.95,Undirected,apoyo,apoyo,2015,1,MLT_DB_07_2016
ex.787,o.58,Undirected,apoyo,apoyo,2015,1,MLT_DB_07_2016
ex.787,o.259,Undirected,apoyo,apoyo,2015,1,MLT_DB_07_2016
ex.787,o.251,Undirected,apoyo,apoyo,2015,1,MLT_DB_07_2016
ex.787,o.289,Undirected,apoyo,apoyo,2015,1,MLT_DB_07_2016
ex.787,o.89,Undirected,apoyo,apoyo,2015,1,MLT_DB_07_2016
ex.787,o.70,Undirected,apoyo,apoyo,2015,1,MLT_DB_07_2016
ex.787,o.299,Undirected,apoyo,apoyo,2015,1,MLT_DB_07_2016
ex.787,o.145,Undirected,apoyo,apoyo,2015,1,MLT_DB_07_2016
ex.787,o.412,Undirected,apoyo,apoyo,2015,1,MLT_DB_07_2016
ex.787,o.367,Undirected,apoyo,apoyo,2015,1,MLT_DB_07_2016
ex.787,o.214,Undirected,apoyo,apoyo,2015,1,MLT_DB_07_2016
ex.788,p.2218,Undirected,artista,artista,2015,1,MLT_DB_07_2016
ex.788,p.2604,Undirected,artista,artista,2015,1,MLT_DB_07_2016
ex.788,p.2605,Undirected,artista,artista,2015,1,MLT_DB_07_2016
ex.788,p.2708,Undirected,artista,artista,2015,1,MLT_DB_07_2016
ex.788,p.2792,Undirected,artista,artista,2015,1,MLT_DB_07_2016
ex.788,p.2839,Undirected,artista,artista,2015,1,MLT_DB_07_2016
ex.788,p.2888,Undirected,artista,artista,2015,1,MLT_DB_07_2016
ex.788,p.2890,Undirected,artista,artista,2015,1,MLT_DB_07_2016
ex.788,p.173,Undirected,artista,artista,2015,1,MLT_DB_07_2016
ex.788,p.1226,Undirected,artista,artista,2015,1,MLT_DB_07_2016
ex.788,p.2448,Undirected,artista,artista,2015,1,MLT_DB_07_2016
ex.788,p.3017,Undirected,artista,artista,2015,1,MLT_DB_07_2016
ex.788,p.3038,Undirected,artista,artista,2015,1,MLT_DB_07_2016
ex.788,p.3071,Undirected,artista,artista,2015,1,MLT_DB_07_2016
ex.788,p.3103,Undirected,artista,artista,2015,1,MLT_DB_07_2016
ex.788,p.3110,Undirected,artista,artista,2015,1,MLT_DB_07_2016
ex.788,p.3115,Undirected,artista,artista,2015,1,MLT_DB_07_2016
ex.788,p.3153,Undirected,curador,curador,2015,1,MLT_DB_07_2016
ex.788,o.216,Undirected,apoyo,apoyo,2015,1,MLT_DB_07_2016
ex.788,o.308,Undirected,apoyo,apoyo,2015,1,MLT_DB_07_2016
ex.788,o.39,Undirected,apoyo,apoyo,2015,1,MLT_DB_07_2016
ex.788,o.122,Undirected,apoyo,apoyo,2015,1,MLT_DB_07_2016
ex.788,o.69,Undirected,apoyo,apoyo,2015,1,MLT_DB_07_2016
ex.788,o.207,Undirected,apoyo,apoyo,2015,1,MLT_DB_07_2016
ex.788,o.347,Undirected,apoyo,apoyo,2015,1,MLT_DB_07_2016
ex.788,o.217,Undirected,apoyo,apoyo,2015,1,MLT_DB_07_2016
ex.788,o.68,Undirected,apoyo,apoyo,2015,1,MLT_DB_07_2016
ex.788,o.382,Undirected,apoyo,apoyo,2015,1,MLT_DB_07_2016
ex.788,o.181,Undirected,apoyo,apoyo,2015,1,MLT_DB_07_2016
ex.788,o.95,Undirected,apoyo,apoyo,2015,1,MLT_DB_07_2016
ex.788,o.58,Undirected,apoyo,apoyo,2015,1,MLT_DB_07_2016
ex.788,o.259,Undirected,apoyo,apoyo,2015,1,MLT_DB_07_2016
ex.788,o.251,Undirected,apoyo,apoyo,2015,1,MLT_DB_07_2016
ex.788,o.289,Undirected,apoyo,apoyo,2015,1,MLT_DB_07_2016
ex.788,o.89,Undirected,apoyo,apoyo,2015,1,MLT_DB_07_2016
ex.788,o.70,Undirected,apoyo,apoyo,2015,1,MLT_DB_07_2016
ex.788,o.299,Undirected,apoyo,apoyo,2015,1,MLT_DB_07_2016
ex.788,o.145,Undirected,apoyo,apoyo,2015,1,MLT_DB_07_2016
ex.788,o.412,Undirected,apoyo,apoyo,2015,1,MLT_DB_07_2016
ex.788,o.367,Undirected,apoyo,apoyo,2015,1,MLT_DB_07_2016
ex.788,o.214,Undirected,apoyo,apoyo,2015,1,MLT_DB_07_2016
ex.789,p.2621,Undirected,artista,artista,2015,1,MLT_DB_07_2016
ex.789,p.1985,Undirected,artista,artista,2015,1,MLT_DB_07_2016
ex.789,p.2641,Undirected,artista,artista,2015,1,MLT_DB_07_2016
ex.789,p.2680,Undirected,artista,artista,2015,1,MLT_DB_07_2016
ex.789,p.2791,Undirected,artista,artista,2015,1,MLT_DB_07_2016
ex.789,p.2803,Undirected,artista,artista,2015,1,MLT_DB_07_2016
ex.789,p.2833,Undirected,artista,artista,2015,1,MLT_DB_07_2016
ex.789,p.459,Undirected,artista,artista,2015,1,MLT_DB_07_2016
ex.789,p.2983,Undirected,artista,artista,2015,1,MLT_DB_07_2016
ex.789,p.3073,Undirected,artista,artista,2015,1,MLT_DB_07_2016
ex.789,p.714,Undirected,artista,artista,2015,1,MLT_DB_07_2016
ex.789,p.2791,Undirected,curador,curador,2015,1,MLT_DB_07_2016
ex.789,p.2641,Undirected,curador,curador,2015,1,MLT_DB_07_2016
ex.789,p.2621,Undirected,curador,curador,2015,1,MLT_DB_07_2016
ex.789,o.272,Undirected,apoyo,apoyo,2015,1,MLT_DB_07_2016
ex.789,o.308,Undirected,apoyo,apoyo,2015,1,MLT_DB_07_2016
ex.789,o.84,Undirected,apoyo,apoyo,2015,1,MLT_DB_07_2016
ex.789,o.157,Undirected,apoyo,apoyo,2015,1,MLT_DB_07_2016
ex.790,p.2696,Undirected,artista,artista,2015,1,MLT_DB_07_2016
ex.790,p.2790,Undirected,curador,curador,2015,1,MLT_DB_07_2016
ex.790,p.3230,Undirected,curador,curador,2015,1,MLT_DB_07_2016
ex.790,o.308,Undirected,apoyo,apoyo,2015,1,MLT_DB_07_2016
ex.790,o.22,Undirected,apoyo,apoyo,2015,1,MLT_DB_07_2016
ex.791,p.3128,Undirected,artista,artista,2015,1,MLT_DB_07_2016
ex.791,p.2991,Undirected,artista,artista,2015,1,MLT_DB_07_2016
ex.791,p.2678,Undirected,artista,artista,2015,1,MLT_DB_07_2016
ex.791,p.2566,Undirected,artista,artista,2015,1,MLT_DB_07_2016
ex.791,p.2438,Undirected,artista,artista,2015,1,MLT_DB_07_2016
ex.791,p.2898,Undirected,artista,artista,2015,1,MLT_DB_07_2016
ex.791,p.2627,Undirected,artista,artista,2015,1,MLT_DB_07_2016
ex.791,p.2874,Undirected,artista,artista,2015,1,MLT_DB_07_2016
ex.791,p.2790,Undirected,curador,curador,2015,1,MLT_DB_07_2016
ex.791,p.3230,Undirected,curador,curador,2015,1,MLT_DB_07_2016
ex.791,o.308,Undirected,apoyo,apoyo,2015,1,MLT_DB_07_2016
ex.791,o.22,Undirected,apoyo,apoyo,2015,1,MLT_DB_07_2016
ex.792,p.2897,Undirected,artista,artista,2015,1,MLT_DB_07_2016
ex.792,p.3128,Undirected,artista,artista,2015,1,MLT_DB_07_2016
ex.792,p.2909,Undirected,artista,artista,2015,1,MLT_DB_07_2016
ex.792,p.3055,Undirected,artista,artista,2015,1,MLT_DB_07_2016
ex.792,p.2596,Undirected,artista,artista,2015,1,MLT_DB_07_2016
ex.792,p.2875,Undirected,artista,artista,2015,1,MLT_DB_07_2016
ex.792,p.3000,Undirected,artista,artista,2015,1,MLT_DB_07_2016
ex.792,p.2687,Undirected,artista,artista,2015,1,MLT_DB_07_2016
ex.792,p.3129,Undirected,artista,artista,2015,1,MLT_DB_07_2016
ex.792,p.3074,Undirected,artista,artista,2015,1,MLT_DB_07_2016
ex.792,p.2992,Undirected,artista,artista,2015,1,MLT_DB_07_2016
ex.792,p.2745,Undirected,artista,artista,2015,1,MLT_DB_07_2016
ex.792,p.39,Undirected,artista,artista,2015,1,MLT_DB_07_2016
ex.792,p.1088,Undirected,artista,artista,2015,1,MLT_DB_07_2016
ex.792,p.3135,Undirected,artista,artista,2015,1,MLT_DB_07_2016
ex.792,p.2861,Undirected,artista,artista,2015,1,MLT_DB_07_2016
ex.792,p.2811,Undirected,artista,artista,2015,1,MLT_DB_07_2016
ex.792,p.327,Undirected,artista,artista,2015,1,MLT_DB_07_2016
ex.792,p.141,Undirected,artista,artista,2015,1,MLT_DB_07_2016
ex.792,p.3092,Undirected,artista,artista,2015,1,MLT_DB_07_2016
ex.792,p.2791,Undirected,artista,artista,2015,1,MLT_DB_07_2016
ex.792,p.2790,Undirected,curador,curador,2015,1,MLT_DB_07_2016
ex.792,p.3230,Undirected,curador,curador,2015,1,MLT_DB_07_2016
ex.792,o.308,Undirected,apoyo,apoyo,2015,1,MLT_DB_07_2016
ex.792,o.22,Undirected,apoyo,apoyo,2015,1,MLT_DB_07_2016
ex.793,p.2867,Undirected,artista,artista,2015,1,MLT_DB_07_2016
ex.794,p.105,Undirected,artista,artista,2015,1,MLT_DB_07_2016
ex.794,p.3153,Undirected,curador,curador,2015,1,MLT_DB_07_2016
ex.794,o.308,Undirected,apoyo,apoyo,2015,1,MLT_DB_07_2016
ex.794,o.39,Undirected,apoyo,apoyo,2015,1,MLT_DB_07_2016
ex.794,o.122,Undirected,apoyo,apoyo,2015,1,MLT_DB_07_2016
ex.794,o.69,Undirected,apoyo,apoyo,2015,1,MLT_DB_07_2016
ex.794,o.207,Undirected,apoyo,apoyo,2015,1,MLT_DB_07_2016
ex.794,o.347,Undirected,apoyo,apoyo,2015,1,MLT_DB_07_2016
ex.794,o.217,Undirected,apoyo,apoyo,2015,1,MLT_DB_07_2016
ex.794,o.68,Undirected,apoyo,apoyo,2015,1,MLT_DB_07_2016
ex.794,o.382,Undirected,apoyo,apoyo,2015,1,MLT_DB_07_2016
ex.794,o.181,Undirected,apoyo,apoyo,2015,1,MLT_DB_07_2016
ex.794,o.95,Undirected,apoyo,apoyo,2015,1,MLT_DB_07_2016
ex.794,o.58,Undirected,apoyo,apoyo,2015,1,MLT_DB_07_2016
ex.794,o.259,Undirected,apoyo,apoyo,2015,1,MLT_DB_07_2016
ex.794,o.251,Undirected,apoyo,apoyo,2015,1,MLT_DB_07_2016
ex.794,o.289,Undirected,apoyo,apoyo,2015,1,MLT_DB_07_2016
ex.815,p.2806,Undirected,artista,artista,2015,1,MLT_DB_07_2016
ex.815,p.2881,Undirected,artista,artista,2015,1,MLT_DB_07_2016
ex.815,p.3026,Undirected,artista,artista,2015,1,MLT_DB_07_2016
ex.795,p.2719,Undirected,artista,artista,2015,1,MLT_DB_07_2016
ex.795,p.2634,Undirected,artista,artista,2015,1,MLT_DB_07_2016
ex.795,p.2951,Undirected,artista,artista,2015,1,MLT_DB_07_2016
ex.795,p.3079,Undirected,artista,artista,2015,1,MLT_DB_07_2016
ex.795,p.2606,Undirected,artista,artista,2015,1,MLT_DB_07_2016
ex.795,p.2827,Undirected,artista,artista,2015,1,MLT_DB_07_2016
ex.795,p.2893,Undirected,artista,artista,2015,1,MLT_DB_07_2016
ex.795,p.2910,Undirected,artista,artista,2015,1,MLT_DB_07_2016
ex.795,p.2683,Undirected,artista,artista,2015,1,MLT_DB_07_2016
ex.795,p.3019,Undirected,artista,artista,2015,1,MLT_DB_07_2016
ex.795,p.3091,Undirected,artista,artista,2015,1,MLT_DB_07_2016
ex.795,p.2957,Undirected,artista,artista,2015,1,MLT_DB_07_2016
ex.795,p.3097,Undirected,artista,artista,2015,1,MLT_DB_07_2016
ex.795,p.3179,Undirected,curador,curador,2015,1,MLT_DB_07_2016
ex.795,p.3237,Undirected,curador,curador,2015,1,MLT_DB_07_2016
ex.795,p.3188,Undirected,curador,curador,2015,1,MLT_DB_07_2016
ex.795,p.3156,Undirected,curador,curador,2015,1,MLT_DB_07_2016
ex.795,o.403,Undirected,apoyo,apoyo,2015,1,MLT_DB_07_2016
ex.795,o.308,Undirected,apoyo,apoyo,2015,1,MLT_DB_07_2016
ex.795,o.39,Undirected,apoyo,apoyo,2015,1,MLT_DB_07_2016
ex.796,p.2687,Undirected,artista,artista,2015,1,MLT_DB_07_2016
ex.798,p.2549,Undirected,artista,artista,2015,1,MLT_DB_07_2016
ex.798,p.3153,Undirected,curador,curador,2015,1,MLT_DB_07_2016
ex.798,o.39,Undirected,apoyo,apoyo,2015,1,MLT_DB_07_2016
ex.798,o.302,Undirected,apoyo,apoyo,2015,1,MLT_DB_07_2016
ex.797,p.2677,Undirected,artista,artista,2015,1,MLT_DB_07_2016
ex.797,p.2920,Undirected,artista,artista,2015,1,MLT_DB_07_2016
ex.797,p.3153,Undirected,curador,curador,2015,1,MLT_DB_07_2016
ex.797,p.3148,Undirected,curador,curador,2015,1,MLT_DB_07_2016
ex.799,p.2614,Undirected,artista,artista,2015,1,MLT_DB_07_2016
ex.799,o.308,Undirected,apoyo,apoyo,2015,1,MLT_DB_07_2016
ex.799,o.39,Undirected,apoyo,apoyo,2015,1,MLT_DB_07_2016
ex.799,o.122,Undirected,apoyo,apoyo,2015,1,MLT_DB_07_2016
ex.799,o.69,Undirected,apoyo,apoyo,2015,1,MLT_DB_07_2016
ex.799,o.186,Undirected,apoyo,apoyo,2015,1,MLT_DB_07_2016
ex.799,o.207,Undirected,apoyo,apoyo,2015,1,MLT_DB_07_2016
ex.799,o.347,Undirected,apoyo,apoyo,2015,1,MLT_DB_07_2016
ex.799,o.217,Undirected,apoyo,apoyo,2015,1,MLT_DB_07_2016
ex.799,o.68,Undirected,apoyo,apoyo,2015,1,MLT_DB_07_2016
ex.799,o.382,Undirected,apoyo,apoyo,2015,1,MLT_DB_07_2016
ex.799,o.181,Undirected,apoyo,apoyo,2015,1,MLT_DB_07_2016
ex.799,o.95,Undirected,apoyo,apoyo,2015,1,MLT_DB_07_2016
ex.799,o.58,Undirected,apoyo,apoyo,2015,1,MLT_DB_07_2016
ex.799,o.259,Undirected,apoyo,apoyo,2015,1,MLT_DB_07_2016
ex.799,o.251,Undirected,apoyo,apoyo,2015,1,MLT_DB_07_2016
ex.799,o.289,Undirected,apoyo,apoyo,2015,1,MLT_DB_07_2016
ex.800,p.677,Undirected,artista,artista,2015,1,MLT_DB_07_2016
ex.800,p.127,Undirected,artista,artista,2015,1,MLT_DB_07_2016
ex.800,p.38,Undirected,artista,artista,2015,1,MLT_DB_07_2016
ex.800,p.73,Undirected,artista,artista,2015,1,MLT_DB_07_2016
ex.800,p.23,Undirected,artista,artista,2015,1,MLT_DB_07_2016
ex.800,p.14,Undirected,artista,artista,2015,1,MLT_DB_07_2016
ex.800,p.85,Undirected,artista,artista,2015,1,MLT_DB_07_2016
ex.800,p.81,Undirected,artista,artista,2015,1,MLT_DB_07_2016
ex.800,p.3153,Undirected,curador,curador,2015,1,MLT_DB_07_2016
ex.800,p.3159,Undirected,curador,curador,2015,1,MLT_DB_07_2016
ex.800,p.3206,Undirected,curador,curador,2015,1,MLT_DB_07_2016
ex.800,o.308,Undirected,apoyo,apoyo,2015,1,MLT_DB_07_2016
ex.800,o.39,Undirected,apoyo,apoyo,2015,1,MLT_DB_07_2016
ex.800,o.122,Undirected,apoyo,apoyo,2015,1,MLT_DB_07_2016
ex.800,o.69,Undirected,apoyo,apoyo,2015,1,MLT_DB_07_2016
ex.801,p.3050,Undirected,artista,artista,2015,1,MLT_DB_07_2016
ex.801,p.3231,Undirected,curador,curador,2015,1,MLT_DB_07_2016
ex.801,o.308,Undirected,apoyo,apoyo,2015,1,MLT_DB_07_2016
ex.801,o.39,Undirected,apoyo,apoyo,2015,1,MLT_DB_07_2016
ex.801,o.122,Undirected,apoyo,apoyo,2015,1,MLT_DB_07_2016
ex.801,o.69,Undirected,apoyo,apoyo,2015,1,MLT_DB_07_2016
ex.801,o.207,Undirected,apoyo,apoyo,2015,1,MLT_DB_07_2016
ex.801,o.68,Undirected,apoyo,apoyo,2015,1,MLT_DB_07_2016
ex.801,o.382,Undirected,apoyo,apoyo,2015,1,MLT_DB_07_2016
ex.801,o.210,Undirected,apoyo,apoyo,2015,1,MLT_DB_07_2016
ex.801,o.58,Undirected,apoyo,apoyo,2015,1,MLT_DB_07_2016
ex.801,o.259,Undirected,apoyo,apoyo,2015,1,MLT_DB_07_2016
ex.801,o.251,Undirected,apoyo,apoyo,2015,1,MLT_DB_07_2016
ex.801,o.289,Undirected,apoyo,apoyo,2015,1,MLT_DB_07_2016
ex.801,o.38,Undirected,apoyo,apoyo,2015,1,MLT_DB_07_2016
ex.801,o.286,Undirected,apoyo,apoyo,2015,1,MLT_DB_07_2016
ex.801,o.156,Undirected,apoyo,apoyo,2015,1,MLT_DB_07_2016
ex.802,p.2882,Undirected,artista,artista,2015,1,MLT_DB_07_2016
ex.802,p.2584,Undirected,artista,artista,2015,1,MLT_DB_07_2016
ex.802,p.3153,Undirected,curador,curador,2015,1,MLT_DB_07_2016
ex.802,o.39,Undirected,apoyo,apoyo,2015,1,MLT_DB_07_2016
ex.802,o.58,Undirected,apoyo,apoyo,2015,1,MLT_DB_07_2016
ex.803,p.2674,Undirected,artista,artista,2016,1,MLT_DB_07_2016
ex.803,o.25,Undirected,apoyo,apoyo,2016,1,MLT_DB_07_2016
ex.803,o.302,Undirected,apoyo,apoyo,2016,1,MLT_DB_07_2016
ex.803,o.332,Undirected,apoyo,apoyo,2016,1,MLT_DB_07_2016
ex.803,o.292,Undirected,apoyo,apoyo,2016,1,MLT_DB_07_2016
ex.805,p.9,Undirected,artista,artista,2016,1,MLT_DB_07_2016
ex.805,p.3212,Undirected,curador,curador,2016,1,MLT_DB_07_2016
ex.805,p.3201,Undirected,curador,curador,2016,1,MLT_DB_07_2016
ex.805,p.173,Undirected,curador,curador,2016,1,MLT_DB_07_2016
ex.805,p.3222,Undirected,curador,curador,2016,1,MLT_DB_07_2016
ex.805,p.3157,Undirected,curador,curador,2016,1,MLT_DB_07_2016
ex.805,p.3205,Undirected,curador,curador,2016,1,MLT_DB_07_2016
ex.805,p.3203,Undirected,curador,curador,2016,1,MLT_DB_07_2016
ex.805,o.65,Undirected,apoyo,apoyo,2016,1,MLT_DB_07_2016
ex.805,o.146,Undirected,apoyo,apoyo,2016,1,MLT_DB_07_2016
ex.804,p.2840,Undirected,artista,artista,2016,1,MLT_DB_07_2016
ex.804,p.2588,Undirected,artista,artista,2016,1,MLT_DB_07_2016
ex.804,p.1238,Undirected,artista,artista,2016,1,MLT_DB_07_2016
ex.804,p.3021,Undirected,artista,artista,2016,1,MLT_DB_07_2016
ex.804,p.2864,Undirected,artista,artista,2016,1,MLT_DB_07_2016
ex.804,p.2782,Undirected,artista,artista,2016,1,MLT_DB_07_2016
ex.804,p.2926,Undirected,artista,artista,2016,1,MLT_DB_07_2016
ex.804,p.153,Undirected,artista,artista,2016,1,MLT_DB_07_2016
ex.804,p.2582,Undirected,artista,artista,2016,1,MLT_DB_07_2016
ex.804,p.3095,Undirected,artista,artista,2016,1,MLT_DB_07_2016
ex.804,p.2932,Undirected,artista,artista,2016,1,MLT_DB_07_2016
ex.804,o.39,Undirected,apoyo,apoyo,2016,1,MLT_DB_07_2016
ex.804,o.308,Undirected,apoyo,apoyo,2016,1,MLT_DB_07_2016
ex.804,o.122,Undirected,apoyo,apoyo,2016,1,MLT_DB_07_2016
ex.804,o.69,Undirected,apoyo,apoyo,2016,1,MLT_DB_07_2016
ex.804,o.355,Undirected,apoyo,apoyo,2016,1,MLT_DB_07_2016
ex.804,o.392,Undirected,apoyo,apoyo,2016,1,MLT_DB_07_2016
ex.804,o.213,Undirected,apoyo,apoyo,2016,1,MLT_DB_07_2016
ex.804,o.40,Undirected,apoyo,apoyo,2016,1,MLT_DB_07_2016
ex.804,o.405,Undirected,apoyo,apoyo,2016,1,MLT_DB_07_2016
ex.804,o.98,Undirected,apoyo,apoyo,2016,1,MLT_DB_07_2016
ex.806,p.114,Undirected,artista,artista,2016,1,MLT_DB_07_2016
ex.806,p.3223,Undirected,curador,curador,2016,1,MLT_DB_07_2016
ex.806,o.39,Undirected,apoyo,apoyo,2016,1,MLT_DB_07_2016
ex.806,o.308,Undirected,apoyo,apoyo,2016,1,MLT_DB_07_2016
ex.806,o.122,Undirected,apoyo,apoyo,2016,1,MLT_DB_07_2016
ex.806,o.69,Undirected,apoyo,apoyo,2016,1,MLT_DB_07_2016
ex.807,p.435,Undirected,artista,artista,2016,1,MLT_DB_07_2016
ex.807,o.39,Undirected,apoyo,apoyo,2016,1,MLT_DB_07_2016
ex.807,o.308,Undirected,apoyo,apoyo,2016,1,MLT_DB_07_2016
ex.807,o.122,Undirected,apoyo,apoyo,2016,1,MLT_DB_07_2016
ex.807,o.69,Undirected,apoyo,apoyo,2016,1,MLT_DB_07_2016
ex.807,o.250,Undirected,apoyo,apoyo,2016,1,MLT_DB_07_2016
ex.811,p.2553,Undirected,artista,artista,2016,1,MLT_DB_07_2016
ex.811,p.3192,Undirected,curador,curador,2016,1,MLT_DB_07_2016
ex.811,o.308,Undirected,apoyo,apoyo,2016,1,MLT_DB_07_2016
ex.811,o.39,Undirected,apoyo,apoyo,2016,1,MLT_DB_07_2016
ex.811,o.95,Undirected,apoyo,apoyo,2016,1,MLT_DB_07_2016
ex.811,o.327,Undirected,apoyo,apoyo,2016,1,MLT_DB_07_2016
ex.808,p.2557,Undirected,artista,artista,2016,1,MLT_DB_07_2016
ex.808,p.2599,Undirected,artista,artista,2016,1,MLT_DB_07_2016
ex.808,p.2601,Undirected,artista,artista,2016,1,MLT_DB_07_2016
ex.808,p.2608,Undirected,artista,artista,2016,1,MLT_DB_07_2016
ex.808,p.2656,Undirected,artista,artista,2016,1,MLT_DB_07_2016
ex.808,p.2671,Undirected,artista,artista,2016,1,MLT_DB_07_2016
ex.808,p.2672,Undirected,artista,artista,2016,1,MLT_DB_07_2016
ex.808,p.2673,Undirected,artista,artista,2016,1,MLT_DB_07_2016
ex.808,p.2786,Undirected,artista,artista,2016,1,MLT_DB_07_2016
ex.808,p.2876,Undirected,artista,artista,2016,1,MLT_DB_07_2016
ex.808,p.2883,Undirected,artista,artista,2016,1,MLT_DB_07_2016
ex.808,p.2947,Undirected,artista,artista,2016,1,MLT_DB_07_2016
ex.808,p.2986,Undirected,artista,artista,2016,1,MLT_DB_07_2016
ex.808,p.2989,Undirected,artista,artista,2016,1,MLT_DB_07_2016
ex.808,p.3005,Undirected,artista,artista,2016,1,MLT_DB_07_2016
ex.808,p.3139,Undirected,artista,artista,2016,1,MLT_DB_07_2016
ex.808,p.3160,Undirected,curador,curador,2016,1,MLT_DB_07_2016
ex.808,p.3225,Undirected,curador,curador,2016,1,MLT_DB_07_2016
ex.808,o.274,Undirected,apoyo,apoyo,2016,1,MLT_DB_07_2016
ex.808,o.264,Undirected,apoyo,apoyo,2016,1,MLT_DB_07_2016
ex.813,p.2578,Undirected,artista,artista,2016,1,MLT_DB_07_2016
ex.813,p.2597,Undirected,artista,artista,2016,1,MLT_DB_07_2016
ex.813,p.2628,Undirected,artista,artista,2016,1,MLT_DB_07_2016
ex.813,p.2643,Undirected,artista,artista,2016,1,MLT_DB_07_2016
ex.813,p.2651,Undirected,artista,artista,2016,1,MLT_DB_07_2016
ex.813,p.2702,Undirected,artista,artista,2016,1,MLT_DB_07_2016
ex.813,p.2718,Undirected,artista,artista,2016,1,MLT_DB_07_2016
ex.813,p.3109,Undirected,artista,artista,2016,1,MLT_DB_07_2016
ex.813,p.2894,Undirected,artista,artista,2016,1,MLT_DB_07_2016
ex.813,p.176,Undirected,artista,artista,2016,1,MLT_DB_07_2016
ex.813,p.2908,Undirected,artista,artista,2016,1,MLT_DB_07_2016
ex.813,p.2914,Undirected,artista,artista,2016,1,MLT_DB_07_2016
ex.813,p.2941,Undirected,artista,artista,2016,1,MLT_DB_07_2016
ex.813,p.2949,Undirected,artista,artista,2016,1,MLT_DB_07_2016
ex.813,p.2965,Undirected,artista,artista,2016,1,MLT_DB_07_2016
ex.813,p.2966,Undirected,artista,artista,2016,1,MLT_DB_07_2016
ex.813,p.2970,Undirected,artista,artista,2016,1,MLT_DB_07_2016
ex.813,p.2975,Undirected,artista,artista,2016,1,MLT_DB_07_2016
ex.813,p.2993,Undirected,artista,artista,2016,1,MLT_DB_07_2016
ex.813,p.2994,Undirected,artista,artista,2016,1,MLT_DB_07_2016
ex.813,p.2996,Undirected,artista,artista,2016,1,MLT_DB_07_2016
ex.813,p.3010,Undirected,artista,artista,2016,1,MLT_DB_07_2016
ex.813,p.3014,Undirected,artista,artista,2016,1,MLT_DB_07_2016
ex.813,p.3024,Undirected,artista,artista,2016,1,MLT_DB_07_2016
ex.813,p.3087,Undirected,artista,artista,2016,1,MLT_DB_07_2016
ex.813,p.3096,Undirected,artista,artista,2016,1,MLT_DB_07_2016
ex.813,p.3138,Undirected,artista,artista,2016,1,MLT_DB_07_2016
ex.813,p.3138,Undirected,curador,curador,2016,1,MLT_DB_07_2016
ex.813,p.3244,Undirected,apoyo,apoyo,2016,1,MLT_DB_07_2016
ex.813,o.306,Undirected,apoyo,apoyo,2016,1,MLT_DB_07_2016
ex.813,o.407,Undirected,apoyo,apoyo,2016,1,MLT_DB_07_2016
ex.813,o.47,Undirected,apoyo,apoyo,2016,1,MLT_DB_07_2016
ex.813,o.245,Undirected,apoyo,apoyo,2016,1,MLT_DB_07_2016
ex.813,o.308,Undirected,apoyo,apoyo,2016,1,MLT_DB_07_2016
ex.813,o.39,Undirected,apoyo,apoyo,2016,1,MLT_DB_07_2016
ex.813,o.122,Undirected,apoyo,apoyo,2016,1,MLT_DB_07_2016
ex.813,o.69,Undirected,apoyo,apoyo,2016,1,MLT_DB_07_2016
ex.810,p.2559,Undirected,artista,artista,2016,1,MLT_DB_07_2016
ex.810,p.2567,Undirected,artista,artista,2016,1,MLT_DB_07_2016
ex.810,p.677,Undirected,artista,artista,2016,1,MLT_DB_07_2016
ex.810,p.32,Undirected,artista,artista,2016,1,MLT_DB_07_2016
ex.810,p.2,Undirected,artista,artista,2016,1,MLT_DB_07_2016
ex.810,p.39,Undirected,artista,artista,2016,1,MLT_DB_07_2016
ex.810,p.203,Undirected,artista,artista,2016,1,MLT_DB_07_2016
ex.810,p.567,Undirected,artista,artista,2016,1,MLT_DB_07_2016
ex.810,p.19,Undirected,artista,artista,2016,1,MLT_DB_07_2016
ex.810,p.104,Undirected,artista,artista,2016,1,MLT_DB_07_2016
ex.810,p.57,Undirected,artista,artista,2016,1,MLT_DB_07_2016
ex.810,p.3075,Undirected,artista,artista,2016,1,MLT_DB_07_2016
ex.810,p.3153,Undirected,curador,curador,2016,1,MLT_DB_07_2016
ex.810,p.3159,Undirected,curador,curador,2016,1,MLT_DB_07_2016
ex.810,o.308,Undirected,apoyo,apoyo,2016,1,MLT_DB_07_2016
ex.810,o.39,Undirected,apoyo,apoyo,2016,1,MLT_DB_07_2016
ex.810,o.122,Undirected,apoyo,apoyo,2016,1,MLT_DB_07_2016
ex.810,o.69,Undirected,apoyo,apoyo,2016,1,MLT_DB_07_2016
ex.810,o.95,Undirected,apoyo,apoyo,2016,1,MLT_DB_07_2016
ex.810,o.156,Undirected,apoyo,apoyo,2016,1,MLT_DB_07_2016
ex.810,o.347,Undirected,apoyo,apoyo,2016,1,MLT_DB_07_2016
ex.810,o.217,Undirected,apoyo,apoyo,2016,1,MLT_DB_07_2016
ex.810,o.411,Undirected,apoyo,apoyo,2016,1,MLT_DB_07_2016
ex.810,o.113,Undirected,apoyo,apoyo,2016,1,MLT_DB_07_2016
ex.810,o.410,Undirected,apoyo,apoyo,2016,1,MLT_DB_07_2016
ex.818,p.2778,Undirected,artista,artista,2016,1,MLT_DB_07_2016
ex.818,p.3204,Undirected,curador,curador,2016,1,MLT_DB_07_2016
ex.818,o.95,Undirected,apoyo,apoyo,2016,1,MLT_DB_07_2016
ex.818,o.327,Undirected,apoyo,apoyo,2016,1,MLT_DB_07_2016
ex.818,o.308,Undirected,apoyo,apoyo,2016,1,MLT_DB_07_2016
ex.818,o.39,Undirected,apoyo,apoyo,2016,1,MLT_DB_07_2016
ex.827,p.45,Undirected,artista,artista,2016,1,MLT_DB_07_2016
ex.827,p.123,Undirected,artista,artista,2016,1,MLT_DB_07_2016
ex.827,p.3283,Undirected,artista,artista,2016,1,MLT_DB_07_2016
ex.827,p.1238,Undirected,artista,artista,2016,1,MLT_DB_07_2016
ex.827,p.535,Undirected,artista,artista,2016,1,MLT_DB_07_2016
ex.827,p.23,Undirected,artista,artista,2016,1,MLT_DB_07_2016
ex.827,p.3282,Undirected,curador,curador,2016,1,MLT_DB_07_2016
ex.827,p.3153,Undirected,curador,curador,2016,1,MLT_DB_07_2016
ex.828,p.48,Undirected,artista,artista,2016,1,MLT_DB_07_2016
ex.828,p.3217,Undirected,curador,curador,2016,1,MLT_DB_07_2016
ex.829,p.31,Undirected,artista,artista,2016,1,MLT_DB_07_2016
ex.829,p.3217,Undirected,curador,curador,2016,1,MLT_DB_07_2016
ex.830,p.14,Undirected,artista,artista,2016,1,MLT_DB_07_2016
ex.830,p.14,Undirected,curador,curador,2016,1,MLT_DB_07_2016
ex.831,n.2,Undirected,apoyo,apoyo,2016,1,archivo_web
ex.831,n.3,Undirected,apoyo,apoyo,2016,1,archivo_web
ex.832,n.4,Undirected,artista,artista,2017,1,archivo_web
ex.832,n.5,Undirected,artista,artista,2017,1,archivo_web
ex.832,p.2638,Undirected,artista,artista,2017,1,archivo_web
ex.832,p.2741,Undirected,artista,artista,2017,1,archivo_web
ex.832,n.6,Undirected,artista,artista,2017,1,archivo_web
ex.832,n.7,Undirected,artista,artista,2017,1,archivo_web
ex.832,n.8,Undirected,artista,artista,2017,1,archivo_web
ex.832,n.9,Undirected,artista,artista,2017,1,archivo_web
ex.832,n.10,Undirected,artista,artista,2017,1,archivo_web
ex.832,n.11,Undirected,artista,artista,2017,1,archivo_web
ex.833,n.12,Undirected,artista,artista,2017,1,archivo_web
ex.833,n.13,Undirected,curador,curador,2017,1,archivo_web
ex.834,p.110,Undirected,artista,artista,2017,1,archivo_web
ex.834,n.14,Undirected,curador,curador,2017,1,archivo_web
ex.836,n.15,Undirected,apoyo,apoyo,2017,1,archivo_web
ex.837,n.16,Undirected,artista,artista,2017,1,archivo_web
ex.839,n.17,Undirected,artista,artista,2017,1,archivo_web
ex.840,n.18,Undirected,artista,artista,2017,1,archivo_web
ex.840,p.1238,Undirected,artista,artista,2017,1,archivo_web
ex.840,p.3283,Undirected,artista,artista,2017,1,archivo_web
ex.840,p.2627,Undirected,artista,artista,2017,1,archivo_web
ex.840,n.19,Undirected,artista,artista,2017,1,archivo_web
ex.840,p.2621,Undirected,artista,artista,2017,1,archivo_web
ex.840,p.1088,Undirected,artista,artista,2017,1,archivo_web
ex.840,n.20,Undirected,artista,artista,2017,1,archivo_web
ex.840,n.21,Undirected,artista,artista,2017,1,archivo_web
ex.840,n.22,Undirected,artista,artista,2017,1,archivo_web
ex.840,n.23,Undirected,artista,artista,2017,1,archivo_web
ex.840,n.24,Undirected,artista,artista,2017,1,archivo_web
ex.840,n.25,Undirected,artista,artista,2017,1,archivo_web
ex.840,p.2708,Undirected,curador,curador,2017,1,archivo_web
ex.840,p.3153,Undirected,curador,curador,2017,1,archivo_web
ex.841,n.26,Undirected,curador,curador,2017,1,archivo_web
ex.841,n.27,Undirected,curador,curador,2017,1,archivo_web
ex.841,o.95,Undirected,apoyo,apoyo,2017,1,archivo_web
ex.842,n.28,Undirected,artista,artista,2018,1,archivo_web
ex.842,n.29,Undirected,apoyo,apoyo,2018,1,archivo_web
ex.843,n.30,Undirected,artista,artista,2018,1,archivo_web
ex.844,p.3038,Undirected,artista,artista,2018,1,archivo_web
ex.844,p.2103,Undirected,curador,curador,2018,1,archivo_web
ex.844,p.2388,Undirected,curador,curador,2018,1,archivo_web
ex.844,p.3153,Undirected,curador,curador,2018,1,archivo_web
ex.845,o.332,Undirected,curador,curador,2018,1,archivo_web
ex.846,n.31,Undirected,artista,artista,2018,1,archivo_web
ex.846,n.32,Undirected,artista,artista,2018,1,archivo_web
ex.846,n.33,Undirected,artista,artista,2018,1,archivo_web
ex.847,n.34,Undirected,artista,artista,2018,1,archivo_web
ex.848,n.21,Undirected,artista,artista,2018,1,archivo_web
ex.848,n.35,Undirected,curador,curador,2018,1,archivo_web
ex.848,o.95,Undirected,apoyo,apoyo,2018,1,archivo_web
ex.849,p.218,Undirected,artista,artista,2018,1,archivo_web
ex.849,o.403,Undirected,apoyo,apoyo,2018,1,archivo_web
ex.850,n.36,Undirected,apoyo,apoyo,2018,1,archivo_web
ex.851,p.2349,Undirected,artista,artista,2018,1,archivo_web
ex.851,p.2811,Undirected,curador,curador,2018,1,archivo_web
ex.853,p.2861,Undirected,artista,artista,2018,1,archivo_web
ex.853,n.37,Undirected,curador,curador,2018,1,archivo_web
ex.853,o.95,Undirected,apoyo,apoyo,2018,1,archivo_web
ex.854,o.332,Undirected,curador,curador,2018,1,archivo_web
ex.854,n.38,Undirected,apoyo,apoyo,2018,1,archivo_web
ex.855,n.39,Undirected,artista,artista,2019,1,archivo_web
ex.855,n.40,Undirected,artista,artista,2019,1,archivo_web
ex.855,n.41,Undirected,artista,artista,2019,1,archivo_web
ex.855,n.42,Undirected,curador,curador,2019,1,archivo_web
ex.855,n.43,Undirected,curador,curador,2019,1,archivo_web
ex.855,n.44,Undirected,curador,curador,2019,1,archivo_web
ex.856,n.45,Undirected,artista,artista,2019,1,archivo_web
ex.856,o.95,Undirected,apoyo,apoyo,2019,1,archivo_web
ex.857,n.22,Undirected,artista,artista,2019,1,archivo_web
ex.857,p.2790,Undirected,artista,artista,2019,1,archivo_web
ex.857,p.2708,Undirected,curador,curador,2019,1,archivo_web
ex.857,n.46,Undirected,curador,curador,2019,1,archivo_web
ex.857,o.302,Undirected,apoyo,apoyo,2019,1,archivo_web
ex.858,p.2713,Undirected,artista,artista,2019,1,archivo_web
ex.858,n.47,Undirected,artista,artista,2019,1,archivo_web
ex.858,o.302,Undirected,apoyo,apoyo,2019,1,archivo_web
ex.859,p.2829,Undirected,artista,artista,2019,1,archivo_web
ex.859,n.48,Undirected,curador,curador,2019,1,archivo_web
ex.860,p.2721,Undirected,artista,artista,2019,1,archivo_web
ex.860,p.2787,Undirected,artista,artista,2019,1,archivo_web
ex.860,n.49,Undirected,apoyo,apoyo,2019,1,archivo_web
ex.861,o.173,Undirected,apoyo,apoyo,2019,1,archivo_web
ex.861,o.308,Undirected,apoyo,apoyo,2019,1,archivo_web
ex.862,n.50,Undirected,apoyo,apoyo,2019,1,archivo_web
ex.863,n.51,Undirected,artista,artista,2019,1,archivo_web
ex.863,o.95,Undirected,apoyo,apoyo,2019,1,archivo_web
ex.865,p.2687,Undirected,artista,artista,2019,1,archivo_web
ex.865,n.52,Undirected,curador,curador,2019,1,archivo_web
ex.865,o.95,Undirected,apoyo,apoyo,2019,1,archivo_web
ex.866,p.44,Undirected,artista,artista,2020,1,archivo_web
ex.866,p.3219,Undirected,curador,curador,2020,1,archivo_web
ex.867,n.53,Undirected,artista,artista,2020,1,archivo_web
ex.867,n.54,Undirected,apoyo,apoyo,2020,1,archivo_web
ex.867,n.55,Undirected,apoyo,apoyo,2020,1,archivo_web
ex.867,n.56,Undirected,apoyo,apoyo,2020,1,archivo_web
ex.868,n.57,Undirected,artista,artista,2020,1,archivo_web
ex.868,n.58,Undirected,artista,artista,2020,1,archivo_web
ex.868,n.59,Undirected,artista,artista,2020,1,archivo_web
ex.868,n.60,Undirected,artista,artista,2020,1,archivo_web
ex.868,n.61,Undirected,artista,artista,2020,1,archivo_web
ex.868,n.62,Undirected,artista,artista,2020,1,archivo_web
ex.868,n.63,Undirected,artista,artista,2020,1,archivo_web
ex.868,n.64,Undirected,artista,artista,2020,1,archivo_web
ex.868,n.65,Undirected,artista,artista,2020,1,archivo_web
ex.868,n.66,Undirected,artista,artista,2020,1,archivo_web
ex.868,n.67,Undirected,artista,artista,2020,1,archivo_web
ex.868,n.68,Undirected,artista,artista,2020,1,archivo_web
ex.868,n.69,Undirected,artista,artista,2020,1,archivo_web
ex.868,n.70,Undirected,artista,artista,2020,1,archivo_web
ex.868,n.71,Undirected,artista,artista,2020,1,archivo_web
ex.868,n.72,Undirected,artista,artista,2020,1,archivo_web
ex.868,n.73,Undirected,artista,artista,2020,1,archivo_web
ex.868,n.74,Undirected,artista,artista,2020,1,archivo_web
ex.868,n.75,Undirected,artista,artista,2020,1,archivo_web
ex.868,n.76,Undirected,apoyo,apoyo,2020,1,archivo_web
ex.869,n.77,Undirected,curador,curador,2020,1,archivo_web
ex.872,n.78,Undirected,apoyo,apoyo,2020,1,archivo_web
ex.872,n.79,Undirected,apoyo,apoyo,2020,1,archivo_web
ex.873,n.80,Undirected,artista,artista,2020,1,archivo_web
ex.874,n.81,Undirected,artista,artista,2020,1,archivo_web
ex.875,n.82,Undirected,artista,artista,2020,1,archivo_web
ex.875,n.83,Undirected,curador,curador,2020,1,archivo_web
ex.875,o.95,Undirected,apoyo,apoyo,2020,1,archivo_web
ex.877,n.38,Undirected,apoyo,apoyo,2020,1,archivo_web
ex.878,n.84,Undirected,artista,artista,2020,1,archivo_web
ex.879,n.85,Undirected,artista,artista,2021,1,archivo_web
ex.879,o.302,Undirected,apoyo,apoyo,2021,1,archivo_web
ex.880,o.207,Undirected,apoyo,apoyo,,1,archivo_web
ex.880,o.240,Undirected,apoyo,apoyo,,1,archivo_web
ex.880,n.86,Undirected,apoyo,apoyo,,1,archivo_web
ex.881,p.2258,Undirected,artista,artista,2021,1,archivo_web
ex.881,n.87,Undirected,artista,artista,2021,1,archivo_web
ex.881,n.88,Undirected,artista,artista,2021,1,archivo_web
ex.881,p.435,Undirected,artista,artista,2021,1,archivo_web
ex.881,n.89,Undirected,artista,artista,2021,1,archivo_web
ex.881,n.90,Undirected,artista,artista,2021,1,archivo_web
ex.881,n.46,Undirected,artista,artista,2021,1,archivo_web
ex.881,p.2630,Undirected,artista,artista,2021,1,archivo_web
ex.881,n.21,Undirected,artista,artista,2021,1,archivo_web
ex.881,n.91,Undirected,artista,artista,2021,1,archivo_web
ex.881,p.2218,Undirected,artista,artista,2021,1,archivo_web
ex.881,p.3153,Undirected,curador,curador,2021,1,archivo_web
ex.882,n.92,Undirected,artista,artista,2021,1,archivo_web
ex.882,n.93,Undirected,apoyo,apoyo,2021,1,archivo_web
ex.884,p.714,Undirected,artista,artista,2021,1,archivo_web
ex.885,p.1212,Undirected,artista,artista,2021,1,archivo_web
ex.885,n.94,Undirected,curador,curador,2021,1,archivo_web
ex.885,n.95,Undirected,curador,curador,2021,1,archivo_web
ex.885,n.96,Undirected,curador,curador,2021,1,archivo_web
ex.886,n.46,Undirected,artista,artista,2021,1,archivo_web
ex.886,n.97,Undirected,artista,artista,2021,1,archivo_web
ex.886,n.98,Undirected,artista,artista,2021,1,archivo_web
ex.886,n.99,Undirected,curador,curador,2021,1,archivo_web
ex.886,n.100,Undirected,curador,curador,2021,1,archivo_web
ex.886,n.101,Undirected,apoyo,apoyo,2021,1,archivo_web
ex.886,o.318,Undirected,apoyo,apoyo,2021,1,archivo_web
ex.887,p.859,Undirected,artista,artista,,1,archivo_web
ex.887,n.102,Undirected,artista,artista,,1,archivo_web
ex.890,p.3018,Undirected,artista,artista,2022,1,archivo_web
ex.891,n.93,Undirected,apoyo,apoyo,2022,1,archivo_web
ex.892,o.308,Undirected,apoyo,apoyo,2022,1,archivo_web
ex.895,o.69,Undirected,apoyo,apoyo,2022,1,archivo_web
ex.896,n.103,Undirected,artista,artista,2018,1,archivo_web
ex.896,n.104,Undirected,curador,curador,2018,1,archivo_web
ex.896,o.302,Undirected,apoyo,apoyo,2018,1,archivo_web
ex.897,p.2587,Undirected,artista,artista,2022,1,archivo_web
ex.897,p.3243,Undirected,curador,curador,2022,1,archivo_web
ex.897,n.29,Undirected,apoyo,apoyo,2022,1,archivo_web
ex.897,n.105,Undirected,apoyo,apoyo,2022,1,archivo_web
ex.898,n.106,Undirected,artista,artista,2022,1,archivo_web
ex.898,n.107,Undirected,artista,artista,2022,1,archivo_web
ex.898,p.2587,Undirected,artista,artista,2022,1,archivo_web
ex.898,n.108,Undirected,artista,artista,2022,1,archivo_web
ex.898,n.109,Undirected,artista,artista,2022,1,archivo_web
ex.898,p.1969,Undirected,artista,artista,2022,1,archivo_web
ex.898,n.110,Undirected,artista,artista,2022,1,archivo_web
ex.898,n.111,Undirected,artista,artista,2022,1,archivo_web
ex.898,n.112,Undirected,artista,artista,2022,1,archivo_web
ex.898,n.113,Undirected,artista,artista,2022,1,archivo_web
ex.898,n.114,Undirected,artista,artista,2022,1,archivo_web
ex.898,n.115,Undirected,artista,artista,2022,1,archivo_web
ex.898,n.116,Undirected,artista,artista,2022,1,archivo_web
ex.898,n.117,Undirected,artista,artista,2022,1,archivo_web
ex.898,n.118,Undirected,artista,artista,2022,1,archivo_web
ex.898,n.119,Undirected,artista,artista,2022,1,archivo_web
ex.898,n.88,Undirected,artista,artista,2022,1,archivo_web
ex.898,n.120,Undirected,artista,artista,2022,1,archivo_web
ex.898,n.121,Undirected,artista,artista,2022,1,archivo_web
ex.898,p.166,Undirected,artista,artista,2022,1,archivo_web
ex.898,n.122,Undirected,artista,artista,2022,1,archivo_web
ex.898,n.123,Undirected,artista,artista,2022,1,archivo_web
ex.898,n.124,Undirected,artista,artista,2022,1,archivo_web
ex.898,n.125,Undirected,artista,artista,2022,1,archivo_web
ex.898,n.126,Undirected,artista,artista,2022,1,archivo_web
ex.898,n.127,Undirected,artista,artista,2022,1,archivo_web
ex.898,n.128,Undirected,artista,artista,2022,1,archivo_web
ex.898,n.129,Undirected,artista,artista,2022,1,archivo_web
ex.898,p.327,Undirected,artista,artista,2022,1,archivo_web
ex.900,p.166,Undirected,artista,artista,2023,1,archivo_web
ex.901,n.130,Undirected,apoyo,apoyo,,1,archivo_web
ex.901,n.131,Undirected,apoyo,apoyo,,1,archivo_web
ex.901,n.132,Undirected,apoyo,apoyo,,1,archivo_web
ex.902,o.69,Undirected,apoyo,apoyo,2023,1,archivo_web
ex.903,n.133,Undirected,artista,artista,2023,1,archivo_web
ex.904,n.134,Undirected,apoyo,apoyo,2023,1,archivo_web
ex.905,n.135,Undirected,artista,artista,2023,1,archivo_web
ex.905,n.136,Undirected,apoyo,apoyo,2023,1,archivo_web
ex.910,n.137,Undirected,artista,artista,2024,1,archivo_web
ex.910,n.138,Undirected,curador,curador,2024,1,archivo_web
ex.910,n.139,Undirected,apoyo,apoyo,2024,1,archivo_web
ex.911,n.140,Undirected,curador,curador,2024,1,archivo_web
ex.911,n.141,Undirected,apoyo,apoyo,2024,1,archivo_web
ex.912,n.142,Undirected,curador,curador,2024,1,archivo_web
ex.912,n.35,Undirected,curador,curador,2024,1,archivo_web
ex.912,n.143,Undirected,apoyo,apoyo,2024,1,archivo_web
ex.912,n.144,Undirected,apoyo,apoyo,2024,1,archivo_web
ex.912,n.145,Undirected,apoyo,apoyo,2024,1,archivo_web
ex.914,n.146,Undirected,artista,artista,2024,1,archivo_web
ex.915,n.147,Undirected,artista,artista,2025,1,web_actual_2026
ex.915,n.148,Undirected,curador,curador,2025,1,web_actual_2026
ex.917,n.149,Undirected,artista,artista,2026,1,web_actual_2026
ex.917,p.3223,Undirected,curador,curador,2026,1,web_actual_2026
ex.918,n.150,Undirected,artista,artista,2019,1,archivo_web
ex.920,p.3134,Undirected,artista,artista,,1,archivo_web
ex.921,p.112,Undirected,artista,artista,,1,archivo_web
ex.922,o.72,Undirected,apoyo,apoyo,,1,archivo_web
ex.923,p.3065,Undirected,artista,artista,,1,archivo_web
ex.926,n.54,Undirected,apoyo,apoyo,2020,1,archivo_web
ex.928,p.2621,Undirected,artista,artista,2017,1,piezas_cactus
ex.928,p.3219,Undirected,curador,curador,2017,1,piezas_cactus
ex.928,o.308,Undirected,apoyo,apoyo,2017,1,piezas_cactus
ex.929,n.151,Undirected,artista,artista,2017,1,piezas_cactus
ex.929,n.152,Undirected,apoyo,apoyo,2017,1,piezas_cactus
ex.930,p.110,Undirected,artista,artista,2017,1,piezas_cactus
ex.932,n.153,Undirected,artista,artista,2018,1,piezas_cactus
