Id,Label,tipo,clase,ano,decada,sede,espacio,roles,n_expos,fuente,modalidad
ex.1,Cuadros y motivos místicos de los Siglos XIII y XIX,exposicion,exposicion,1956,1950,Casona San Antonio,Casona San Antonio,,,MLT_DB_07_2016,n/d
ex.2,"Reproducciones Francesas, impresionistas y modernas",exposicion,exposicion,1956,1950,Casona San Antonio,Casona San Antonio,,,MLT_DB_07_2016,n/d
ex.3,I Galería de Pintores Colombianos Residentes en el Valle del Cauca,exposicion,exposicion,1956,1950,Casona San Antonio,Casona San Antonio,,,MLT_DB_07_2016,colectiva
ex.4,Obras de Alejandro Obregón,exposicion,exposicion,1956,1950,Casona San Antonio,Casona San Antonio,,,MLT_DB_07_2016,individual
ex.5,Exposición de fotografía,exposicion,exposicion,1956,1950,Casona San Antonio,Casona San Antonio,,,MLT_DB_07_2016,n/d
ex.6,Exposición de Lucy Tejada 1956,exposicion,exposicion,1956,1950,Casona San Antonio,Casona San Antonio,,,MLT_DB_07_2016,individual
ex.7,Temas de Boca-Grande,exposicion,exposicion,1956,1950,Casona San Antonio,Casona San Antonio,,,MLT_DB_07_2016,individual
ex.8,Óleos y témperas de Alejandro Obregón,exposicion,exposicion,1956,1950,Casona San Antonio,Casona San Antonio,,,MLT_DB_07_2016,individual
ex.9,Exposición de caricatura,exposicion,exposicion,1956,1950,Casona San Antonio,Casona San Antonio,,,MLT_DB_07_2016,n/d
ex.10,Yesid Montaña,exposicion,exposicion,1956,1950,Casona San Antonio,Casona San Antonio,,,MLT_DB_07_2016,individual
ex.11,Acuarelas de Hernando Tejada y María Teresa de Patiño,exposicion,exposicion,1956,1950,Casona San Antonio,Casona San Antonio,,,MLT_DB_07_2016,colectiva
ex.12,Jorge Elías Triana,exposicion,exposicion,1956,1950,Casona San Antonio,Casona San Antonio,,,MLT_DB_07_2016,individual
ex.13,Carlos Correa,exposicion,exposicion,1957,1950,Casona San Antonio,Casona San Antonio,,,MLT_DB_07_2016,individual
ex.17,Exposición de Mireya Zawadzky,exposicion,exposicion,1957,1950,Casona San Antonio,Casona San Antonio,,,MLT_DB_07_2016,individual
ex.14,Pintura al Óleo del artista español José María Vidal,exposicion,exposicion,1957,1950,Casona San Antonio,Casona San Antonio,,,MLT_DB_07_2016,individual
ex.15,Exposición de vitrales de Mona Mondineu,exposicion,exposicion,1957,1950,Casona San Antonio,Casona San Antonio,,,MLT_DB_07_2016,individual
ex.16,Jornadas de Mayo,exposicion,exposicion,1957,1950,Casona San Antonio,Casona San Antonio,,,MLT_DB_07_2016,colectiva
ex.18,Pintura abstracta de Carlos Rojas,exposicion,exposicion,1957,1950,Casona San Antonio,Casona San Antonio,,,MLT_DB_07_2016,individual
ex.19,Pinturas de Ómar Rayo,exposicion,exposicion,1957,1950,Casona San Antonio,Casona San Antonio,,,MLT_DB_07_2016,individual
ex.20,Acuarelas de Dicken Castro y cerámica Lucy Tejada,exposicion,exposicion,1957,1950,Casona San Antonio,Casona San Antonio,,,MLT_DB_07_2016,colectiva
ex.21,José de Rokha,exposicion,exposicion,1958,1950,Casona San Antonio,Casona San Antonio,,,MLT_DB_07_2016,individual
ex.22,Exposición de fotografía vallecaucana,exposicion,exposicion,1958,1950,Casona San Antonio,Casona San Antonio,,,MLT_DB_07_2016,n/d
ex.23,"Exposición de pinturas de Pedro Gross (el mago ""gross"")",exposicion,exposicion,1958,1950,Casona San Antonio,Casona San Antonio,,,MLT_DB_07_2016,individual
ex.24,José Luis de Figueroa,exposicion,exposicion,1958,1950,Casona San Antonio,Casona San Antonio,,,MLT_DB_07_2016,individual
ex.25,Aníbal Gil,exposicion,exposicion,1958,1950,Casona San Antonio,Casona San Antonio,,,MLT_DB_07_2016,individual
ex.26,Exposición de prensa estudiantil,exposicion,exposicion,1958,1950,Casona San Antonio,Casona San Antonio,,,MLT_DB_07_2016,n/d
ex.27,Exposición de acuarela chilena,exposicion,exposicion,1958,1950,Casona San Antonio,Casona San Antonio,,,MLT_DB_07_2016,n/d
ex.28,Carlos Ruiz,exposicion,exposicion,1958,1950,Casona San Antonio,Casona San Antonio,,,MLT_DB_07_2016,individual
ex.29,Exposición de dibujo infantil,exposicion,exposicion,1958,1950,Casona San Antonio,Casona San Antonio,,,MLT_DB_07_2016,n/d
ex.30,Exposición de carteles comerciales,exposicion,exposicion,1958,1950,Casona San Antonio,Casona San Antonio,,,MLT_DB_07_2016,n/d
ex.31,Lucy Tejada y María Thereza Negreiros,exposicion,exposicion,1958,1950,Casona San Antonio,Casona San Antonio,,,MLT_DB_07_2016,colectiva
ex.32,Apuntes de Viaje,exposicion,exposicion,1959,1950,Casona San Antonio,Casona San Antonio,,,MLT_DB_07_2016,individual
ex.33,Jaime López Correa,exposicion,exposicion,1959,1950,Casona San Antonio,Casona San Antonio,,,MLT_DB_07_2016,individual
ex.34,Exposición de libros y caricaturas españolas,exposicion,exposicion,1959,1950,Casona San Antonio,Casona San Antonio,,,MLT_DB_07_2016,n/d
ex.35,Leandro Velasco,exposicion,exposicion,1959,1950,Casona San Antonio,Casona San Antonio,,,MLT_DB_07_2016,individual
ex.36,Arboleda,exposicion,exposicion,1959,1950,Casona San Antonio,Casona San Antonio,,,MLT_DB_07_2016,individual
ex.37,Exposición de carteles cinematográficos,exposicion,exposicion,1959,1950,Casona San Antonio,Casona San Antonio,,,MLT_DB_07_2016,n/d
ex.38,Alberto Gutiérrez,exposicion,exposicion,1960,1960,Casona San Antonio,Casona San Antonio,,,MLT_DB_07_2016,individual
ex.39,Exposición de Acuarelas,exposicion,exposicion,1960,1960,Casona San Antonio,Casona San Antonio,,,MLT_DB_07_2016,individual
ex.40,16 pinturas de Juan Antonio Roda,exposicion,exposicion,1960,1960,Casona San Antonio,Casona San Antonio,,,MLT_DB_07_2016,individual
ex.41,David Manzur,exposicion,exposicion,1960,1960,Casona San Antonio,Casona San Antonio,,,MLT_DB_07_2016,individual
ex.50,Exposición Colectiva de Pintura,exposicion,exposicion,1960,1960,Casona San Antonio,Casona San Antonio,,,MLT_DB_07_2016,colectiva
ex.42,A. Rivera G.,exposicion,exposicion,1960,1960,Casona San Antonio,Casona San Antonio,,,MLT_DB_07_2016,individual
ex.43,Oleos recientes de Marielle Muheim,exposicion,exposicion,1960,1960,Casona San Antonio,Casona San Antonio,,,MLT_DB_07_2016,individual
ex.44,Hernando Tejada,exposicion,exposicion,1960,1960,Casona San Antonio,Casona San Antonio,,,MLT_DB_07_2016,individual
ex.45,Jan Palmer y S. Crawford,exposicion,exposicion,1960,1960,Casona San Antonio,Casona San Antonio,,,MLT_DB_07_2016,colectiva
ex.46,Sessano,exposicion,exposicion,1960,1960,Casona San Antonio,Casona San Antonio,,,MLT_DB_07_2016,individual
ex.47,Samuel Montealegre dibujos,exposicion,exposicion,1960,1960,Casona San Antonio,Casona San Antonio,,,MLT_DB_07_2016,individual
ex.48,Leandro Velasco,exposicion,exposicion,1960,1960,Casona San Antonio,Casona San Antonio,,,MLT_DB_07_2016,individual
ex.49,Elio Berhanyer,exposicion,exposicion,1960,1960,Casona San Antonio,Casona San Antonio,,,MLT_DB_07_2016,individual
ex.51,Óleos,exposicion,exposicion,1961,1960,Casona San Antonio,Casona San Antonio,,,MLT_DB_07_2016,individual
ex.52,Exposición infantil intercolegial,exposicion,exposicion,1961,1960,Casona San Antonio,Casona San Antonio,,,MLT_DB_07_2016,n/d
ex.53,Pinturas y anti-pinturas,exposicion,exposicion,1961,1960,Casona San Antonio,Casona San Antonio,,,MLT_DB_07_2016,individual
ex.54,Exposición de Grabados,exposicion,exposicion,1961,1960,Casona San Antonio,Casona San Antonio,,,MLT_DB_07_2016,individual
ex.55,Pinturas de Fanny Buitrago,exposicion,exposicion,1961,1960,Casona San Antonio,Casona San Antonio,,,MLT_DB_07_2016,individual
ex.56,Mi viaje a Israel,exposicion,exposicion,1961,1960,Casona San Antonio,Casona San Antonio,,,MLT_DB_07_2016,individual
ex.57,Alejandro Obregón y Julio Abril,exposicion,exposicion,1961,1960,Casona San Antonio,Casona San Antonio,,,MLT_DB_07_2016,colectiva
ex.58,Emma Reyes,exposicion,exposicion,1961,1960,Casona San Antonio,Casona San Antonio,,,MLT_DB_07_2016,individual
ex.59,Herrán - Pinturas,exposicion,exposicion,1961,1960,Casona San Antonio,Casona San Antonio,,,MLT_DB_07_2016,individual
ex.60,Exposición de dibujo de los alienados de San Isidro,exposicion,exposicion,1961,1960,Casona San Antonio,Casona San Antonio,,,MLT_DB_07_2016,n/d
ex.61,Pinturas 1961,exposicion,exposicion,1961,1960,Casona San Antonio,Casona San Antonio,,,MLT_DB_07_2016,individual
ex.62,Leandro Velasco,exposicion,exposicion,1961,1960,Casona San Antonio,Casona San Antonio,,,MLT_DB_07_2016,individual
ex.63,"Arboleda, Martínez, Eggen",exposicion,exposicion,1961,1960,Casona San Antonio,Casona San Antonio,,,MLT_DB_07_2016,colectiva
ex.64,Exposición de Renée Alis,exposicion,exposicion,1962,1960,Casona San Antonio,Casona San Antonio,,,MLT_DB_07_2016,individual
ex.65,Exposición de pinturas de Gerardo Negret,exposicion,exposicion,1962,1960,Casona San Antonio,Casona San Antonio,,,MLT_DB_07_2016,individual
ex.71,Gerardo Negret,exposicion,exposicion,1962,1960,Casona San Antonio,Casona San Antonio,,,MLT_DB_07_2016,individual
ex.66,Pinturas de Armando Villegas y Cerámicas de Alicia Tafur,exposicion,exposicion,1962,1960,Casona San Antonio,Casona San Antonio,,,MLT_DB_07_2016,colectiva
ex.67,Óscar Pantoja,exposicion,exposicion,1962,1960,Casona San Antonio,Casona San Antonio,,,MLT_DB_07_2016,individual
ex.68,Exposición de pintura Iiformalista española,exposicion,exposicion,1962,1960,Casona San Antonio,Casona San Antonio,,,MLT_DB_07_2016,n/d
ex.69,Exposición de pintura colombiana,exposicion,exposicion,1962,1960,Casona San Antonio,Casona San Antonio,,,MLT_DB_07_2016,n/d
ex.70,Alberto Gutiérrez,exposicion,exposicion,1962,1960,Casona San Antonio,Casona San Antonio,,,MLT_DB_07_2016,individual
ex.72,Lucy Tejada y Jan Bartelsman,exposicion,exposicion,1962,1960,Casona San Antonio,Casona San Antonio,,,MLT_DB_07_2016,colectiva
ex.73,Exposición de carteles,exposicion,exposicion,1963,1960,Casona San Antonio,Casona San Antonio,,,MLT_DB_07_2016,n/d
ex.74,Jan Bartelsman,exposicion,exposicion,1963,1960,Casona San Antonio,Casona San Antonio,,,MLT_DB_07_2016,individual
ex.75,Herrán - Pinturas,exposicion,exposicion,1963,1960,Casona San Antonio,Casona San Antonio,,,MLT_DB_07_2016,individual
ex.76,Exposición-homenaje de Gerardo Negret 1963,exposicion,exposicion,1963,1960,Casona San Antonio,Casona San Antonio,,,MLT_DB_07_2016,individual
ex.77,XV Salón de Artistas Colombianos,exposicion,exposicion,1963,1960,Casona San Antonio,Casona San Antonio,,,MLT_DB_07_2016,colectiva
ex.78,Pintura Moderna Ecuatoriana,exposicion,exposicion,1964,1960,Casona San Antonio,Casona San Antonio,,,MLT_DB_07_2016,colectiva
ex.79,Exposición comparativa de afiches y estadísticas,exposicion,exposicion,1964,1960,Casona San Antonio,Casona San Antonio,,,MLT_DB_07_2016,n/d
ex.80,Génesis,exposicion,exposicion,1964,1960,Casona San Antonio,Casona San Antonio,,,MLT_DB_07_2016,individual
ex.81,Exposición Lemaitre sobre el tema del caballero,exposicion,exposicion,1964,1960,Casona San Antonio,Casona San Antonio,,,MLT_DB_07_2016,colectiva
ex.82,Alcántara,exposicion,exposicion,1964,1960,Casona San Antonio,Casona San Antonio,,,MLT_DB_07_2016,individual
ex.83,José Mina,exposicion,exposicion,1964,1960,Casona San Antonio,Casona San Antonio,,,MLT_DB_07_2016,individual
ex.84,IV Festival Nacional de Arte,exposicion,exposicion,1964,1960,Casona San Antonio,Casona San Antonio,,,MLT_DB_07_2016,colectiva
ex.85,Óscar Pantoja,exposicion,exposicion,1964,1960,Casona San Antonio,Casona San Antonio,,,MLT_DB_07_2016,individual
ex.86,Nirma Zárate,exposicion,exposicion,1964,1960,Casona San Antonio,Casona San Antonio,,,MLT_DB_07_2016,individual
ex.87,Lucy Tejada,exposicion,exposicion,1964,1960,Casona San Antonio,Casona San Antonio,,,MLT_DB_07_2016,individual
ex.88,María Luisa Andino,exposicion,exposicion,1964,1960,Casona San Antonio,Casona San Antonio,,,MLT_DB_07_2016,individual
ex.89,Jan Bartelsman y Alberto Gutiérrez,exposicion,exposicion,1964,1960,Casona San Antonio,Casona San Antonio,,,MLT_DB_07_2016,colectiva
ex.90,Enrique Grau,exposicion,exposicion,1965,1960,Casona San Antonio,Casona San Antonio,,,MLT_DB_07_2016,individual
ex.91,Augusto Rivera,exposicion,exposicion,1965,1960,Casona San Antonio,Casona San Antonio,,,MLT_DB_07_2016,individual
ex.92,Hernando Tejada,exposicion,exposicion,1965,1960,Casona San Antonio,Casona San Antonio,,,MLT_DB_07_2016,individual
ex.93,Alejandro Obregón,exposicion,exposicion,1965,1960,Casona San Antonio,Casona San Antonio,,,MLT_DB_07_2016,individual
ex.94,Angelino Osvaldo Lauvivi,exposicion,exposicion,1965,1960,Casona San Antonio,Casona San Antonio,,,MLT_DB_07_2016,individual
ex.95,Lucy Tejada,exposicion,exposicion,1965,1960,Casona San Antonio,Casona San Antonio,,,MLT_DB_07_2016,individual
ex.96,Jan Bartelsman,exposicion,exposicion,1965,1960,Casona San Antonio,Casona San Antonio,,,MLT_DB_07_2016,individual
ex.97,Beatriz González,exposicion,exposicion,1965,1960,Casona San Antonio,Casona San Antonio,,,MLT_DB_07_2016,individual
ex.98,Pedro Alcántara,exposicion,exposicion,1965,1960,Casona San Antonio,Casona San Antonio,,,MLT_DB_07_2016,individual
ex.99,Exposición de joyas y esmaltes bolivianos y piedras del Lago Titicaca,exposicion,exposicion,1965,1960,Casona San Antonio,Casona San Antonio,,,MLT_DB_07_2016,n/d
ex.100,Exposición sobre el libro francés,exposicion,exposicion,1966,1960,Casona San Antonio,Casona San Antonio,,,MLT_DB_07_2016,n/d
ex.101,Sofía Urrutia y Graciela Samper de Bermudez,exposicion,exposicion,1966,1960,Casona San Antonio,Casona San Antonio,,,MLT_DB_07_2016,colectiva
ex.102,Antonio Grass Óleo,exposicion,exposicion,1966,1960,Casona San Antonio,Casona San Antonio,,,MLT_DB_07_2016,individual
ex.103,Lamiel,exposicion,exposicion,1966,1960,Casona San Antonio,Casona San Antonio,,,MLT_DB_07_2016,individual
ex.104,Jaime Mendoza,exposicion,exposicion,1966,1960,Casona San Antonio,Casona San Antonio,,,MLT_DB_07_2016,individual
ex.105,Ómar Rayo,exposicion,exposicion,1966,1960,Casona San Antonio,Casona San Antonio,,,MLT_DB_07_2016,individual
ex.106,Gerardo Ravassa,exposicion,exposicion,1966,1960,Casona San Antonio,Casona San Antonio,,,MLT_DB_07_2016,individual
ex.107,Exposición de pintura infantil,exposicion,exposicion,1966,1960,Casona San Antonio,Casona San Antonio,,,MLT_DB_07_2016,n/d
ex.108,Jan Bartelsman,exposicion,exposicion,1966,1960,Casona San Antonio,Casona San Antonio,,,MLT_DB_07_2016,individual
ex.109,Enrique Grau,exposicion,exposicion,1966,1960,Casona San Antonio,Casona San Antonio,,,MLT_DB_07_2016,individual
ex.110,Mario Abreu,exposicion,exposicion,1966,1960,Casona San Antonio,Casona San Antonio,,,MLT_DB_07_2016,individual
ex.111,Exposición de artesanía,exposicion,exposicion,1966,1960,Casona San Antonio,Casona San Antonio,,,MLT_DB_07_2016,n/d
ex.112,Aurora Brown,exposicion,exposicion,1966,1960,Casona San Antonio,Casona San Antonio,,,MLT_DB_07_2016,individual
ex.113,Maria Thereza Negreiros,exposicion,exposicion,1967,1960,Casona San Antonio,Casona San Antonio,,,MLT_DB_07_2016,individual
ex.114,Lucy Tejada,exposicion,exposicion,1967,1960,Casona San Antonio,Casona San Antonio,,,MLT_DB_07_2016,individual
ex.115,Nereo López,exposicion,exposicion,1967,1960,Casona San Antonio,Casona San Antonio,,,MLT_DB_07_2016,individual
ex.116,Alejandro Obregón,exposicion,exposicion,1967,1960,Casona San Antonio,Casona San Antonio,,,MLT_DB_07_2016,individual
ex.117,Luis Caballero,exposicion,exposicion,1967,1960,Casona San Antonio,Casona San Antonio,,,MLT_DB_07_2016,individual
ex.118,Jan Bartelsman,exposicion,exposicion,1967,1960,Casona San Antonio,Casona San Antonio,,,MLT_DB_07_2016,individual
ex.825,Alberto Cogno,exposicion,exposicion,1967,1960,,,,,MLT_DB_07_2016,individual
ex.125,Irma Constanzo,exposicion,exposicion,1967,1960,,,,,MLT_DB_07_2016,individual
ex.119,Manzur,exposicion,exposicion,1967,1960,Casona San Antonio,Casona San Antonio,,,MLT_DB_07_2016,individual
ex.120,Exposición de artesanía,exposicion,exposicion,1967,1960,Casona San Antonio,Casona San Antonio,,,MLT_DB_07_2016,colectiva
ex.121,Isabel Cuervo Casabianca,exposicion,exposicion,1967,1960,Casona San Antonio,Casona San Antonio,,,MLT_DB_07_2016,individual
ex.122,Mario Gordillo,exposicion,exposicion,1968,1960,Casona San Antonio,Casona San Antonio,,,MLT_DB_07_2016,individual
ex.123,Exposición de alumnas de la Academia Martenot,exposicion,exposicion,1968,1960,Charco del Burro,Sala única,,,MLT_DB_07_2016,n/d
ex.124,VIII Festival Nacional de Arte - I Salón Austral y Colombiano de Pintura,exposicion,exposicion,1968,1960,Charco del Burro,Sala única,,,MLT_DB_07_2016,colectiva
ex.126,Santiago Cárdenas,exposicion,exposicion,1968,1960,Charco del Burro,Sala única,,,MLT_DB_07_2016,individual
ex.127,León Ricaurte,exposicion,exposicion,1968,1960,Charco del Burro,Sala única,,,MLT_DB_07_2016,individual
ex.128,Arte Virreinal Americano,exposicion,exposicion,1968,1960,Charco del Burro,Sala única,,,MLT_DB_07_2016,colectiva
ex.129,Exposición de artesanía,exposicion,exposicion,1968,1960,Charco del Burro,Sala única,,,MLT_DB_07_2016,n/d
ex.130,Pintura y Grabado Hoy en Venezuela,exposicion,exposicion,1968,1960,Charco del Burro,Sala única,,,MLT_DB_07_2016,colectiva
ex.131,María Teresa Vieco,exposicion,exposicion,1969,1960,Charco del Burro,Sala única,,,MLT_DB_07_2016,individual
ex.132,Édgar Negret,exposicion,exposicion,1969,1960,Charco del Burro,Sala única,,,MLT_DB_07_2016,individual
ex.133,Lucy Tejada,exposicion,exposicion,1969,1960,Charco del Burro,Sala única,,,MLT_DB_07_2016,individual
ex.134,Exposición de Álvaro Barrios,exposicion,exposicion,1969,1960,Charco del Burro,Sala única,,,MLT_DB_07_2016,individual
ex.135,Gianfranco Galante,exposicion,exposicion,1969,1960,Charco del Burro,Sala única,,,MLT_DB_07_2016,individual
ex.136,Rogelio Polesello y Lya Kaufman,exposicion,exposicion,1969,1960,Charco del Burro,Sala única,,,MLT_DB_07_2016,colectiva
ex.137,Enrique Grau,exposicion,exposicion,1969,1960,Charco del Burro,Sala única,,,MLT_DB_07_2016,individual
ex.138,XX Salón de Artistas Nacionales,exposicion,exposicion,1969,1960,Charco del Burro,Sala única,,,MLT_DB_07_2016,colectiva
ex.139,Exposición de arte gráfico alemán contemporáneo,exposicion,exposicion,1969,1960,Charco del Burro,Sala única,,,MLT_DB_07_2016,colectiva
ex.140,José Mina,exposicion,exposicion,1969,1960,Charco del Burro,Sala única,,,MLT_DB_07_2016,individual
ex.142,IX Festival de Arte - Salón de Las Américas de Dibujo y Grabado,exposicion,exposicion,1969,1960,Charco del Burro,Sala única,,,MLT_DB_07_2016,colectiva
ex.141,IX Festival de Arte - Salón de Las Américas de Pintura,exposicion,exposicion,1969,1960,Charco del Burro,Sala única,,,MLT_DB_07_2016,colectiva
ex.143,Muestra de pintura infantil,exposicion,exposicion,1969,1960,Charco del Burro,Sala única,,,MLT_DB_07_2016,n/d
ex.144,Jan Bartelsman,exposicion,exposicion,1969,1960,Charco del Burro,Sala única,,,MLT_DB_07_2016,individual
ex.145,Exposición de grabado mexicano,exposicion,exposicion,1969,1960,Charco del Burro,Sala única,,,MLT_DB_07_2016,n/d
ex.146,Eduardo McEntyre,exposicion,exposicion,1969,1960,Charco del Burro,Sala única,,,MLT_DB_07_2016,individual
ex.147,Gustavo Espinosa,exposicion,exposicion,1970,1970,Charco del Burro,Sala única,,,MLT_DB_07_2016,individual
ex.148,Feliza Burztyn,exposicion,exposicion,1970,1970,Charco del Burro,Sala única,,,MLT_DB_07_2016,individual
ex.826,Francisco Todó,exposicion,exposicion,1970,1970,,,,,MLT_DB_07_2016,individual
ex.149,Enrique Tábara,exposicion,exposicion,1970,1970,Charco del Burro,Sala única,,,MLT_DB_07_2016,individual
ex.150,Pedro Alcántara,exposicion,exposicion,1970,1970,Charco del Burro,Sala única,,,MLT_DB_07_2016,individual
ex.151,El Hombre y sus Pensamientos a través del Arte,exposicion,exposicion,1970,1970,Charco del Burro,Sala única,,,MLT_DB_07_2016,colectiva
ex.152,David Manzur y Augusto Rivera,exposicion,exposicion,1970,1970,Charco del Burro,Sala única,,,MLT_DB_07_2016,colectiva
ex.153,Símbolos,exposicion,exposicion,1970,1970,Charco del Burro,Sala única,,,MLT_DB_07_2016,individual
ex.154,XX Festival de Arte - Exposición Panamericana de Artes Gráficas y Plásticas,exposicion,exposicion,1970,1970,Charco del Burro,Sala única,,,MLT_DB_07_2016,colectiva
ex.155,Muestra de pintura argentina,exposicion,exposicion,1971,1970,Charco del Burro,Sala única,,,MLT_DB_07_2016,colectiva
ex.156,Lazid Thame y Clever Machado,exposicion,exposicion,1971,1970,Charco del Burro,Sala única,,,MLT_DB_07_2016,colectiva
ex.157,Festival Panamericano de Cultura - Brasil,exposicion,exposicion,1971,1970,Charco del Burro,Sala única,,,MLT_DB_07_2016,colectiva
ex.158,Oswaldo Guayasamín,exposicion,exposicion,1971,1970,Charco del Burro,Sala única,,,MLT_DB_07_2016,individual
ex.159,21 Obras,exposicion,exposicion,1971,1970,Charco del Burro,Sala única,,,MLT_DB_07_2016,colectiva
ex.160,Salón de Artistas Vallecaucanos,exposicion,exposicion,1971,1970,Charco del Burro,Sala única,,,MLT_DB_07_2016,colectiva
ex.162,Exposición de figuras artesanales de santos primitivos y de grabados de Henández Cruz,exposicion,exposicion,1971,1970,Charco del Burro,Sala única,,,MLT_DB_07_2016,n/d
ex.163,Exposición de arte ecuatoriano,exposicion,exposicion,1971,1970,Casona San Antonio,Casona San Antonio,,,MLT_DB_07_2016,n/d
ex.161,Exposición de fotografía norteamericana,exposicion,exposicion,1971,1970,Charco del Burro,Sala única,,,MLT_DB_07_2016,n/d
ex.164,Cien Años de Soledad y Otros,exposicion,exposicion,1971,1970,Charco del Burro,"Sala de la Colección-Maritza Uribe de Urdinola, Sala de Exposiciones Rotatorias",,,MLT_DB_07_2016,individual
ex.165,I Bienal Americana de Artes Gráficas de Cali,exposicion,exposicion,1971,1970,,,,,MLT_DB_07_2016,colectiva
ex.166,Diez Años de Arte Colombiano,exposicion,exposicion,1971,1970,,,,,MLT_DB_07_2016,colectiva
ex.167,Grabados de Peter Milton,exposicion,exposicion,1972,1970,,,,,MLT_DB_07_2016,individual
ex.168,La Constante Geométrica en la Obra de Ómar Rayo,exposicion,exposicion,1972,1970,,,,,MLT_DB_07_2016,individual
ex.169,"Grabados de Artistas Británicos, 1945-1957",exposicion,exposicion,1972,1970,,,,,MLT_DB_07_2016,colectiva
ex.170,Eduardo Ramírez Villamizar,exposicion,exposicion,1972,1970,,,,,MLT_DB_07_2016,individual
ex.171,Salón de Arte Joven 1972,exposicion,exposicion,1972,1970,,,,,MLT_DB_07_2016,n/d
ex.172,La Obra Gráfica de Lorenzo Homar,exposicion,exposicion,1972,1970,,,,,MLT_DB_07_2016,individual
ex.173,Juan Antonio Roda,exposicion,exposicion,1972,1970,Charco del Burro,Sala de la Colección-Maritza Uribe de Urdinola,,,MLT_DB_07_2016,individual
ex.174,Grabados Cartón de Colombia,exposicion,exposicion,1972,1970,,,,,MLT_DB_07_2016,colectiva
ex.175,Lazid Thame,exposicion,exposicion,1973,1970,,,,,MLT_DB_07_2016,individual
ex.176,Exposición de Gabrio Tosti Di Valminuta,exposicion,exposicion,1973,1970,,,,,MLT_DB_07_2016,individual
ex.177,Brassai,exposicion,exposicion,1973,1970,,,,,MLT_DB_07_2016,individual
ex.178,Exposición de la serie Laus Pictorum,exposicion,exposicion,1973,1970,,,,,MLT_DB_07_2016,individual
ex.179,Enrique Grau Obra  1962 / 1972,exposicion,exposicion,1973,1970,,,,,MLT_DB_07_2016,individual
ex.180,Exposición de Noe Nojechowiz,exposicion,exposicion,1973,1970,Charco del Burro,"Sala de Exposiciones Rotatorias, Sala de la Colección-Maritza Uribe de Urdinola",,,MLT_DB_07_2016,individual
ex.182,Exposición-homenaje de los artistas al Museo,exposicion,exposicion,1973,1970,,,,,MLT_DB_07_2016,n/d
ex.181,II Bienal Americana de Artes Gráficas de Cali,exposicion,exposicion,1973,1970,,,,,MLT_DB_07_2016,n/d
ex.183,Eduardo Lemaitre,exposicion,exposicion,1974,1970,,,,,MLT_DB_07_2016,individual
ex.184,Exposición del Grupo Grabas,exposicion,exposicion,1974,1970,,,,,MLT_DB_07_2016,colectiva
ex.185,Pinturas de Luis Caballero,exposicion,exposicion,1974,1970,,,,,MLT_DB_07_2016,individual
ex.186,Exposición de Rodolfo Abularach,exposicion,exposicion,1974,1970,,,,,MLT_DB_07_2016,individual
ex.187,Imagen 6,exposicion,exposicion,1974,1970,,,,,MLT_DB_07_2016,n/d
ex.188,Cali a la Vanguardia,exposicion,exposicion,1974,1970,,,,,MLT_DB_07_2016,colectiva
ex.189,Camas,exposicion,exposicion,1974,1970,,,,,MLT_DB_07_2016,individual
ex.190,Exposición de Grabado Latino-americano,exposicion,exposicion,1974,1970,,,,,MLT_DB_07_2016,colectiva
ex.191,Carlos Rojas,exposicion,exposicion,1974,1970,,,,,MLT_DB_07_2016,individual
ex.192,Emilio Sánchez,exposicion,exposicion,1974,1970,,,,,MLT_DB_07_2016,individual
ex.193,Grabados 74 - Serie Internacional,exposicion,exposicion,1975,1970,,,,,MLT_DB_07_2016,colectiva
ex.194,28 Artistas del Brasil,exposicion,exposicion,1975,1970,,,,,MLT_DB_07_2016,colectiva
ex.195,Palabra e Imagen,exposicion,exposicion,1975,1970,,,,,MLT_DB_07_2016,colectiva
ex.196,XXV Salón Nacional de Artes Visuales,exposicion,exposicion,1975,1970,,,,,MLT_DB_07_2016,colectiva
ex.197,Carlos Cruz Diez Obras Sobre el Muro: Graficas e Integración Arquitectónica,exposicion,exposicion,1975,1970,,,,,MLT_DB_07_2016,individual
ex.198,Kipniss,exposicion,exposicion,1975,1970,,,,,MLT_DB_07_2016,individual
ex.199,Exposición Mundial de Prensa,exposicion,exposicion,1975,1970,,,,,MLT_DB_07_2016,n/d
ex.200,Mauricio Bueno,exposicion,exposicion,1975,1970,,,,,MLT_DB_07_2016,individual
ex.201,Seis Artistas Colombianos,exposicion,exposicion,1975,1970,,,,,MLT_DB_07_2016,colectiva
ex.202,Exposición de Miguel Torres Méndez,exposicion,exposicion,1975,1970,,,,,MLT_DB_07_2016,individual
ex.203,Serie de Grabados Colección Cartón de Colombia 75,exposicion,exposicion,1976,1970,,,,,MLT_DB_07_2016,colectiva
ex.204,Artistas Gráficos Británicos de la Década del 60,exposicion,exposicion,1976,1970,,,,,MLT_DB_07_2016,colectiva
ex.205,Muestra de arte colombiano de la Colección del Museo de Arte Moderno La Tertulia 1976,exposicion,exposicion,1976,1970,,,,,MLT_DB_07_2016,n/d
ex.206,Muestra de la Colección de Arte de la Iglesia La Merced,exposicion,exposicion,1976,1970,,,,,MLT_DB_07_2016,n/d
ex.207,III Bienal Americana de Artes Gráficas de Cali,exposicion,exposicion,1976,1970,,,,,MLT_DB_07_2016,colectiva
ex.208,Publicación: Portafolio de serigrafías,exposicion,exposicion,1976,1970,,,,,MLT_DB_07_2016,colectiva
ex.209,Beatriz González,exposicion,exposicion,1976,1970,,,,,MLT_DB_07_2016,individual
ex.210,Exposición de la Plástica Cubana Actual,exposicion,exposicion,1976,1970,,,,,MLT_DB_07_2016,colectiva
ex.211,Migraciones,exposicion,exposicion,1976,1970,,,,,MLT_DB_07_2016,colectiva
ex.212,Serie de Grabados Colección Cartón de Colombia 76,exposicion,exposicion,1977,1970,,,,,MLT_DB_07_2016,colectiva
ex.213,20 Artistas Jóvenes Suizos,exposicion,exposicion,1977,1970,,,,,MLT_DB_07_2016,colectiva
ex.214,Exposición de Barbara Hepworth,exposicion,exposicion,1977,1970,,,,,MLT_DB_07_2016,individual
ex.215,Seis Artistas Premiados en la III Bienal de Artes Gráficas,exposicion,exposicion,1977,1970,,,,,MLT_DB_07_2016,colectiva
ex.216,II Salón Nacional de Arte Jóven,exposicion,exposicion,1977,1970,,,,,MLT_DB_07_2016,colectiva
ex.217,Colección Banco Cafetero,exposicion,exposicion,1977,1970,,,,,MLT_DB_07_2016,colectiva
ex.218,Exposición de grabado yugo-eslavo,exposicion,exposicion,1977,1970,,,,,MLT_DB_07_2016,n/d
ex.220,Muestra de escultura colombiana de la Colección de Museo de Arte Moderno La Tertulia 1977,exposicion,exposicion,1977,1970,,,,,MLT_DB_07_2016,colectiva
ex.219,Segundo Portafolio 8 Artistas Latinoamericanos,exposicion,exposicion,1977,1970,,,,,MLT_DB_07_2016,colectiva
ex.221,Luis Camnitzer y Liliana Porter,exposicion,exposicion,1978,1970,,,,,MLT_DB_07_2016,colectiva
ex.222,Gabriel Messil,exposicion,exposicion,1978,1970,,,,,MLT_DB_07_2016,individual
ex.223,Pintura y Escultura Colombiana de los Años 30,exposicion,exposicion,1978,1970,,,,,MLT_DB_07_2016,colectiva
ex.224,Grabadores Norteamericanos,exposicion,exposicion,1978,1970,,,,,MLT_DB_07_2016,colectiva
ex.225,Brecht en las Artes Gráficas de la República Democrática Alemana,exposicion,exposicion,1978,1970,,,,,MLT_DB_07_2016,n/d
ex.227,Acrílicos,exposicion,exposicion,1978,1970,,,,,MLT_DB_07_2016,colectiva
ex.226,El Grabado Norteamericano en la Colección del Museo de Arte Moderno La Tertulia,exposicion,exposicion,1978,1970,,,,,MLT_DB_07_2016,colectiva
ex.228,Fotografía Colombiana,exposicion,exposicion,1978,1970,,,,,MLT_DB_07_2016,colectiva
ex.229,Richard Smith,exposicion,exposicion,1979,1970,,,,,MLT_DB_07_2016,individual
ex.230,Obregon,exposicion,exposicion,1979,1970,,,,,MLT_DB_07_2016,individual
ex.231,Exposición conmemorativa de los 23 años de vida del Museo de Arte Moderno La Tertulia,exposicion,exposicion,1979,1970,,,,,MLT_DB_07_2016,n/d
ex.232,Helen Frankenthaler,exposicion,exposicion,1979,1970,,,,,MLT_DB_07_2016,individual
ex.233,"Ever Astudillo, Fernell Franco, Óscar Muñoz",exposicion,exposicion,1979,1970,,,,,MLT_DB_07_2016,colectiva
ex.234,Baila Mécanica,exposicion,exposicion,1979,1970,,,,,MLT_DB_07_2016,individual
ex.235,Oleos litografías Robert Kipniss,exposicion,exposicion,1980,1980,,,,,MLT_DB_07_2016,individual
ex.236,La Mujer En Las Artes Visuales,exposicion,exposicion,1980,1980,,,,,MLT_DB_07_2016,colectiva
ex.237,Arte de los 80,exposicion,exposicion,1980,1980,,,,,MLT_DB_07_2016,colectiva
ex.238,Fotografías Francois Dolmetsch,exposicion,exposicion,1980,1980,,,,,MLT_DB_07_2016,individual
ex.239,Juan Camilo Uribe Telescopios y Álvaro Barrios Sueños con Marcel Duchamp,exposicion,exposicion,1980,1980,,,,,MLT_DB_07_2016,colectiva
ex.240,1960–1980 Alcántara,exposicion,exposicion,1980,1980,,,,,MLT_DB_07_2016,individual
ex.241,Serie Amazónica,exposicion,exposicion,1980,1980,,,,,MLT_DB_07_2016,individual
ex.242,María de la Paz Jaramillo y Óscar Jaramillo,exposicion,exposicion,1980,1980,Charco del Burro,Todas las salas,,,MLT_DB_07_2016,colectiva
ex.243,IV Bienal Americana de Artes Gráficas,exposicion,exposicion,1981,1980,,,,,MLT_DB_07_2016,colectiva
ex.245,Exposición Mail-art,exposicion,exposicion,1981,1980,,,,,MLT_DB_07_2016,n/d
ex.244,Jónier Marín,exposicion,exposicion,1981,1980,Charco del Burro,Taller-escuela,,,MLT_DB_07_2016,individual
ex.246,Decoración de Interiores,exposicion,exposicion,1981,1980,,,,,MLT_DB_07_2016,individual
ex.247,Manuel Hernández,exposicion,exposicion,1981,1980,,,,,MLT_DB_07_2016,individual
ex.248,Primera Expomarca Latinoamericana,exposicion,exposicion,1982,1980,Charco del Burro,Galería-Taller,,,MLT_DB_07_2016,colectiva
ex.249,La Tauromaquia,exposicion,exposicion,1982,1980,Charco del Burro,Sala de Exposiciones Rotatorias,,,MLT_DB_07_2016,individual
ex.250,Artistas Modernos como Ilustradores,exposicion,exposicion,1982,1980,Charco del Burro,Sala de Exposiciones Rotatorias,,,MLT_DB_07_2016,colectiva
ex.251,Los Caminos del Bien y del Mal,exposicion,exposicion,1982,1980,Charco del Burro,Galería-Taller,,,MLT_DB_07_2016,individual
ex.253,Santiago Cárdenas,exposicion,exposicion,1982,1980,Charco del Burro,Galería-Taller,,,MLT_DB_07_2016,individual
ex.252,Exposición de Pablo Obelar,exposicion,exposicion,1982,1980,Charco del Burro,Sala de Exposiciones Rotatorias,,,MLT_DB_07_2016,individual
ex.254,Emilio Sánchez,exposicion,exposicion,1982,1980,Charco del Burro,Galería-Taller,,,MLT_DB_07_2016,individual
ex.255,Consagrados Maestros Jóvenes,exposicion,exposicion,1982,1980,Charco del Burro,Sala de Exposiciones Rotatorias,,,MLT_DB_07_2016,colectiva
ex.258,Gráfica Contemporanea de la Republica Democrática Alemana,exposicion,exposicion,1982,1980,Charco del Burro,Sala de la Colección-Maritza Uribe de Urdinola,,,MLT_DB_07_2016,colectiva
ex.257,Alexis Gorodine,exposicion,exposicion,1982,1980,Charco del Burro,Sala de la Colección-Maritza Uribe de Urdinola,,,MLT_DB_07_2016,individual
ex.260,Delia Cugat,exposicion,exposicion,1982,1980,Charco del Burro,Galería-Taller,,,MLT_DB_07_2016,individual
ex.256,Yutaka Toyota,exposicion,exposicion,1982,1980,Charco del Burro,Galería-Taller,,,MLT_DB_07_2016,individual
ex.259,Muestra de arte figurativo latino-americano,exposicion,exposicion,1982,1980,Charco del Burro,Galería-Taller,,,MLT_DB_07_2016,n/d
ex.262,Actitudes Plurales,exposicion,exposicion,1983,1980,Charco del Burro,Sala de la Colección-Maritza Uribe de Urdinola,,,MLT_DB_07_2016,colectiva
ex.261,Exposición de Fernando de Szyszlo,exposicion,exposicion,1983,1980,Charco del Burro,Sala de Exposiciones Rotatorias,,,MLT_DB_07_2016,individual
ex.263,Geometría e Ilusión,exposicion,exposicion,1983,1980,,,,,MLT_DB_07_2016,colectiva
ex.264,Exposición de Bruno Bruni,exposicion,exposicion,1983,1980,Charco del Burro,Sala de la Colección-Maritza Uribe de Urdinola,,,MLT_DB_07_2016,individual
ex.265,Seis Maestros Cubanos,exposicion,exposicion,1983,1980,Charco del Burro,Galería-Taller,,,MLT_DB_07_2016,colectiva
ex.266,Kunito Nagaoka,exposicion,exposicion,1983,1980,Charco del Burro,Sala de Exposiciones Rotatorias,,,MLT_DB_07_2016,individual
ex.267,Carmen Aldunate,exposicion,exposicion,1983,1980,Charco del Burro,Galería-Taller,,,MLT_DB_07_2016,individual
ex.268,Sergio Camporeale,exposicion,exposicion,1983,1980,Charco del Burro,Sala Alterna,,,MLT_DB_07_2016,individual
ex.269,Fotografismo,exposicion,exposicion,1983,1980,Charco del Burro,Sala de la Colección-Maritza Uribe de Urdinola,,,MLT_DB_07_2016,individual
ex.270,Muestra de arte gráfico mexicano de la Colección del Museo de Arte Moderno La Tertulia,exposicion,exposicion,1983,1980,Charco del Burro,Sala de la Colección-Maritza Uribe de Urdinola,,,MLT_DB_07_2016,colectiva
ex.271,Muestra de realismo colombiano de la Colección del Museo de Arte Moderno La Tertulia,exposicion,exposicion,1983,1980,Charco del Burro,Sala de la Colección-Maritza Uribe de Urdinola,,,MLT_DB_07_2016,colectiva
ex.272,Muestra de arte colombiano de la Colección del Museo de Arte Moderno La Tertulia 1983,exposicion,exposicion,1983,1980,Charco del Burro,Sala Alterna,,,MLT_DB_07_2016,n/d
ex.273,Dibujos de Ficciones,exposicion,exposicion,1983,1980,Charco del Burro,Sala de Exposiciones Rotatorias,,,MLT_DB_07_2016,individual
ex.274,Antonio Barrera,exposicion,exposicion,1983,1980,Charco del Burro,Galería-Taller,,,MLT_DB_07_2016,individual
ex.275,José Hernández,exposicion,exposicion,1983,1980,Charco del Burro,Todas las salas,,,MLT_DB_07_2016,individual
ex.276,Doce Artistas Gráficos del Brasil,exposicion,exposicion,1983,1980,Charco del Burro,Galería-Taller,,,MLT_DB_07_2016,colectiva
ex.278,Bienal de Arquitectura,exposicion,exposicion,1983,1980,Charco del Burro,Sala de Exposiciones Rotatorias,,,MLT_DB_07_2016,n/d
ex.277,Liliana Porter,exposicion,exposicion,1983,1980,Charco del Burro,Todas las salas,,,MLT_DB_07_2016,individual
ex.279,Rogelio Polesello,exposicion,exposicion,1983,1980,Charco del Burro,Galería-Taller,,,MLT_DB_07_2016,individual
ex.280,Emma Reyes,exposicion,exposicion,1983,1980,Charco del Burro,Galería-Taller,,,MLT_DB_07_2016,individual
ex.282,Muestra de arte gráfico norte-americano de la Colección del Museo de Arte Moderno La Tertulia 1984,exposicion,exposicion,1984,1980,Charco del Burro,Sala de Exposiciones Rotatorias,,,MLT_DB_07_2016,colectiva
ex.283,1er. Salón OP de Diseño Gráfico,exposicion,exposicion,1984,1980,Charco del Burro,Sala Alterna,,,MLT_DB_07_2016,colectiva
ex.284,"Bachs, carteles cinematográficos",exposicion,exposicion,1984,1980,Charco del Burro,Sala de la Colección-Maritza Uribe de Urdinola,,,MLT_DB_07_2016,individual
ex.285,Muestra de pintura latino-americana de la Colección del Museo de Arte Moderno La Tertulia 1984,exposicion,exposicion,1984,1980,Charco del Burro,Sala de Exposiciones Rotatorias,,,MLT_DB_07_2016,colectiva
ex.281,Mario Gordillo,exposicion,exposicion,1984,1980,Charco del Burro,Sala de la Colección-Maritza Uribe de Urdinola,,,MLT_DB_07_2016,individual
ex.286,Exposición de Marta Minujin,exposicion,exposicion,1984,1980,Charco del Burro,Galería-Taller,,,MLT_DB_07_2016,individual
ex.287,Audivert,exposicion,exposicion,1984,1980,Charco del Burro,Sala Alterna,,,MLT_DB_07_2016,individual
ex.288,Este Petróleo me Pertenece,exposicion,exposicion,1984,1980,Charco del Burro,Sala Alterna,,,MLT_DB_07_2016,individual
ex.289,John Grillo,exposicion,exposicion,1984,1980,Charco del Burro,Sala de Exposiciones Rotatorias,,,MLT_DB_07_2016,individual
ex.290,Roser Bru y Eugenio Dittborn,exposicion,exposicion,1984,1980,Charco del Burro,Galería-Taller,,,MLT_DB_07_2016,colectiva
ex.291,"Pedro Alcántara, Óscar Muñoz y Guilermo Vélez",exposicion,exposicion,1984,1980,Charco del Burro,Sala de Exposiciones Rotatorias,,,MLT_DB_07_2016,colectiva
ex.292,Cruz Diez,exposicion,exposicion,1984,1980,Charco del Burro,Sala de la Colección-Maritza Uribe de Urdinola,,,MLT_DB_07_2016,individual
ex.293,Joyas-sorpresa: el Uso de Materiales Alternativos en la Joyería Norte-americana,exposicion,exposicion,1984,1980,Charco del Burro,Galería-Taller,,,MLT_DB_07_2016,colectiva
ex.294,Acuarelistas Colombianos,exposicion,exposicion,1984,1980,Charco del Burro,Sala de la Colección-Maritza Uribe de Urdinola,,,MLT_DB_07_2016,colectiva
ex.296,Portafolio-homenaje a Pablo Neruda,exposicion,exposicion,1984,1980,Charco del Burro,Sala de Exposiciones Rotatorias,,,MLT_DB_07_2016,n/d
ex.295,Tiempo de Dibujar,exposicion,exposicion,1984,1980,Charco del Burro,Sala Alterna,,,MLT_DB_07_2016,colectiva
ex.297,Aspectos de lo Tridimensional en el Arte Colombiano,exposicion,exposicion,1984,1980,Charco del Burro,Sala Alterna,,,MLT_DB_07_2016,n/d
ex.298,Muestra retrospectiva de Artes Gráficas Panamericanas/AGPA,exposicion,exposicion,1984,1980,Charco del Burro,Galería-Taller,,,MLT_DB_07_2016,colectiva
ex.299,Margarita Lozano,exposicion,exposicion,1984,1980,Charco del Burro,Galería-Taller,,,MLT_DB_07_2016,individual
ex.302,Muestra de pintura y escultura latino-americana de la Colección del Museo de Arte Moderno La Tertulia 1985,exposicion,exposicion,1985,1980,Charco del Burro,Galería-Taller,,,MLT_DB_07_2016,n/d
ex.300,Exposición de Édgar Negret 1985-1,exposicion,exposicion,1985,1980,Charco del Burro,Sala de Exposiciones Rotatorias,,,MLT_DB_07_2016,individual
ex.301,Exposición de Édgar Negret 1985-2,exposicion,exposicion,1985,1980,Charco del Burro,Sala de la Colección-Maritza Uribe de Urdinola,,,MLT_DB_07_2016,individual
ex.303,Teyé,exposicion,exposicion,1985,1980,Charco del Burro,Sala de Exposiciones Rotatorias,,,MLT_DB_07_2016,individual
ex.304,Exposición de Débora Arango 1985,exposicion,exposicion,1985,1980,Charco del Burro,Galería-Taller,,,MLT_DB_07_2016,individual
ex.305,La Nación: Los Judíos Españoles y Portugueses en la Zona del Caribe,exposicion,exposicion,1985,1980,Charco del Burro,Galería-Taller,,,MLT_DB_07_2016,n/d
ex.306,Alicia Viteri,exposicion,exposicion,1985,1980,Charco del Burro,Todas las salas,,,MLT_DB_07_2016,individual
ex.307,Historia Abierta del Arte Colombiano,exposicion,exposicion,1985,1980,Charco del Burro,Sala de Exposiciones Rotatorias,,,MLT_DB_07_2016,n/d
ex.308,Pedro Alcántara,exposicion,exposicion,1985,1980,Charco del Burro,Sala de la Colección-Maritza Uribe de Urdinola,,,MLT_DB_07_2016,individual
ex.311,Exposición de Francisco Rocca-Lynn,exposicion,exposicion,1985,1980,Charco del Burro,Todas las salas,,,MLT_DB_07_2016,individual
ex.309,Exposición de grabado norteamericano,exposicion,exposicion,1985,1980,Charco del Burro,Galería-Taller,,,MLT_DB_07_2016,n/d
ex.310,Exposición de arte americano,exposicion,exposicion,1985,1980,Charco del Burro,Galería-Taller,,,MLT_DB_07_2016,n/d
ex.312,Salón de Arte Joven - Medalla Martha Traba,exposicion,exposicion,1985,1980,Charco del Burro,Sala Alterna,,,MLT_DB_07_2016,colectiva
ex.313,La Cámara Lúcida,exposicion,exposicion,1985,1980,Charco del Burro,Galería-Taller,,,MLT_DB_07_2016,colectiva
ex.314,A Cali,exposicion,exposicion,1985,1980,Charco del Burro,Sala Alterna,,,MLT_DB_07_2016,individual
ex.315,Óscar Muñoz Serie pinturas de agua,exposicion,exposicion,1985,1980,Charco del Burro,Sala de Exposiciones Rotatorias,,,MLT_DB_07_2016,individual
ex.316,Muestra de la subasta de antigüedades del Museo de Arte Moderno La Tertulia,exposicion,exposicion,1985,1980,Charco del Burro,Sala de la Colección-Maritza Uribe de Urdinola,,,MLT_DB_07_2016,n/d
ex.317,Homenaje de Propal a su Ciudad,exposicion,exposicion,1985,1980,Charco del Burro,Sala de Exposiciones Rotatorias,,,MLT_DB_07_2016,colectiva
ex.318,Carpeta de Grabados de Cartón de Colombia S.A.,exposicion,exposicion,1985,1980,Charco del Burro,Sala de Exposiciones Rotatorias,,,MLT_DB_07_2016,n/d
ex.319,El Arte Descubre un Mundo,exposicion,exposicion,1986,1980,Charco del Burro,Sala Alterna,,,MLT_DB_07_2016,individual
ex.320,Otto Moll González Antología Fotográfica 1939 –1968,exposicion,exposicion,1986,1980,Charco del Burro,"Sala de la Colección-Maritza Uribe de Urdinola, Sala de Exposiciones Rotatorias",,,MLT_DB_07_2016,individual
ex.321,Exposición de arte gráfico latinoamericano,exposicion,exposicion,1986,1980,,,,,MLT_DB_07_2016,n/d
ex.322,Rodolfo Vélez,exposicion,exposicion,1986,1980,Charco del Burro,Galería-Taller,,,MLT_DB_07_2016,individual
ex.323,Recuerdos de Machu Picchu,exposicion,exposicion,1986,1980,Charco del Burro,Sala Alterna,,,MLT_DB_07_2016,individual
ex.324,Eduardo Ramírez Villamizar,exposicion,exposicion,1986,1980,Charco del Burro,Galería-Taller,,,MLT_DB_07_2016,individual
ex.325,Diego Arango Arango,exposicion,exposicion,1986,1980,Charco del Burro,Sala Alterna,,,MLT_DB_07_2016,individual
ex.326,Exposición didáctica de Arcangelo Ianelli,exposicion,exposicion,1986,1980,Charco del Burro,Galería-Taller,,,MLT_DB_07_2016,individual
ex.327,Mónica Meira,exposicion,exposicion,1986,1980,Charco del Burro,Sala de Exposiciones Rotatorias,,,MLT_DB_07_2016,individual
ex.328,Exposición de Arcangelo Ianelli,exposicion,exposicion,1986,1980,Charco del Burro,Galería-Taller,,,MLT_DB_07_2016,individual
ex.329,María Cristina Cortés,exposicion,exposicion,1986,1980,Charco del Burro,Galería-Taller,,,MLT_DB_07_2016,individual
ex.809,Manuel Hernández Dibujos y Pinturas,exposicion,exposicion,1986,1980,Charco del Burro,Sala Alterna,,,MLT_DB_07_2016,individual
ex.330,Muestra de 100 obras de la Colección del Museo de Arte Moderno La Tertulia,exposicion,exposicion,1986,1980,,,,,MLT_DB_07_2016,n/d
ex.331,Arte sobre Tela,exposicion,exposicion,1986,1980,Charco del Burro,Galería-Taller,,,MLT_DB_07_2016,colectiva
ex.332,V Bienal Americana de Artes Gráficas de Cali,exposicion,exposicion,1986,1980,Charco del Burro,Galería-Taller,,,MLT_DB_07_2016,colectiva
ex.336,José Luis Fajardo,exposicion,exposicion,1987,1980,Charco del Burro,Galería-Taller,,,MLT_DB_07_2016,individual
ex.333,Muestra de grabado de la Colección del Banco de Occidente,exposicion,exposicion,1987,1980,Charco del Burro,Galería-Taller,,,MLT_DB_07_2016,colectiva
ex.335,Muestra de adquisiciones del Museo de Arte Moderno La Terulia del año 1986,exposicion,exposicion,1987,1980,Charco del Burro,Sala de Exposiciones Rotatorias,,,MLT_DB_07_2016,n/d
ex.334,Flor María Bouhot,exposicion,exposicion,1987,1980,Charco del Burro,Sala de la Colección-Maritza Uribe de Urdinola,,,MLT_DB_07_2016,individual
ex.338,Alejandro Obregón,exposicion,exposicion,1987,1980,Charco del Burro,Galería-Taller,,,MLT_DB_07_2016,individual
ex.337,Sergio Camporeale,exposicion,exposicion,1987,1980,Charco del Burro,Galería-Taller,,,MLT_DB_07_2016,individual
ex.339,Liliana Porter,exposicion,exposicion,1987,1980,Charco del Burro,Galería-Taller,,,MLT_DB_07_2016,individual
ex.340,Andrés de Santamaría,exposicion,exposicion,1987,1980,Charco del Burro,Sala Alterna,,,MLT_DB_07_2016,individual
ex.341,Frente Fotográfico Femenino,exposicion,exposicion,1987,1980,Charco del Burro,Galería-Taller,,,MLT_DB_07_2016,colectiva
ex.342,Luis Caballero Acuarelas y Dibujos,exposicion,exposicion,1987,1980,Charco del Burro,Galería-Taller,,,MLT_DB_07_2016,individual
ex.344,Muestra de arte tridimensional de la Colección del Museo de Arte Moderno La Tertulia 1987,exposicion,exposicion,1987,1980,Charco del Burro,Sala de Exposiciones Rotatorias,,,MLT_DB_07_2016,n/d
ex.343,Darío Jiménez Exposición antológica 1938 – 1980,exposicion,exposicion,1987,1980,Charco del Burro,Sala de la Colección-Maritza Uribe de Urdinola,,,MLT_DB_07_2016,individual
ex.345,Gustavo Zalamea,exposicion,exposicion,1987,1980,Charco del Burro,Galería-Taller,,,MLT_DB_07_2016,individual
ex.346,Exposición de Delia Cugat 1987,exposicion,exposicion,1987,1980,Charco del Burro,Sala Alterna,,,MLT_DB_07_2016,individual
ex.347,Vivian Monsalve,exposicion,exposicion,1987,1980,Charco del Burro,Galería-Taller,,,MLT_DB_07_2016,individual
ex.348,Enrique Sánchez,exposicion,exposicion,1987,1980,Charco del Burro,Galería-Taller,,,MLT_DB_07_2016,individual
ex.350,Alberto Lenis Burckhardt,exposicion,exposicion,1987,1980,Charco del Burro,Galería-Taller,,,MLT_DB_07_2016,individual
ex.349,4 Maestros Latinoamericanos,exposicion,exposicion,1987,1980,Charco del Burro,Sala Alterna,,,MLT_DB_07_2016,colectiva
ex.351,Antonio Barrera,exposicion,exposicion,1987,1980,Charco del Burro,Galería-Taller,,,MLT_DB_07_2016,individual
ex.353,XIII Portafolio de Grabados Cartón de Colombia/AGPA,exposicion,exposicion,1987,1980,Charco del Burro,Sala de la Colección-Maritza Uribe de Urdinola,,,MLT_DB_07_2016,colectiva
ex.354,Muestra de pintura y escultura latino-americana de la Colección del Museo de Arte Moderno La Tertulia 1988,exposicion,exposicion,1988,1980,Charco del Burro,Sala de Exposiciones Rotatorias,,,MLT_DB_07_2016,colectiva
ex.355,Muestra de grabado americano de la Colección del Museo de Arte Moderno La Tertulia,exposicion,exposicion,1988,1980,Charco del Burro,Sala Alterna,,,MLT_DB_07_2016,n/d
ex.356,Lydia Azout,exposicion,exposicion,1988,1980,Charco del Burro,Galería-Taller,,,MLT_DB_07_2016,individual
ex.352,Ossaba,exposicion,exposicion,1988,1980,Charco del Burro,Sala Alterna,,,MLT_DB_07_2016,individual
ex.357,Ever Astudillo,exposicion,exposicion,1988,1980,Charco del Burro,Sala de Exposiciones Rotatorias,,,MLT_DB_07_2016,individual
ex.358,Maria Thereza Negreiros,exposicion,exposicion,1988,1980,Charco del Burro,Sala de la Colección-Maritza Uribe de Urdinola,,,MLT_DB_07_2016,individual
ex.359,Grabado Yugoslavo Contemporáneo,exposicion,exposicion,1988,1980,Charco del Burro,Sala Alterna,,,MLT_DB_07_2016,colectiva
ex.360,Una Interpretación de Caravaggio,exposicion,exposicion,1988,1980,Charco del Burro,Galería-Taller,,,MLT_DB_07_2016,individual
ex.362,Ocho Artistas Colombianos en la Colección del Museo,exposicion,exposicion,1988,1980,Charco del Burro,Galería-Taller,,,MLT_DB_07_2016,colectiva
ex.361,Exposición de Efraim Martínez,exposicion,exposicion,1988,1980,Charco del Burro,Sala de Exposiciones Rotatorias,,,MLT_DB_07_2016,individual
ex.363,Ana María Rueda,exposicion,exposicion,1988,1980,Charco del Burro,Sala Alterna,,,MLT_DB_07_2016,individual
ex.365,Muestra de carteles cinematográficos de la Colección de la Cinemateca La Tertulia 1988,exposicion,exposicion,1988,1980,Charco del Burro,Galería-Taller,,,MLT_DB_07_2016,n/d
ex.364,Gráfica Erótica de Pablo Picasso,exposicion,exposicion,1988,1980,Charco del Burro,Sala de la Colección-Maritza Uribe de Urdinola,,,MLT_DB_07_2016,individual
ex.366,Hilda Crovo Pinturas,exposicion,exposicion,1988,1980,Charco del Burro,Galería-Taller,,,MLT_DB_07_2016,individual
ex.367,"Exposición de ilustraciones, diseño estructural y gráfico y fotografias del libro Los Cuentos de mi Abuelo el Coronel de Gabriel García Márquez",exposicion,exposicion,1988,1980,Charco del Burro,Galería-Taller,,,MLT_DB_07_2016,n/d
ex.368,Exposición de carteles de artistas españoles contemporáneos,exposicion,exposicion,1988,1980,Charco del Burro,Sala Alterna,,,MLT_DB_07_2016,n/d
ex.369,De la Edad de Piedra a los Computadores,exposicion,exposicion,1988,1980,Charco del Burro,Galería-Taller,,,MLT_DB_07_2016,individual
ex.370,Jan Bartelsman,exposicion,exposicion,1988,1980,Charco del Burro,Sala de Exposiciones Rotatorias,,,MLT_DB_07_2016,individual
ex.371,Juan Antonio Roda,exposicion,exposicion,1988,1980,Charco del Burro,Sala de la Colección-Maritza Uribe de Urdinola,,,MLT_DB_07_2016,individual
ex.372,Diez Artistas Chilenos,exposicion,exposicion,1988,1980,Charco del Burro,Galería-Taller,,,MLT_DB_07_2016,colectiva
ex.373,Daniel Zelaya,exposicion,exposicion,1988,1980,Charco del Burro,Sala Alterna,,,MLT_DB_07_2016,individual
ex.374,Hernando Hoyos Pinturas,exposicion,exposicion,1988,1980,Charco del Burro,Sala Alterna,,,MLT_DB_07_2016,individual
ex.375,Roberto Angulo,exposicion,exposicion,1988,1980,Charco del Burro,Sala de la Colección-Maritza Uribe de Urdinola,,,MLT_DB_07_2016,individual
ex.376,Artistas Alemanes en America Latina: Pintores y Naturalista del Siglo XIX,exposicion,exposicion,1988,1980,Charco del Burro,Sala Alterna,,,MLT_DB_07_2016,n/d
ex.377,XIV Portafolio de Grabados Cartón de Colombia/AGPA,exposicion,exposicion,1988,1980,Charco del Burro,Sala de la Colección-Maritza Uribe de Urdinola,,,MLT_DB_07_2016,colectiva
ex.378,Muestra de la Colección de Arte de Suramericana de Seguros,exposicion,exposicion,1988,1980,Charco del Burro,Sala de Exposiciones Rotatorias,,,MLT_DB_07_2016,n/d
ex.379,Galápagos,exposicion,exposicion,1988,1980,Charco del Burro,Galería-Taller,,,MLT_DB_07_2016,individual
ex.380,Gloria Duncan y Ronald Duncan,exposicion,exposicion,1989,1980,Charco del Burro,Galería-Taller,,,MLT_DB_07_2016,colectiva
ex.381,Fotografías y su Relación,exposicion,exposicion,1989,1980,Charco del Burro,Sala de Exposiciones Rotatorias,,,MLT_DB_07_2016,colectiva
ex.382,Tres Artistas de Puerto Rico,exposicion,exposicion,1989,1980,Charco del Burro,Sala de la Colección-Maritza Uribe de Urdinola,,,MLT_DB_07_2016,colectiva
ex.383,Gráfica OP 89 Duque Se Expone,exposicion,exposicion,1989,1980,Charco del Burro,Sala Alterna,,,MLT_DB_07_2016,individual
ex.384,Patricia Tavera Pinturas,exposicion,exposicion,1989,1980,Charco del Burro,Sala Alterna,,,MLT_DB_07_2016,individual
ex.385,Paganos y Piadosos,exposicion,exposicion,1989,1980,Charco del Burro,Galería-Taller,,,MLT_DB_07_2016,individual
ex.386,Cinco Pintores Abstractos,exposicion,exposicion,1989,1980,Charco del Burro,Sala de la Colección-Maritza Uribe de Urdinola,,,MLT_DB_07_2016,colectiva
ex.387,Muestra de pintura latinoamericana de la Colección del Museo de Arte Moderno La Tertulia 1989,exposicion,exposicion,1989,1980,Charco del Burro,Galería-Taller,,,MLT_DB_07_2016,n/d
ex.388,Karen Lamassonne Pinturas,exposicion,exposicion,1989,1980,Charco del Burro,Sala Alterna,,,MLT_DB_07_2016,individual
ex.389,Exposición de ilustraciones del libro El Beso de Dios,exposicion,exposicion,1989,1980,Charco del Burro,Sala de la Colección-Maritza Uribe de Urdinola,,,MLT_DB_07_2016,individual
ex.390,Ignacio Gomez Jaramillo 1910-1970,exposicion,exposicion,1989,1980,Charco del Burro,Sala de Exposiciones Rotatorias,,,MLT_DB_07_2016,individual
ex.391,Leo Matiz 50 Años de Fotografía,exposicion,exposicion,1989,1980,Charco del Burro,Sala Alterna,,,MLT_DB_07_2016,individual
ex.392,Exposición de Becky Mayer,exposicion,exposicion,1989,1980,Charco del Burro,Sala Alterna,,,MLT_DB_07_2016,individual
ex.393,Homenaje a Adalbert Meindl,exposicion,exposicion,1989,1980,Charco del Burro,Sala Alterna,,,MLT_DB_07_2016,colectiva
ex.394,Pinturas Tridimesionales,exposicion,exposicion,1989,1980,Charco del Burro,Sala de la Colección-Maritza Uribe de Urdinola,,,MLT_DB_07_2016,individual
ex.396,Blanco y Negro sobre Papel,exposicion,exposicion,1989,1980,Charco del Burro,Galería-Taller,,,MLT_DB_07_2016,n/d
ex.397,Eduardo Audivert y Daniel Zelaya,exposicion,exposicion,1989,1980,Charco del Burro,Sala Alterna,,,MLT_DB_07_2016,colectiva
ex.395,Muestra de pintura abstracta latinoamericana de la Colección del Museo de Arte Moderno La Tertulia,exposicion,exposicion,1989,1980,Charco del Burro,Sala de Exposiciones Rotatorias,,,MLT_DB_07_2016,colectiva
ex.398,Imágenes e Ideas,exposicion,exposicion,1989,1980,Charco del Burro,Galería-Taller,,,MLT_DB_07_2016,colectiva
ex.399,Pinturas,exposicion,exposicion,1989,1980,Charco del Burro,Galería-Taller,,,MLT_DB_07_2016,individual
ex.400,Rafael Echeverri Pinturas y Consuelo Gómez Esculturas,exposicion,exposicion,1989,1980,Charco del Burro,Galería-Taller,,,MLT_DB_07_2016,colectiva
ex.401,Patricio Reig Isaacs Pinturas,exposicion,exposicion,1989,1980,Charco del Burro,Sala Alterna,,,MLT_DB_07_2016,individual
ex.402,Ex-libris o el Arte de Identificar sus Libros,exposicion,exposicion,1989,1980,Charco del Burro,Galería-Taller,,,MLT_DB_07_2016,colectiva
ex.404,II Salón de Arte Joven - Medalla Marta Traba 1989,exposicion,exposicion,1989,1980,Charco del Burro,Sala de la Colección-Maritza Uribe de Urdinola,,,MLT_DB_07_2016,colectiva
ex.403,Muestra de arte gráfico latino-americano de la Colección del Museo de Arte Moderno La Tertulia 1989,exposicion,exposicion,1989,1980,Charco del Burro,Sala de Exposiciones Rotatorias,,,MLT_DB_07_2016,n/d
ex.405,VI Portafolio Smurfit Cartón de Colombia S.A. - AGPA,exposicion,exposicion,1989,1980,Charco del Burro,Sala de Exposiciones Rotatorias,,,MLT_DB_07_2016,n/d
ex.407,Cristina Llano,exposicion,exposicion,1990,1990,Charco del Burro,"Sala Alterna, Galería-Taller",,,MLT_DB_07_2016,individual
ex.408,Exposición de Ediciones Felipe Domínguez Zamorano,exposicion,exposicion,1990,1990,Charco del Burro,Galería-Taller,,,MLT_DB_07_2016,n/d
ex.406,Laignelet,exposicion,exposicion,1990,1990,Charco del Burro,Galería-Taller,,,MLT_DB_07_2016,individual
ex.409,Constanza Aguirre,exposicion,exposicion,1990,1990,Charco del Burro,Galería-Taller,,,MLT_DB_07_2016,individual
ex.411,Muestra de arte gráfico europeo de la Colección del Museo de Arte Moderno La Tertulia,exposicion,exposicion,1990,1990,Charco del Burro,Sala de la Colección-Maritza Uribe de Urdinola,,,MLT_DB_07_2016,n/d
ex.410,Carlos Rojas,exposicion,exposicion,1990,1990,Charco del Burro,Sala Alterna,,,MLT_DB_07_2016,individual
ex.412,Alberto Arboleda,exposicion,exposicion,1990,1990,Charco del Burro,Galería-Taller,,,MLT_DB_07_2016,individual
ex.413,Luz de la Cueva de los Sueños,exposicion,exposicion,1990,1990,Charco del Burro,Galería-Taller,,,MLT_DB_07_2016,individual
ex.414,"Paisaje, Bodegón, Ciudad",exposicion,exposicion,1990,1990,Charco del Burro,Galería-Taller,,,MLT_DB_07_2016,individual
ex.417,Luis Caballero,exposicion,exposicion,1990,1990,Charco del Burro,Galería-Taller,,,MLT_DB_07_2016,individual
ex.415,Exposición de Francisco de la Puente,exposicion,exposicion,1990,1990,Charco del Burro,Sala de la Colección-Maritza Uribe de Urdinola,,,MLT_DB_07_2016,individual
ex.416,Muestra de adquisiciones del Museo de Arte Moderno La Tertulia de los años 80,exposicion,exposicion,1990,1990,Charco del Burro,Sala de Exposiciones Rotatorias,,,MLT_DB_07_2016,n/d
ex.418,Bibiana Vélez,exposicion,exposicion,1990,1990,Charco del Burro,Sala de Exposiciones Rotatorias,,,MLT_DB_07_2016,individual
ex.419,Tres Escultores Colombianos,exposicion,exposicion,1990,1990,Charco del Burro,Galería-Taller,,,MLT_DB_07_2016,colectiva
ex.421,Muestra de arte tridimensional latinoamericano de la Colección del Museo de Arte Moderno La Tertulia 1990,exposicion,exposicion,1990,1990,Charco del Burro,Sala de Exposiciones Rotatorias,,,MLT_DB_07_2016,n/d
ex.420,Puertos,exposicion,exposicion,1990,1990,Charco del Burro,Galería-Taller,,,MLT_DB_07_2016,individual
ex.423,Exposición de arte cubano 1990,exposicion,exposicion,1990,1990,Charco del Burro,Galería-Taller,,,MLT_DB_07_2016,n/d
ex.422,Superficies al Carbón,exposicion,exposicion,1990,1990,Charco del Burro,Sala Alterna,,,MLT_DB_07_2016,individual
ex.424,Bodegones,exposicion,exposicion,1990,1990,Charco del Burro,Galería-Taller,,,MLT_DB_07_2016,colectiva
ex.425,De Amores y Amantes,exposicion,exposicion,1991,1990,Charco del Burro,Sala de Exposiciones Rotatorias,,,MLT_DB_07_2016,individual
ex.426,Ocho Nuevos Artistas de Cali,exposicion,exposicion,1991,1990,Charco del Burro,Sala de la Colección-Maritza Uribe de Urdinola,,,MLT_DB_07_2016,colectiva
ex.427,Artistas de Buenos Aires,exposicion,exposicion,1991,1990,Charco del Burro,Galería-Taller,,,MLT_DB_07_2016,colectiva
ex.428,Doce Escultores Colombianos: Pequeño Formato,exposicion,exposicion,1991,1990,Charco del Burro,"Galería-Taller, Sala Alterna",,,MLT_DB_07_2016,colectiva
ex.429,Exposición de Liliana Porter 1991,exposicion,exposicion,1991,1990,Charco del Burro,Galería-Taller,,,MLT_DB_07_2016,individual
ex.430,Fibers: Arte Textil Colombiano y de Estados Unidos,exposicion,exposicion,1991,1990,Charco del Burro,Sala de la Colección-Maritza Uribe de Urdinola,,,MLT_DB_07_2016,n/d
ex.431,Exposición de nueva pintura bolivariana,exposicion,exposicion,1991,1990,Charco del Burro,Cinemateca,,,MLT_DB_07_2016,colectiva
ex.432,Proyecto 500,exposicion,exposicion,1991,1990,Charco del Burro,Sala Alterna,,,MLT_DB_07_2016,individual
ex.433,Grabados Populares del Nordeste Brasileño,exposicion,exposicion,1991,1990,Charco del Burro,Galería-Taller,,,MLT_DB_07_2016,colectiva
ex.434,Exposición de Paige Abadi,exposicion,exposicion,1991,1990,Charco del Burro,Galería-Taller,,,MLT_DB_07_2016,individual
ex.435,Fotógrafos Suizos desde 1840 hasta Nuestros Días,exposicion,exposicion,1991,1990,Charco del Burro,Sala de la Colección-Maritza Uribe de Urdinola,,,MLT_DB_07_2016,colectiva
ex.436,Muestra de arte gráfico norte-americano y escultura latino-americana de la Colección del Museo de Arte Moderno La Tertulia,exposicion,exposicion,1991,1990,Charco del Burro,Galería-Taller,,,MLT_DB_07_2016,n/d
ex.437,Joyería Contemporánea Colombiana,exposicion,exposicion,1991,1990,Charco del Burro,Sala de Exposiciones Rotatorias,,,MLT_DB_07_2016,colectiva
ex.438,Alberto Sojo,exposicion,exposicion,1991,1990,Charco del Burro,Sala Alterna,,,MLT_DB_07_2016,individual
ex.439,Hernando Ordoñez,exposicion,exposicion,1991,1990,Charco del Burro,Galería-Taller,,,MLT_DB_07_2016,individual
ex.440,"German Londoño, Pinturas Recienbres",exposicion,exposicion,1991,1990,Charco del Burro,Sala de la Colección-Maritza Uribe de Urdinola,,,MLT_DB_07_2016,individual
ex.441,Exposición-homenaje a Enrique Grau,exposicion,exposicion,1991,1990,Charco del Burro,Galería-Taller,,,MLT_DB_07_2016,individual
ex.442,Trece Artistas Colombianos - Pequeño Formato,exposicion,exposicion,1991,1990,Charco del Burro,"Sala de la Colección-Maritza Uribe de Urdinola, Sala de Exposiciones Rotatorias",,,MLT_DB_07_2016,colectiva
ex.443,Exposición-celebración de los 35 años de vida del Museo de Arte Moderno La Tertulia,exposicion,exposicion,1991,1990,Charco del Burro,Sala de Exposiciones Rotatorias,,,MLT_DB_07_2016,n/d
ex.444,Ricardo Gómez Campuzano,exposicion,exposicion,1992,1990,Charco del Burro,Galería-Taller,,,MLT_DB_07_2016,individual
ex.445,Exposición de Luis Luna,exposicion,exposicion,1992,1990,Charco del Burro,Galería-Taller,,,MLT_DB_07_2016,individual
ex.446,Utopía,exposicion,exposicion,1992,1990,Charco del Burro,Galería-Taller,,,MLT_DB_07_2016,colectiva
ex.447,Germán Botero,exposicion,exposicion,1992,1990,Charco del Burro,Galería-Taller,,,MLT_DB_07_2016,individual
ex.448,Lago y Sáenz Arquitectos,exposicion,exposicion,1992,1990,Charco del Burro,Galería-Taller,,,MLT_DB_07_2016,colectiva
ex.449,Jorge Julián Aristizábal,exposicion,exposicion,1992,1990,Charco del Burro,Galería-Taller,,,MLT_DB_07_2016,individual
ex.451,Diez Maestros Colombianos,exposicion,exposicion,1992,1990,Charco del Burro,Galería-Taller,,,MLT_DB_07_2016,colectiva
ex.450,Diario de Viaje II,exposicion,exposicion,1992,1990,Charco del Burro,Sala de la Colección-Maritza Uribe de Urdinola,,,MLT_DB_07_2016,individual
ex.452,Ciudad,exposicion,exposicion,1992,1990,Charco del Burro,Galería-Taller,,,MLT_DB_07_2016,individual
ex.453,Muestra de arte latino-americano de la Colección de Museo de Arte Moderno La Tertulia,exposicion,exposicion,1992,1990,Charco del Burro,Sala de la Colección-Maritza Uribe de Urdinola,,,MLT_DB_07_2016,n/d
ex.454,Fotografía Brasileña: Historia y Contemporaneidad,exposicion,exposicion,1992,1990,Charco del Burro,Sala de Exposiciones Rotatorias,,,MLT_DB_07_2016,colectiva
ex.455,Werner Bischof,exposicion,exposicion,1992,1990,Charco del Burro,Sala Alterna,,,MLT_DB_07_2016,individual
ex.456,Tuberculosis - SIDA: Un Diario,exposicion,exposicion,1992,1990,,,,,MLT_DB_07_2016,individual
ex.457,Ruven Afanador,exposicion,exposicion,1992,1990,Charco del Burro,Galería-Taller,,,MLT_DB_07_2016,individual
ex.458,José Antonio Suárez Londoño,exposicion,exposicion,1992,1990,Charco del Burro,Sala de Exposiciones Rotatorias,,,MLT_DB_07_2016,individual
ex.459,Muestra de pintura colombiana de la Colección del Museo de Arte Moderno La Tertulia 1992,exposicion,exposicion,1992,1990,Charco del Burro,Galería-Taller,,,MLT_DB_07_2016,colectiva
ex.461,Delia Cugat y Sergio Camporeale,exposicion,exposicion,1992,1990,Charco del Burro,Galería-Taller,,,MLT_DB_07_2016,colectiva
ex.460,María Cristina Cortés,exposicion,exposicion,1992,1990,Charco del Burro,Sala de la Colección-Maritza Uribe de Urdinola,,,MLT_DB_07_2016,individual
ex.463,Muestra de arte tridimensional latino-americano de la Colección del Museo de Arte Moderno La Tertulia 1993,exposicion,exposicion,1993,1990,Charco del Burro,Sala de la Colección-Maritza Uribe de Urdinola,,,MLT_DB_07_2016,colectiva
ex.462,Tina Celis,exposicion,exposicion,1993,1990,Charco del Burro,Galería-Taller,,,MLT_DB_07_2016,individual
ex.464,Exposición de litografías del Instituto Tamarind,exposicion,exposicion,1993,1990,Charco del Burro,Galería-Taller,,,MLT_DB_07_2016,colectiva
ex.465,Emma Reyes Máscaras,exposicion,exposicion,1993,1990,Charco del Burro,Sala de Exposiciones Rotatorias,,,MLT_DB_07_2016,individual
ex.466,Llamados de la Tierra: Earth Calls,exposicion,exposicion,1993,1990,Charco del Burro,Sala de la Colección-Maritza Uribe de Urdinola,,,MLT_DB_07_2016,individual
ex.467,Muestra de arte gráfico latino-americano de la Colección del Museo de Arte Moderno La Tertulia 1993,exposicion,exposicion,1993,1990,Charco del Burro,"Sala de la Colección-Maritza Uribe de Urdinola, Sala de Exposiciones Rotatorias",,,MLT_DB_07_2016,colectiva
ex.468,Pulsiones,exposicion,exposicion,1993,1990,Charco del Burro,Galería-Taller,,,MLT_DB_07_2016,colectiva
ex.469,Nadín Ospina,exposicion,exposicion,1993,1990,Charco del Burro,Sala de la Colección-Maritza Uribe de Urdinola,,,MLT_DB_07_2016,individual
ex.470,Muestra de arte venezolano,exposicion,exposicion,1993,1990,Charco del Burro,Galería-Taller,,,MLT_DB_07_2016,colectiva
ex.471,Vicky Neuman,exposicion,exposicion,1993,1990,Charco del Burro,Sala de Exposiciones Rotatorias,,,MLT_DB_07_2016,individual
ex.472,Muestra de arte cubano de la Colección del Museo de Arte Moderno La Tertulia,exposicion,exposicion,1993,1990,Charco del Burro,Sala de la Colección-Maritza Uribe de Urdinola,,,MLT_DB_07_2016,colectiva
ex.473,Muestra de pintura colombiana de la Colección del Museo de Arte Moderno La Tertulia 1993,exposicion,exposicion,1993,1990,Charco del Burro,Sala de Exposiciones Rotatorias,,,MLT_DB_07_2016,colectiva
ex.474,Exposición de nueva arquitectura colombiana,exposicion,exposicion,1993,1990,Charco del Burro,Sala de la Colección-Maritza Uribe de Urdinola,,,MLT_DB_07_2016,n/d
ex.475,Fernando Martínez Sanabria,exposicion,exposicion,1993,1990,Charco del Burro,Galería-Taller,,,MLT_DB_07_2016,individual
ex.476,Catalina Mejía,exposicion,exposicion,1993,1990,Charco del Burro,Galería-Taller,,,MLT_DB_07_2016,individual
ex.477,Beatriz Duque pinturas,exposicion,exposicion,1993,1990,Charco del Burro,Sala de la Colección-Maritza Uribe de Urdinola,,,MLT_DB_07_2016,individual
ex.478,Homenaje a Marta Traba,exposicion,exposicion,1993,1990,Charco del Burro,Sala de Exposiciones Rotatorias,,,MLT_DB_07_2016,colectiva
ex.479,Luis Roldán pinturas,exposicion,exposicion,1993,1990,Charco del Burro,Galería-Taller,,,MLT_DB_07_2016,individual
ex.480,Flora y Magia,exposicion,exposicion,1993,1990,Charco del Burro,"Sala de la Colección-Maritza Uribe de Urdinola, Sala de Exposiciones Rotatorias",,,MLT_DB_07_2016,individual
ex.481,Ocho Artistas de Cali,exposicion,exposicion,1994,1990,Charco del Burro,Galería-Taller,,,MLT_DB_07_2016,colectiva
ex.482,Tierra de nadie,exposicion,exposicion,1994,1990,Charco del Burro,Galería-Taller,,,MLT_DB_07_2016,individual
ex.485,Exposición de careteles cinematográficos británicos de los años 80,exposicion,exposicion,1994,1990,Charco del Burro,Sala de la Colección-Maritza Uribe de Urdinola,,,MLT_DB_07_2016,n/d
ex.483,Cuatro Pintores de Cartagena,exposicion,exposicion,1994,1990,Charco del Burro,Galería-Taller,,,MLT_DB_07_2016,colectiva
ex.486,Muestra de nuevas adquisiciones del Museo de Arte Moderno La Tertulia 1994,exposicion,exposicion,1994,1990,Charco del Burro,Galería-Taller,,,MLT_DB_07_2016,colectiva
ex.484,Arquitectura del Ferrocarril del Pacífico,exposicion,exposicion,1994,1990,Charco del Burro,Cinemateca,,,MLT_DB_07_2016,colectiva
ex.487,Bernardo Salcedo Objetos,exposicion,exposicion,1994,1990,Charco del Burro,Galería-Taller,,,MLT_DB_07_2016,individual
ex.488,Exposición de Carlos Jacanamijoy Tisoy,exposicion,exposicion,1994,1990,Charco del Burro,Galería-Taller,,,MLT_DB_07_2016,individual
ex.489,Exposición de Luis Fernando Escobar,exposicion,exposicion,1994,1990,Charco del Burro,Sala de Exposiciones Rotatorias,,,MLT_DB_07_2016,individual
ex.490,Jan Bartelsman retrospectiva,exposicion,exposicion,1994,1990,Charco del Burro,Sala de la Colección-Maritza Uribe de Urdinola,,,MLT_DB_07_2016,individual
ex.492,"Gabriel Silva pinturas, dibujos y objetos",exposicion,exposicion,1994,1990,Charco del Burro,Galería-Taller,,,MLT_DB_07_2016,individual
ex.493,Revelaciones,exposicion,exposicion,1994,1990,Charco del Burro,Galería-Taller,,,MLT_DB_07_2016,colectiva
ex.491,Muestra de maestros colombianos de la Colección de Arte Moderno La Tertulia,exposicion,exposicion,1994,1990,Charco del Burro,Galería-Taller,,,MLT_DB_07_2016,colectiva
ex.494,"Jim Amaral, esculturas",exposicion,exposicion,1994,1990,Charco del Burro,Galería-Taller,,,MLT_DB_07_2016,individual
ex.495,Rafael Ortiz premio pintura Edmon Cobo,exposicion,exposicion,1994,1990,Charco del Burro,Sala de la Colección-Maritza Uribe de Urdinola,,,MLT_DB_07_2016,individual
ex.496,Elías Heim,exposicion,exposicion,1994,1990,Charco del Burro,Sala de Exposiciones Rotatorias,,,MLT_DB_07_2016,individual
ex.497,Muestra de escultura colombiana de la Colección del Museo de Arte Moderno La Tertulia 1994,exposicion,exposicion,1994,1990,Charco del Burro,Sala de la Colección-Maritza Uribe de Urdinola,,,MLT_DB_07_2016,colectiva
ex.498,Acuáticas,exposicion,exposicion,1995,1990,Charco del Burro,Galería-Taller,,,MLT_DB_07_2016,individual
ex.500,Muestra de carteles cinematográficos de la Colección de la Cinemateca La Tertulia 1995,exposicion,exposicion,1995,1990,Charco del Burro,"Sala de Exposiciones Rotatorias, Galería-Taller, Sala Alterna",,,MLT_DB_07_2016,n/d
ex.499,Simón Rodríguez,exposicion,exposicion,1995,1990,Charco del Burro,Cinemateca,,,MLT_DB_07_2016,individual
ex.501,Arte y Tiempo,exposicion,exposicion,1995,1990,Charco del Burro,Sala de la Colección-Maritza Uribe de Urdinola,,,MLT_DB_07_2016,colectiva
ex.502,El Color de la Muerte,exposicion,exposicion,1995,1990,Charco del Burro,Galería-Taller,,,MLT_DB_07_2016,individual
ex.504,Muestra de fotografías y carteles cinematográficos de la Colección de la Cinemateca La Tertulia,exposicion,exposicion,1995,1990,Charco del Burro,Sala de la Colección-Maritza Uribe de Urdinola,,,MLT_DB_07_2016,n/d
ex.503,Abecedario Mágico,exposicion,exposicion,1995,1990,,,,,MLT_DB_07_2016,individual
ex.505,Comportamiento del Paisaje,exposicion,exposicion,1995,1990,Charco del Burro,Sala de Exposiciones Rotatorias,,,MLT_DB_07_2016,colectiva
ex.506,Punto de Apoyo: La Nueva Narrativa en la Plástica Contemporánea Colombiana,exposicion,exposicion,1995,1990,Charco del Burro,Galería-Taller,,,MLT_DB_07_2016,colectiva
ex.507,Miguel Ángel Reyes,exposicion,exposicion,1995,1990,Charco del Burro,Galería-Taller,,,MLT_DB_07_2016,individual
ex.508,Gregorio Cuartas,exposicion,exposicion,1995,1990,Charco del Burro,Sala de la Colección-Maritza Uribe de Urdinola,,,MLT_DB_07_2016,individual
ex.509,Muestra de arte colombiano de la Colección del Museo de Arte Moderno La Tertulia 1995,exposicion,exposicion,1995,1990,Charco del Burro,Sala de Exposiciones Rotatorias,,,MLT_DB_07_2016,colectiva
ex.510,Gerardo Rueda,exposicion,exposicion,1995,1990,Charco del Burro,Galería-Taller,,,MLT_DB_07_2016,individual
ex.512,Muestra de maestros mexicanos en la Colección del Museo de Arte Moderno La Tertulia,exposicion,exposicion,1995,1990,Charco del Burro,Galería-Taller,,,MLT_DB_07_2016,colectiva
ex.511,La Suite Madrileña,exposicion,exposicion,1995,1990,Charco del Burro,Sala Alterna,,,MLT_DB_07_2016,individual
ex.513,Teresa Cuéllar,exposicion,exposicion,1995,1990,Charco del Burro,Sala de la Colección-Maritza Uribe de Urdinola,,,MLT_DB_07_2016,individual
ex.515,"Salvador Dalí, Roberto Sebastían Matta, obra grafica",exposicion,exposicion,1995,1990,Charco del Burro,Sala de la Colección-Maritza Uribe de Urdinola,,,MLT_DB_07_2016,colectiva
ex.514,Narcisos,exposicion,exposicion,1995,1990,Charco del Burro,Galería-Taller,,,MLT_DB_07_2016,individual
ex.516,Muestra retrospectiva del Almanaque PROPAL,exposicion,exposicion,1995,1990,Charco del Burro,"Sala de la Colección-Maritza Uribe de Urdinola, Sala de Exposiciones Rotatorias",,,MLT_DB_07_2016,n/d
ex.517,Muestra de pintura colombiana de la Colección del Museo de Arte Moderno La Tertulia 1995,exposicion,exposicion,1995,1990,Charco del Burro,Galería-Taller,,,MLT_DB_07_2016,colectiva
ex.518,Imaginario,exposicion,exposicion,1996,1990,Charco del Burro,"Sala Alterna, Galería-Taller",,,MLT_DB_07_2016,colectiva
ex.519,Las Mariamulatas y las Galápagos,exposicion,exposicion,1996,1990,Charco del Burro,Galería-Taller,,,MLT_DB_07_2016,individual
ex.520,Carlos Rojas,exposicion,exposicion,1996,1990,Charco del Burro,Sala de la Colección-Maritza Uribe de Urdinola,,,MLT_DB_07_2016,individual
ex.521,Hernando Tejada 1,exposicion,exposicion,1996,1990,Charco del Burro,Sala de Exposiciones Rotatorias,,,MLT_DB_07_2016,individual
ex.523,José Horacio Martínez,exposicion,exposicion,1996,1990,Charco del Burro,Sala de la Colección-Maritza Uribe de Urdinola,,,MLT_DB_07_2016,individual
ex.522,Muestra de arte tridimencional de la Colección del Museo de Arte Moderno La Tertulia 1996,exposicion,exposicion,1996,1990,Charco del Burro,Galería-Taller,,,MLT_DB_07_2016,colectiva
ex.524,Hernando Tejada 2,exposicion,exposicion,1996,1990,Charco del Burro,Sala de Exposiciones Rotatorias,,,MLT_DB_07_2016,individual
ex.525,Natalia Restrepo,exposicion,exposicion,1996,1990,Charco del Burro,Sala de la Colección-Maritza Uribe de Urdinola,,,MLT_DB_07_2016,individual
ex.526,Muestra de pintura colombiana de la Colección del Museo de Arte Moderno La Tertulia 1996,exposicion,exposicion,1996,1990,Charco del Burro,Galería-Taller,,,MLT_DB_07_2016,colectiva
ex.528,Muestra de fotografia de la Colección del Museo de Arte Moderno La Tertulia 1996,exposicion,exposicion,1996,1990,Charco del Burro,Sala de la Colección-Maritza Uribe de Urdinola,,,MLT_DB_07_2016,n/d
ex.527,Gustavo Zalamea,exposicion,exposicion,1996,1990,Charco del Burro,Sala de la Colección-Maritza Uribe de Urdinola,,,MLT_DB_07_2016,individual
ex.529,Cuerpo Representado,exposicion,exposicion,1996,1990,Charco del Burro,Sala de Exposiciones Rotatorias,,,MLT_DB_07_2016,colectiva
ex.530,Alegoria y Reflexión,exposicion,exposicion,1996,1990,Charco del Burro,Galería-Taller,,,MLT_DB_07_2016,colectiva
ex.531,Exposición de Gustavo Zalamea 1996,exposicion,exposicion,1996,1990,Charco del Burro,Sala Alterna,,,MLT_DB_07_2016,individual
ex.532,Muestra de fotografía de la Colección del Museo de Arte Moderno La Tertulia 1996,exposicion,exposicion,1996,1990,Charco del Burro,"Sala Alterna, Galería-Taller",,,MLT_DB_07_2016,n/d
ex.533,Exposición de Pablo Van Wong 1996,exposicion,exposicion,1996,1990,Charco del Burro,Sala Alterna,,,MLT_DB_07_2016,individual
ex.534,Objetos Creativos,exposicion,exposicion,1996,1990,Charco del Burro,Sala de la Colección-Maritza Uribe de Urdinola,,,MLT_DB_07_2016,colectiva
ex.535,Muestra de pintura latino-americana de la Colección del Museo de Arte Moderno La Tertulia 1996,exposicion,exposicion,1996,1990,Charco del Burro,"Sala de la Colección-Maritza Uribe de Urdinola, Sala de Exposiciones Rotatorias",,,MLT_DB_07_2016,colectiva
ex.536,Estelas y Paisajes,exposicion,exposicion,1997,1990,Charco del Burro,"Galería-Taller, Sala Alterna",,,MLT_DB_07_2016,individual
ex.537,Visiones Latinoamericanas,exposicion,exposicion,1997,1990,Charco del Burro,"Galería-Taller, Sala Alterna",,,MLT_DB_07_2016,colectiva
ex.538,Los Cincuenta Caminos de la Vida,exposicion,exposicion,1997,1990,Charco del Burro,Sala Alterna,,,MLT_DB_07_2016,individual
ex.540,Muestra de arte gráfico norte-americano de la Colección del Museo de Arte Moderno La Tertulia 1997,exposicion,exposicion,1997,1990,Charco del Burro,"Sala de la Colección-Maritza Uribe de Urdinola, Sala de Exposiciones Rotatorias",,,MLT_DB_07_2016,n/d
ex.539,Tres Maestros Mexicanos,exposicion,exposicion,1997,1990,Charco del Burro,"Sala Alterna, Galería-Taller",,,MLT_DB_07_2016,colectiva
ex.541,Imaginación y Fantasía,exposicion,exposicion,1997,1990,Charco del Burro,"Galería-Taller, Sala Alterna",,,MLT_DB_07_2016,colectiva
ex.814,Arte contemporáneo colombiano en el museo de arte moderno la tertulia,exposicion,exposicion,1997,1990,Charco del Burro,Museo de Arte Moderno La Tertulia,,,MLT_DB_07_2016,colectiva
ex.542,Exposición de obra seriada,exposicion,exposicion,1997,1990,Charco del Burro,Sala de la Colección-Maritza Uribe de Urdinola,,,MLT_DB_07_2016,colectiva
ex.543,Muestra de nuevas adquisiciones del Museo de Arte Moderno La Tertulia 1997,exposicion,exposicion,1997,1990,Charco del Burro,Sala Alterna,,,MLT_DB_07_2016,colectiva
ex.544,Rey Tattoo,exposicion,exposicion,1997,1990,,,,,MLT_DB_07_2016,individual
ex.545,Quédese Quieto,exposicion,exposicion,1997,1990,Charco del Burro,"Galería-Taller, Sala Alterna",,,MLT_DB_07_2016,individual
ex.546,Retratos de Ciudad,exposicion,exposicion,1997,1990,Charco del Burro,Sala de la Colección-Maritza Uribe de Urdinola,,,MLT_DB_07_2016,individual
ex.548,VIII Salón Regional de Artes Visuales,exposicion,exposicion,1997,1990,Charco del Burro|externo,"Museo de Arte Moderno La Tertulia, Cámara de Comercio de Cali, Galería Arte Moderno, Galería de Bellas Artes, Museo La Merced, Proartes",,,MLT_DB_07_2016,colectiva
ex.547,Muestra de pintura y escultura colombiana de la Colección del Museo de Arte Moderno La Tertulia,exposicion,exposicion,1997,1990,Charco del Burro,Sala de la Colección-Maritza Uribe de Urdinola,,,MLT_DB_07_2016,colectiva
ex.549,Amazónica,exposicion,exposicion,1997,1990,Charco del Burro,Galería-Taller,,,MLT_DB_07_2016,individual
ex.816,Maria Thereza Negreiros,exposicion,exposicion,1997,1990,Charco del Burro,Museo de Arte Moderno La Tertulia,,,MLT_DB_07_2016,individual
ex.550,Caldos de Cultivo,exposicion,exposicion,1997,1990,Charco del Burro,Sala de la Colección-Maritza Uribe de Urdinola,,,MLT_DB_07_2016,individual
ex.551,Las Estrellas en el Trópico,exposicion,exposicion,1998,1990,Charco del Burro,"Galería-Taller, Sala Alterna",,,MLT_DB_07_2016,individual
ex.552,"Carlos Andrade, pinturas, cajas de luces y monotipos",exposicion,exposicion,1998,1990,Charco del Burro,"Galería-Taller, Sala Alterna",,,MLT_DB_07_2016,individual
ex.553,Grabados y Dibujos,exposicion,exposicion,1998,1990,Charco del Burro,"Sala de la Colección-Maritza Uribe de Urdinola, Sala de Exposiciones Rotatorias",,,MLT_DB_07_2016,individual
ex.554,"Rojo sobre Rojo. Johnnie Walker en las artes, Programa anual Johnnie Walker Red Label 1997 - 1998",exposicion,exposicion,1998,1990,Charco del Burro,"Galería-Taller, Sala Alterna",,,MLT_DB_07_2016,colectiva
ex.555,"Cristina Llano, pinturas y dibujos",exposicion,exposicion,1998,1990,Charco del Burro,Sala de la Colección-Maritza Uribe de Urdinola,,,MLT_DB_07_2016,individual
ex.556,Vida sin Razón de los Fantasmas,exposicion,exposicion,1998,1990,Charco del Burro,"Galería-Taller, Sala Alterna",,,MLT_DB_07_2016,individual
ex.557,El Último Vehículo,exposicion,exposicion,1998,1990,Charco del Burro,Sala de la Colección-Maritza Uribe de Urdinola,,,MLT_DB_07_2016,individual
ex.817,Hilda Crovo - Pintura,exposicion,exposicion,1998,1990,Charco del Burro,Galería-Taller,,,MLT_DB_07_2016,individual
ex.559,Muestra de arte tridimensional latino-americano de la Colección del Museo de Arte Moderno La Tertulia 1998,exposicion,exposicion,1998,1990,Charco del Burro,"Galería-Taller, Sala Alterna",,,MLT_DB_07_2016,colectiva
ex.560,"Muestra de artes boliviano, ecuatoriano y peruano de la Colección del Museo de Arte Moderno La Tertulia",exposicion,exposicion,1998,1990,Charco del Burro,"Galería-Taller, Sala Alterna",,,MLT_DB_07_2016,colectiva
ex.558,Exposición-homenaje a Jan Bartelsman y Hernando Tejada,exposicion,exposicion,1998,1990,Charco del Burro,Sala de la Colección-Maritza Uribe de Urdinola,,,MLT_DB_07_2016,colectiva
ex.561,"Cuatro Objetivos, Cuatro Miradas",exposicion,exposicion,1998,1990,Charco del Burro,"Sala Alterna, Galería-Taller",,,MLT_DB_07_2016,colectiva
ex.562,Luis Caballero,exposicion,exposicion,1998,1990,,,,,MLT_DB_07_2016,individual
ex.563,En la Punta de la Lengua,exposicion,exposicion,1998,1990,Charco del Burro,"Galería-Taller, Sala Alterna",,,MLT_DB_07_2016,individual
ex.565,Exposición de pintura en gran formato,exposicion,exposicion,1998,1990,Charco del Burro,Sala de Exposiciones Rotatorias,,,MLT_DB_07_2016,colectiva
ex.564,Ana Claudia Múnera,exposicion,exposicion,1998,1990,Charco del Burro,Sala de la Colección-Maritza Uribe de Urdinola,,,MLT_DB_07_2016,individual
ex.566,Carlos Salas Silva,exposicion,exposicion,1998,1990,Charco del Burro,"Galería-Taller, Sala Alterna",,,MLT_DB_07_2016,individual
ex.567,"""Retrospectiva""",exposicion,exposicion,1998,1990,Charco del Burro,Sala de la Colección-Maritza Uribe de Urdinola,,,MLT_DB_07_2016,individual
ex.568,Muestra de dibujo latino-americano de la Colección del Museo de Arte Moderno La Tertulia,exposicion,exposicion,1998,1990,Charco del Burro,Sala de Exposiciones Rotatorias,,,MLT_DB_07_2016,colectiva
ex.569,Bienal de Fotografia,exposicion,exposicion,1999,1990,Charco del Burro,Galería-Taller,,,MLT_DB_07_2016,n/d
ex.570,Dibujos,exposicion,exposicion,1999,1990,Charco del Burro,Sala de la Colección-Maritza Uribe de Urdinola,,,MLT_DB_07_2016,individual
ex.571,Brasil,exposicion,exposicion,1999,1990,Charco del Burro,Sala de Exposiciones Rotatorias,,,MLT_DB_07_2016,colectiva
ex.572,El Sueño,exposicion,exposicion,1999,1990,Charco del Burro,Galería-Taller,,,MLT_DB_07_2016,individual
ex.573,Maria Clara Piñeyro Pinturas - Muebles,exposicion,exposicion,1999,1990,Charco del Burro,Sala de Exposiciones Rotatorias,,,MLT_DB_07_2016,individual
ex.575,Pluridimensional: 20 Artistas Colombianos en la Colección del Museo de Arte Moderno La Tertulia,exposicion,exposicion,1999,1990,Charco del Burro,"Galería-Taller, Sala Alterna",,,MLT_DB_07_2016,colectiva
ex.574,Guardianes de la Tierra,exposicion,exposicion,1999,1990,Charco del Burro,Sala de la Colección-Maritza Uribe de Urdinola,,,MLT_DB_07_2016,individual
ex.576,Manglares,exposicion,exposicion,1999,1990,Charco del Burro,Sala de Exposiciones Rotatorias,,,MLT_DB_07_2016,individual
ex.577,Negret,exposicion,exposicion,1999,1990,Charco del Burro,Galería-Taller,,,MLT_DB_07_2016,individual
ex.578,Excéntricas pero Nunca Mienten,exposicion,exposicion,1999,1990,Charco del Burro,Sala Alterna,,,MLT_DB_07_2016,individual
ex.579,Intentos,exposicion,exposicion,1999,1990,Charco del Burro,Sala de la Colección-Maritza Uribe de Urdinola,,,MLT_DB_07_2016,individual
ex.580,Elías Heim,exposicion,exposicion,1999,1990,Charco del Burro,Sala de Exposiciones Rotatorias,,,MLT_DB_07_2016,individual
ex.581,III Festival de Performance,exposicion,exposicion,1999,1990,Charco del Burro,"Galería-Taller, Sala Alterna",,,MLT_DB_07_2016,colectiva
ex.582,Cadenas Alimenticias,exposicion,exposicion,1999,1990,Charco del Burro,"Galería-Taller, Sala Alterna",,,MLT_DB_07_2016,individual
ex.583,"La Gloria, la Corte y el Mundo",exposicion,exposicion,2000,2000,Charco del Burro,Sala de Exposiciones Rotatorias,,,MLT_DB_07_2016,individual
ex.585,Sobre la Muerte,exposicion,exposicion,2000,2000,Charco del Burro,"Galería-Taller, Sala Alterna",,,MLT_DB_07_2016,colectiva
ex.584,"De Ninfas Tropicales, Variaciones",exposicion,exposicion,2000,2000,Charco del Burro,Sala de la Colección-Maritza Uribe de Urdinola,,,MLT_DB_07_2016,individual
ex.586,Exposición-homenaje a Leonel Góngora,exposicion,exposicion,2000,2000,Charco del Burro,Sala de Exposiciones Rotatorias,,,MLT_DB_07_2016,individual
ex.587,Exposición de los Premios de los Salones Nacionales (1940-1998),exposicion,exposicion,2000,2000,Charco del Burro,"Galería-Taller, Sala Alterna",,,MLT_DB_07_2016,n/d
ex.588,Beatriz González,exposicion,exposicion,2000,2000,Charco del Burro,Sala de la Colección-Maritza Uribe de Urdinola,,,MLT_DB_07_2016,individual
ex.589,Wols,exposicion,exposicion,2000,2000,Charco del Burro,"Galería-Taller, Sala Alterna",,,MLT_DB_07_2016,individual
ex.590,De-lineamientos,exposicion,exposicion,2000,2000,Charco del Burro,Sala de la Colección-Maritza Uribe de Urdinola,,,MLT_DB_07_2016,colectiva
ex.591,20 Pintores Latino-americanos,exposicion,exposicion,2000,2000,Charco del Burro,Sala de la Colección-Maritza Uribe de Urdinola,,,MLT_DB_07_2016,colectiva
ex.592,Espacios Entretejidos: Arte-moda y Vestido,exposicion,exposicion,2000,2000,Charco del Burro,"Galería-Taller, Sala Alterna",,,MLT_DB_07_2016,n/d
ex.593,Pinturas recientes,exposicion,exposicion,2000,2000,Charco del Burro,Sala de la Colección-Maritza Uribe de Urdinola,,,MLT_DB_07_2016,individual
ex.594,Bestiario,exposicion,exposicion,2000,2000,Charco del Burro,Sala de la Colección-Maritza Uribe de Urdinola,,,MLT_DB_07_2016,colectiva
ex.595,Exposición de tapicería persa,exposicion,exposicion,2000,2000,Charco del Burro,Sala Alterna,,,MLT_DB_07_2016,n/d
ex.596,Ana Velasco Ficciones Retinianas,exposicion,exposicion,2000,2000,Charco del Burro,Nuevas Salas,,,MLT_DB_07_2016,individual
ex.597,Enrique Grau,exposicion,exposicion,2000,2000,Charco del Burro,Nuevas Salas,,,MLT_DB_07_2016,individual
ex.598,Muestra de maestros latino-americanos de la Colección del Museo de Arte Moderno La Tertulia 2001,exposicion,exposicion,2001,2000,Charco del Burro,Nuevas Salas,,,MLT_DB_07_2016,colectiva
ex.599,Édgar Negret,exposicion,exposicion,2001,2000,Charco del Burro,Sala de Exposiciones Rotatorias,,,MLT_DB_07_2016,individual
ex.600,Salón Atma de Fotografía,exposicion,exposicion,2001,2000,Charco del Burro,Sala de la Colección-Maritza Uribe de Urdinola,,,MLT_DB_07_2016,colectiva
ex.601,Secuencias de Estudio,exposicion,exposicion,2001,2000,Charco del Burro,Sala de Exposiciones Rotatorias,,,MLT_DB_07_2016,individual
ex.603,Exposición de tapicería persa,exposicion,exposicion,2001,2000,Charco del Burro,Nuevas Salas,,,MLT_DB_07_2016,n/d
ex.602,Testigos Silenciosos,exposicion,exposicion,2001,2000,Charco del Burro,Sala de la Colección-Maritza Uribe de Urdinola,,,MLT_DB_07_2016,individual
ex.604,Exposición de Horst Janssen,exposicion,exposicion,2001,2000,Charco del Burro,Sala de Exposiciones Rotatorias,,,MLT_DB_07_2016,individual
ex.606,Retratos y Autorretratos,exposicion,exposicion,2001,2000,Charco del Burro,Sala de la Colección-Maritza Uribe de Urdinola,,,MLT_DB_07_2016,colectiva
ex.605,IV Festival de Performance,exposicion,exposicion,2001,2000,Charco del Burro,Todo el Museo,,,MLT_DB_07_2016,colectiva
ex.607,Muestra de arte tridimensional latino-americano de la Colección del Museo de Arte Moderno La Tertulia 2001,exposicion,exposicion,2001,2000,Charco del Burro,Nuevas Salas,,,MLT_DB_07_2016,colectiva
ex.608,Muestra de pintura y escultura latino-americana de la Colección del Museo de Arte Moderno La Tertulia 2001,exposicion,exposicion,2001,2000,Charco del Burro,Sala Alterna,,,MLT_DB_07_2016,colectiva
ex.609,Pablo Van Wong,exposicion,exposicion,2001,2000,Charco del Burro,Nuevas Salas,,,MLT_DB_07_2016,individual
ex.610,Amazonas-Putumayo: Los Colores de la Biodiversidad,exposicion,exposicion,2001,2000,Charco del Burro,Nuevas Salas,,,MLT_DB_07_2016,colectiva
ex.611,Movilización: El diseño para reunir,exposicion,exposicion,2001,2000,Charco del Burro,Sala de Exposiciones Rotatorias,,,MLT_DB_07_2016,colectiva
ex.612,Rosemberg Sandoval,exposicion,exposicion,2001,2000,Charco del Burro,Sala de la Colección-Maritza Uribe de Urdinola,,,MLT_DB_07_2016,individual
ex.613,Débora Arango,exposicion,exposicion,2001,2000,Charco del Burro,Sala de la Colección-Maritza Uribe de Urdinola,,,MLT_DB_07_2016,individual
ex.614,Exposición de tapiceria persa y kilims,exposicion,exposicion,2001,2000,Charco del Burro,Jardines del Museo,,,MLT_DB_07_2016,n/d
ex.615,Dominique Mazeaud,exposicion,exposicion,2001,2000,Charco del Burro,Sala de Exposiciones Rotatorias,,,MLT_DB_07_2016,individual
ex.617,Imágenes Succionantes/Paisajes Intervenidos,exposicion,exposicion,2001,2000,Charco del Burro,Nuevas Salas,,,MLT_DB_07_2016,individual
ex.616,Amor y Erotismo,exposicion,exposicion,2001,2000,Charco del Burro,Sala de Exposiciones Rotatorias,,,MLT_DB_07_2016,colectiva
ex.619,Muestra de arte tridimensional latinoamericano de la Colección del Museo de Arte Moderno La Tertulia 2002,exposicion,exposicion,2002,2000,,,,,MLT_DB_07_2016,colectiva
ex.618,Arquitectura de la Memoria,exposicion,exposicion,2002,2000,Charco del Burro,Nuevas Salas,,,MLT_DB_07_2016,individual
ex.620,Frida Khalo y Diego Rivera: Una Sonrisa a Mitad del Camino,exposicion,exposicion,2002,2000,Charco del Burro,Sala de la Colección-Maritza Uribe de Urdinola,,,MLT_DB_07_2016,n/d
ex.621,Texto y Textualidad,exposicion,exposicion,2002,2000,Charco del Burro,Nuevas Salas,,,MLT_DB_07_2016,colectiva
ex.819,Seis Artistas Colombianos,exposicion,exposicion,2002,2000,Charco del Burro,Sala de la Colección-Maritza Uribe de Urdinola,,,MLT_DB_07_2016,colectiva
ex.622,Muestra de arte colombiano de la Colección del Museo de Arte Moderno La Tertulia 2002,exposicion,exposicion,2002,2000,Charco del Burro,"Sala de la Colección-Maritza Uribe de Urdinola, Sala de Exposiciones Rotatorias",,,MLT_DB_07_2016,colectiva
ex.623,Naturaleza y Paisaje,exposicion,exposicion,2002,2000,Charco del Burro,Sala de la Colección-Maritza Uribe de Urdinola,,,MLT_DB_07_2016,colectiva
ex.624,Jan Bartelsman,exposicion,exposicion,2002,2000,,,,,MLT_DB_07_2016,individual
ex.625,Exposición de carteles cinematográficos alemanes,exposicion,exposicion,2002,2000,Charco del Burro,Jardines del Museo,,,MLT_DB_07_2016,n/d
ex.626,V Festival de Performance,exposicion,exposicion,2002,2000,Charco del Burro,Nuevas Salas,,,MLT_DB_07_2016,colectiva
ex.627,Paisaje de la Movilidad: Muestra de Arquitectura Contemporánea Francesa,exposicion,exposicion,2002,2000,Charco del Burro,Nuevas Salas,,,MLT_DB_07_2016,n/d
ex.629,Exposición de arte colonial de la Capilla de San Juan Bautista de Bohío Toro,exposicion,exposicion,2002,2000,Charco del Burro,Nuevas Salas,,,MLT_DB_07_2016,n/d
ex.628,Distancia y Proximidad,exposicion,exposicion,2002,2000,Charco del Burro,Sala Alterna,,,MLT_DB_07_2016,colectiva
ex.630,Exposición de arte gráfico francés,exposicion,exposicion,2002,2000,Charco del Burro,Sala de la Colección-Maritza Uribe de Urdinola,,,MLT_DB_07_2016,colectiva
ex.634,Acotaciones Entorno a la Fotografía,exposicion,exposicion,2002,2000,Charco del Burro,Sala de la Colección-Maritza Uribe de Urdinola,,,MLT_DB_07_2016,colectiva
ex.631,Antonio Caro,exposicion,exposicion,2002,2000,Charco del Burro,Sala de la Colección-Maritza Uribe de Urdinola,,,MLT_DB_07_2016,individual
ex.632,Tres Fotográfos de la República Popular China,exposicion,exposicion,2002,2000,Charco del Burro,Sala Alterna,,,MLT_DB_07_2016,colectiva
ex.633,Exposición de mujeres artistas colombianas,exposicion,exposicion,2002,2000,Charco del Burro,Nuevas Salas,,,MLT_DB_07_2016,colectiva
ex.635,Exposición de tapicería persa,exposicion,exposicion,2002,2000,Charco del Burro,Sala de Exposiciones Rotatorias,,,MLT_DB_07_2016,n/d
ex.636,Jaime Cárdenas,exposicion,exposicion,2002,2000,Charco del Burro,Sala de la Colección-Maritza Uribe de Urdinola,,,MLT_DB_07_2016,individual
ex.637,Arquitectura Moderna en Colombia: Época de Oro,exposicion,exposicion,2002,2000,Charco del Burro,Nuevas Salas,,,MLT_DB_07_2016,n/d
ex.638,Vibraciones,exposicion,exposicion,2002,2000,Charco del Burro,Sala de la Colección-Maritza Uribe de Urdinola,,,MLT_DB_07_2016,colectiva
ex.639,Muestra de arte colombiano de los años 90 de la Colección de Museo de Arte Moderno La Tertulia,exposicion,exposicion,2002,2000,Charco del Burro,Sala de la Colección-Maritza Uribe de Urdinola,,,MLT_DB_07_2016,colectiva
ex.640,Tauromaquia,exposicion,exposicion,2003,2000,Charco del Burro,Nuevas Salas,,,MLT_DB_07_2016,individual
ex.641,La María y Otras Series,exposicion,exposicion,2003,2000,Charco del Burro,Sala de la Colección-Maritza Uribe de Urdinola,,,MLT_DB_07_2016,individual
ex.642,Marta Traba 1930 - 1983,exposicion,exposicion,2003,2000,Charco del Burro,Sala de la Colección-Maritza Uribe de Urdinola,,,MLT_DB_07_2016,colectiva
ex.643,Elías Heim,exposicion,exposicion,2003,2000,Charco del Burro,Sala de la Colección-Maritza Uribe de Urdinola,,,MLT_DB_07_2016,individual
ex.644,Homenaje a Ruquita,exposicion,exposicion,2003,2000,Charco del Burro,Nuevas Salas,,,MLT_DB_07_2016,n/d
ex.646,Maestros Colombianos a través del Dibujo,exposicion,exposicion,2003,2000,Charco del Burro,Sala de Exposiciones Rotatorias,,,MLT_DB_07_2016,colectiva
ex.645,Exposición conmemorativa de los 10 años de vida del Taller de Restauración del Museo de Arte Moderno La Tertulia,exposicion,exposicion,2003,2000,,,,,MLT_DB_07_2016,n/d
ex.647,Riesgo - Carlos Andrade y Todd Ayoung,exposicion,exposicion,2003,2000,Charco del Burro,Sala de la Colección-Maritza Uribe de Urdinola,,,MLT_DB_07_2016,colectiva
ex.648,Francois Dolmetsch - Retrospectiva,exposicion,exposicion,2003,2000,Charco del Burro,Nuevas Salas,,,MLT_DB_07_2016,individual
ex.649,Muestra de arte gráfico latino-americano de la Colección del Museo de Arte Moderno La Tertulia 2003,exposicion,exposicion,2003,2000,Charco del Burro,Nuevas Salas,,,MLT_DB_07_2016,n/d
ex.650,Documentos fotográficos de Werner Herzog,exposicion,exposicion,2003,2000,Charco del Burro,Nuevas Salas,,,MLT_DB_07_2016,individual
ex.652,Muestra de pintura y escultura latino-americana de la Colección del Museo de Arte Moderno La Tertulia 2003,exposicion,exposicion,2003,2000,Charco del Burro,Nuevas Salas,,,MLT_DB_07_2016,n/d
ex.651,Europeos en París,exposicion,exposicion,2003,2000,Charco del Burro,Nuevas Salas,,,MLT_DB_07_2016,colectiva
ex.653,Martín Chambi,exposicion,exposicion,2003,2000,Charco del Burro,Sala Alterna,,,MLT_DB_07_2016,individual
ex.655,"Ariza, Pintor de los Andes",exposicion,exposicion,2003,2000,Charco del Burro,"Sala de la Colección-Maritza Uribe de Urdinola, Sala de Exposiciones Rotatorias, Sala Alterna",,,MLT_DB_07_2016,individual
ex.654,Grabados: 1942-2002 Enrique Grau,exposicion,exposicion,2003,2000,Charco del Burro,Sala de la Colección-Maritza Uribe de Urdinola,,,MLT_DB_07_2016,individual
ex.656,X Salón Regional - Zona Sur,exposicion,exposicion,2003,2000,Charco del Burro,Nuevas Salas,,,MLT_DB_07_2016,colectiva
ex.657,Una Mirada Intimista al Arte Colombiano,exposicion,exposicion,2003,2000,Charco del Burro,Sala de la Colección-Maritza Uribe de Urdinola,,,MLT_DB_07_2016,colectiva
ex.658,Gráfica Norteamericana,exposicion,exposicion,2003,2000,Charco del Burro,Sala de la Colección-Maritza Uribe de Urdinola,,,MLT_DB_07_2016,colectiva
ex.659,Muestra de pintura y escultura latino-americana de la Colección del Museo de Arte Moderno La Tertulia 2004,exposicion,exposicion,2003,2000,Charco del Burro,Nuevas Salas,,,MLT_DB_07_2016,n/d
ex.660,Kim Manresa,exposicion,exposicion,2004,2000,Charco del Burro,Nuevas Salas,,,MLT_DB_07_2016,individual
ex.661,República de la Palabra,exposicion,exposicion,2004,2000,Charco del Burro,Sala de la Colección-Maritza Uribe de Urdinola,,,MLT_DB_07_2016,colectiva
ex.662,Exposición de mujeres artistas,exposicion,exposicion,2004,2000,Charco del Burro,Sala Alterna,,,MLT_DB_07_2016,colectiva
ex.663,Enrique Buenaventura,exposicion,exposicion,2004,2000,Charco del Burro,Nuevas Salas,,,MLT_DB_07_2016,individual
ex.664,Jaime Franco,exposicion,exposicion,2004,2000,Charco del Burro,Sala de la Colección-Maritza Uribe de Urdinola,,,MLT_DB_07_2016,individual
ex.665,Arte americano 2004,exposicion,exposicion,2004,2000,Charco del Burro,Sala de Exposiciones Rotatorias,,,MLT_DB_07_2016,n/d
ex.666,Diez Metros Cúbicos: Cuarto Mundo,exposicion,exposicion,2004,2000,Charco del Burro,Sala de la Colección-Maritza Uribe de Urdinola,,,MLT_DB_07_2016,individual
ex.820,Herbario de Plantas artificiales - Alberto Baraya,exposicion,exposicion,2004,2000,Charco del Burro,Sala de la Colección-Maritza Uribe de Urdinola,,,MLT_DB_07_2016,individual
ex.667,Enrique Grau 1920 - 2004 y su generación,exposicion,exposicion,2004,2000,Charco del Burro,Sala de la Colección-Maritza Uribe de Urdinola,,,MLT_DB_07_2016,individual
ex.668,Enrique Grau y Su Generación,exposicion,exposicion,2004,2000,Charco del Burro,Nuevas Salas,,,MLT_DB_07_2016,colectiva
ex.669,Alberto Baraya y Víctor Robledo,exposicion,exposicion,2004,2000,Charco del Burro,Sala de Exposiciones Rotatorias,,,MLT_DB_07_2016,colectiva
ex.670,XIX Bienal de Arquitectura Colombiana,exposicion,exposicion,2004,2000,Charco del Burro,Nuevas Salas,,,MLT_DB_07_2016,n/d
ex.671,Muestra de fotografía de la Colección del Museo de Arte Moderno La Tertulia 2004,exposicion,exposicion,2004,2000,Charco del Burro,Sala de la Colección-Maritza Uribe de Urdinola,,,MLT_DB_07_2016,colectiva
ex.672,Exposición de calcografías del Louvre,exposicion,exposicion,2004,2000,Charco del Burro,Sala de la Colección-Maritza Uribe de Urdinola,,,MLT_DB_07_2016,n/d
ex.675,Dibujar en las Americas,exposicion,exposicion,2004,2000,Charco del Burro,Nuevas Salas,,,MLT_DB_07_2016,colectiva
ex.676,Fashion Art,exposicion,exposicion,2004,2000,Charco del Burro,Sala de Exposiciones Rotatorias,,,MLT_DB_07_2016,n/d
ex.674,Otro documento,exposicion,exposicion,2004,2000,Charco del Burro,Sala Subterránea,,,MLT_DB_07_2016,individual
ex.673,Donación Botero 2004,exposicion,exposicion,2004,2000,Charco del Burro,Sala de Exposiciones Rotatorias,,,MLT_DB_07_2016,individual
ex.677,Cafés Literarios,exposicion,exposicion,2004,2000,Charco del Burro,Nuevas Salas,,,MLT_DB_07_2016,n/d
ex.678,Muestra de Édgar Negret y de nuevas adquisiciones del Museo de Arte Moderno La Tertulia,exposicion,exposicion,2004,2000,Charco del Burro,Sala de la Colección-Maritza Uribe de Urdinola,,,MLT_DB_07_2016,colectiva
ex.679,Exposición-homenaje a Maritza Uribe de Urdinola,exposicion,exposicion,2004,2000,Charco del Burro,Sala de la Colección-Maritza Uribe de Urdinola,,,MLT_DB_07_2016,n/d
ex.680,Muestra de maestros latino-americanos de la Colección del Museo de Arte Moderno La Tertulia 2004,exposicion,exposicion,2004,2000,Charco del Burro,Sala de la Colección-Maritza Uribe de Urdinola,,,MLT_DB_07_2016,colectiva
ex.682,Muestra de arte gráfico latino-americano de la Colección del Museo de Arte Moderno La Tertulia 2005,exposicion,exposicion,2005,2000,Charco del Burro,Nuevas Salas,,,MLT_DB_07_2016,n/d
ex.821,François Dolmetsch Fotografías - Retrospectiva,exposicion,exposicion,2005,2000,Charco del Burro,Sala de la Colección-Maritza Uribe de Urdinola,,,MLT_DB_07_2016,individual
ex.683,"Muestra de escultura, fotografía y nuevas adquisiciones del Museo de Arte Moderno La Tertulia",exposicion,exposicion,2005,2000,Charco del Burro,Nuevas Salas,,,MLT_DB_07_2016,colectiva
ex.684,Contra el Olvido,exposicion,exposicion,2005,2000,Charco del Burro,Sala de Exposiciones Rotatorias,,,MLT_DB_07_2016,colectiva
ex.681,El artista y la alquimia - Litografías del Tamarind Institute,exposicion,exposicion,2005,2000,Charco del Burro,Sala de Exposiciones Rotatorias,,,MLT_DB_07_2016,n/d
ex.685,François Dolmetsch Sinfonía desnuda,exposicion,exposicion,2005,2000,Charco del Burro,Sala de la Colección-Maritza Uribe de Urdinola,,,MLT_DB_07_2016,individual
ex.686,El Retrato: Realidad y Percepción,exposicion,exposicion,2005,2000,Charco del Burro,Nuevas Salas,,,MLT_DB_07_2016,colectiva
ex.687,Exposición de Carlos Rojas 2005,exposicion,exposicion,2005,2000,Charco del Burro,Nuevas Salas,,,MLT_DB_07_2016,individual
ex.688,Terrorista Colombiano,exposicion,exposicion,2005,2000,Charco del Burro,Nuevas Salas,,,MLT_DB_07_2016,individual
ex.690,Fragmentum,exposicion,exposicion,2005,2000,Charco del Burro,Sala Subterránea,,,MLT_DB_07_2016,individual
ex.689,Exposición de Diego Pombo,exposicion,exposicion,2005,2000,Charco del Burro,Sala de la Colección-Maritza Uribe de Urdinola,,,MLT_DB_07_2016,individual
ex.692,Pura Ilusión y Gente Brillante,exposicion,exposicion,2005,2000,Charco del Burro,Sala de Exposiciones Rotatorias,,,MLT_DB_07_2016,colectiva
ex.691,Un Siglo de Grabado Chino,exposicion,exposicion,2005,2000,Charco del Burro,Sala Alterna,,,MLT_DB_07_2016,n/d
ex.693,Cali: Ciudad Visible,exposicion,exposicion,2005,2000,Charco del Burro,Sala de la Colección-Maritza Uribe de Urdinola,,,MLT_DB_07_2016,n/d
ex.694,El Acontecer Social en la Vida de Pedro Nel Gómez,exposicion,exposicion,2005,2000,Charco del Burro,Nuevas Salas,,,MLT_DB_07_2016,individual
ex.695,Juan Antonio Roda - Grabados,exposicion,exposicion,2005,2000,Charco del Burro,Nuevas Salas,,,MLT_DB_07_2016,individual
ex.696,Ana Mercedes Hoyos - Antología,exposicion,exposicion,2005,2000,Charco del Burro,Sala de Exposiciones Rotatorias,,,MLT_DB_07_2016,individual
ex.697,Gustavo Hansson,exposicion,exposicion,2005,2000,Charco del Burro,Sala de Exposiciones Rotatorias,,,MLT_DB_07_2016,individual
ex.699,Ciudad-quimera: Propuestas Utopicas para Cali,exposicion,exposicion,2005,2000,Charco del Burro,Sala Alterna,,,MLT_DB_07_2016,individual
ex.698,En torno al Cuerpo,exposicion,exposicion,2005,2000,Charco del Burro,Sala Alterna,,,MLT_DB_07_2016,colectiva
ex.700,Salón Regional,exposicion,exposicion,2005,2000,Charco del Burro,Nuevas Salas,,,MLT_DB_07_2016,n/d
ex.701,Entre Siglos,exposicion,exposicion,2005,2000,Charco del Burro,Sala Alterna,,,MLT_DB_07_2016,colectiva
ex.703,Salón de Arte Joven 2005,exposicion,exposicion,2005,2000,Charco del Burro,Sala de Exposiciones Rotatorias,,,MLT_DB_07_2016,n/d
ex.702,Raheel Bruns,exposicion,exposicion,2005,2000,Charco del Burro,Sala de la Colección-Maritza Uribe de Urdinola,,,MLT_DB_07_2016,individual
ex.704,La Inmortalidad de los Inmortales y Cosas del Pasado,exposicion,exposicion,2006,2000,Charco del Burro,Nuevas Salas,,,MLT_DB_07_2016,colectiva
ex.706,Erika Diettes - Silencios,exposicion,exposicion,2006,2000,Charco del Burro,Galería-Taller,,,MLT_DB_07_2016,individual
ex.705,Eduardo Ramírez Villamizar y su Entorno,exposicion,exposicion,2006,2000,Charco del Burro,Sala de Exposiciones Rotatorias,,,MLT_DB_07_2016,colectiva
ex.707,Opus Senectus,exposicion,exposicion,2006,2000,Charco del Burro,Sala de Exposiciones Rotatorias,,,MLT_DB_07_2016,individual
ex.710,Exposición de dibujo español del Siglo XX,exposicion,exposicion,2006,2000,Charco del Burro,Sala Alterna,,,MLT_DB_07_2016,n/d
ex.822,Dibujos Españoles del siglo XX,exposicion,exposicion,2006,2000,,,,,MLT_DB_07_2016,n/d
ex.709,Diez Artistas Vallecaucanos,exposicion,exposicion,2006,2000,Charco del Burro,Sala de la Colección-Maritza Uribe de Urdinola,,,MLT_DB_07_2016,colectiva
ex.708,Al Aire Libre: Paisajes,exposicion,exposicion,2006,2000,Charco del Burro,Sala Alterna,,,MLT_DB_07_2016,colectiva
ex.712,Sombras de Plata,exposicion,exposicion,2006,2000,Charco del Burro,"Sala de la Colección-Maritza Uribe de Urdinola, Sala de Exposiciones Rotatorias",,,MLT_DB_07_2016,individual
ex.711,El Gran Camino Inca,exposicion,exposicion,2006,2000,externo,Espacio Temporal,,,MLT_DB_07_2016,n/d
ex.713,Abstracción y Diáspora,exposicion,exposicion,2006,2000,Charco del Burro,Nuevas Salas,,,MLT_DB_07_2016,colectiva
ex.714,Mi Selección Colombia,exposicion,exposicion,2006,2000,Charco del Burro,"Sala de la Colección-Maritza Uribe de Urdinola, Sala de Exposiciones Rotatorias",,,MLT_DB_07_2016,individual
ex.715,Tropicales y Modernas: Arquitecturas Emergentes en Cali,exposicion,exposicion,2006,2000,Charco del Burro,"Sala de la Colección-Maritza Uribe de Urdinola, Sala de Exposiciones Rotatorias",,,MLT_DB_07_2016,colectiva
ex.716,La Arquitectura en Colombia y el Sentido del Lugar en los Últimos 25 Años,exposicion,exposicion,2006,2000,Charco del Burro,Nuevas Salas,,,MLT_DB_07_2016,n/d
ex.717,De la Memoria Urbana,exposicion,exposicion,2006,2000,Charco del Burro,Nuevas Salas,,,MLT_DB_07_2016,individual
ex.718,Exposición de pintura infantil,exposicion,exposicion,2006,2000,Charco del Burro,Sala de Exposiciones Rotatorias,,,MLT_DB_07_2016,n/d
ex.719,Salón de Arte Joven 2006,exposicion,exposicion,2006,2000,Charco del Burro,Sala de la Colección-Maritza Uribe de Urdinola,,,MLT_DB_07_2016,n/d
ex.721,Muestra de pintura latino-americana de la Colección del Museo de Arte Moderno La Tertulia 2006,exposicion,exposicion,2006,2000,Charco del Burro,Sala Alterna,,,MLT_DB_07_2016,n/d
ex.722,Estereotipos,exposicion,exposicion,2006,2000,Charco del Burro,Sala Alterna,,,MLT_DB_07_2016,colectiva
ex.720,Verdad y Simulación: Fotografía Colombiana de los Últimos 50 Años del Siglo XX,exposicion,exposicion,2006,2000,Charco del Burro,Nuevas Salas,,,MLT_DB_07_2016,n/d
ex.723,Fotografías,exposicion,exposicion,2006,2000,Charco del Burro,Nuevas Salas,,,MLT_DB_07_2016,individual
ex.724,XX Bienal de Arquitectura Colombiana,exposicion,exposicion,2006,2000,Charco del Burro,Sala de la Colección-Maritza Uribe de Urdinola,,,MLT_DB_07_2016,n/d
ex.725,Muestra Iberoamericana de Bienales de Arquitectura,exposicion,exposicion,2006,2000,,,,,MLT_DB_07_2016,n/d
ex.728,Bachs Carteles Cinematográficos,exposicion,exposicion,2007,2000,,,,,MLT_DB_07_2016,individual
ex.824,Monica Meira,exposicion,exposicion,2007,2000,,,,,MLT_DB_07_2016,individual
ex.731,"Floras, Diana Saldarriaga",exposicion,exposicion,2007,2000,Charco del Burro,Sala Taller,,,MLT_DB_07_2016,individual
ex.733,Negreiros Retrospectiva Rompiendo espacios 1961–2007,exposicion,exposicion,2007,2000,,,,,MLT_DB_07_2016,individual
ex.734,"Santiago Harker, Huellas de Plata - Photocali 2007",exposicion,exposicion,2007,2000,,,,,MLT_DB_07_2016,individual
ex.726,Travesía,exposicion,exposicion,2007,2000,,,,,MLT_DB_07_2016,individual
ex.727,La Eva moderna,exposicion,exposicion,2007,2000,,,,,MLT_DB_07_2016,n/d
ex.729,"Pinturas, Dibujos y Grabados",exposicion,exposicion,2007,2000,,,,,MLT_DB_07_2016,n/d
ex.730,Obra mas reciente,exposicion,exposicion,2007,2000,,,,,MLT_DB_07_2016,n/d
ex.732,Atrato,exposicion,exposicion,2007,2000,,,,,MLT_DB_07_2016,individual
ex.735,Ómar Rayo - Fosíl del fuego Homenaje 80 años,exposicion,exposicion,2007,2000,Charco del Burro,Sala de la Colección-Maritza Uribe de Urdinola,,,MLT_DB_07_2016,individual
ex.736,Artefacto,exposicion,exposicion,2008,2000,Charco del Burro,Sala de la Colección-Maritza Uribe de Urdinola,,,MLT_DB_07_2016,colectiva
ex.737,La Casa Flotante,exposicion,exposicion,2008,2000,Charco del Burro,Sala de la Colección-Maritza Uribe de Urdinola,,,MLT_DB_07_2016,individual
ex.738,Space Invaders,exposicion,exposicion,2008,2000,Charco del Burro,Sala Subterránea,,,MLT_DB_07_2016,colectiva
ex.739,Premonitoria,exposicion,exposicion,2008,2000,Charco del Burro,Sala de la Colección-Maritza Uribe de Urdinola,,,MLT_DB_07_2016,individual
ex.812,Presentación y Representación,exposicion,exposicion,2008,2000,Charco del Burro,"Sala de la Colección-Maritza Uribe de Urdinola, Sala Alterna, Galería-Taller, Sala Subterránea, Sala de Proyectos",,,MLT_DB_07_2016,colectiva
ex.740,Carteles Cinematográficos,exposicion,exposicion,2009,2000,Charco del Burro,"Sala de la Colección-Maritza Uribe de Urdinola, Sala Subterránea",,,MLT_DB_07_2016,n/d
ex.743,Paisajes de la conciencia,exposicion,exposicion,2009,2000,Charco del Burro,Sala de la Colección-Maritza Uribe de Urdinola,,,MLT_DB_07_2016,colectiva
ex.744,"Eros, dolor y muerte",exposicion,exposicion,2009,2000,Charco del Burro,"Sala de la Colección-Maritza Uribe de Urdinola, Sala Subterránea",,,MLT_DB_07_2016,colectiva
ex.741,Máscaras,exposicion,exposicion,2009,2000,,,,,MLT_DB_07_2016,n/d
ex.742,Expo antológica Ofelia Rodriguez,exposicion,exposicion,2009,2000,,,,,MLT_DB_07_2016,individual
ex.745,Museo La Tertulia 54 años de historia,exposicion,exposicion,2010,2010,Charco del Burro,"Sala de la Colección-Maritza Uribe de Urdinola, Sala Subterránea",,,MLT_DB_07_2016,n/d
ex.746,Visiones del Arte Mexicano,exposicion,exposicion,2010,2010,Charco del Burro,Sala de la Colección-Maritza Uribe de Urdinola,,,MLT_DB_07_2016,colectiva
ex.747,Allora & Calzadilla,exposicion,exposicion,2011,2010,Charco del Burro,Sala Alterna,,,MLT_DB_07_2016,colectiva
ex.748,Réquiem NN,exposicion,exposicion,2011,2010,Charco del Burro,Sala Subterránea,,,MLT_DB_07_2016,individual
ex.749,La Guerra que no Hemos Visto,exposicion,exposicion,2011,2010,Charco del Burro,Sala de la Colección-Maritza Uribe de Urdinola,,,MLT_DB_07_2016,individual
ex.750,Siete Intelectuales en el Bosque de Bambú,exposicion,exposicion,2011,2010,Charco del Burro,Sala Alterna,,,MLT_DB_07_2016,individual
ex.752,Rogelio Salmona. Espacios abiertos / espacios colectivos,exposicion,exposicion,2011,2010,Charco del Burro,Sala de la Colección-Maritza Uribe de Urdinola,,,MLT_DB_07_2016,individual
ex.753,Miradas Transversales,exposicion,exposicion,2011,2010,Charco del Burro,Sala de la Colección-Maritza Uribe de Urdinola,,,MLT_DB_07_2016,colectiva
ex.751,"""Negrita""",exposicion,exposicion,2011,2010,Charco del Burro,Sala Alterna,,,MLT_DB_07_2016,colectiva
ex.756,Normativo,exposicion,exposicion,2011,2010,Charco del Burro,Sala Alterna,,,MLT_DB_07_2016,colectiva
ex.755,Reconfiguraciones,exposicion,exposicion,2011,2010,Charco del Burro,Sala de la Colección-Maritza Uribe de Urdinola,,,MLT_DB_07_2016,colectiva
ex.754,Ensayos Para Un Mundo Perfecto. Salón de Arte BBVA,exposicion,exposicion,2011,2010,Charco del Burro,Edificio de la Colección,,,MLT_DB_07_2016,colectiva
ex.757,Fotografia Contemporanea,exposicion,exposicion,2011,2010,,,,,MLT_DB_07_2016,n/d
ex.761,Papel,exposicion,exposicion,2011,2010,Charco del Burro,Sala Subterránea,,,MLT_DB_07_2016,colectiva
ex.823,El arte como experiencia - Un museo con historia Colección La Tertulia,exposicion,exposicion,2012,2010,Charco del Burro,Sala de la Colección-Maritza Uribe de Urdinola,,,MLT_DB_07_2016,colectiva
ex.758,Colección Abierta,exposicion,exposicion,2012,2010,Charco del Burro,Sala de la Colección-Maritza Uribe de Urdinola,,,MLT_DB_07_2016,n/d
ex.759,Desde el Malestar: ¿Qué cosa es la verdad?,exposicion,exposicion,2012,2010,Charco del Burro,Sala Subterránea,,,MLT_DB_07_2016,colectiva
ex.760,"Bajo el cemento, la tierra",exposicion,exposicion,2012,2010,Charco del Burro,Sala Alterna,,,MLT_DB_07_2016,colectiva
ex.762,Segundo Guión de La Colección Permanente,exposicion,exposicion,2012,2010,Charco del Burro,Sala Subterránea,,,MLT_DB_07_2016,n/d
ex.763,Víctor Albarracín “El Tratamiento de las Contradicciones”,exposicion,exposicion,2012,2010,Charco del Burro,Sala Alterna,,,MLT_DB_07_2016,individual
ex.764,Taking Care of Business. Un proyecto de Miami,exposicion,exposicion,2013,2010,Charco del Burro,Sala Alterna,,,MLT_DB_07_2016,colectiva
ex.765,Tercer Guión de la Colección Permanente,exposicion,exposicion,2013,2010,Charco del Burro,CP,,,MLT_DB_07_2016,n/d
ex.766,Master/Copy: Juan & Wilson [1995 – 1998],exposicion,exposicion,2013,2010,Charco del Burro,Sala Subterránea,,,MLT_DB_07_2016,colectiva
ex.767,Ready Zombie. Fernando Uhía y los noventa,exposicion,exposicion,2013,2010,Charco del Burro,Sala de la Colección-Maritza Uribe de Urdinola,,,MLT_DB_07_2016,individual
ex.768,Revolución y Simulacro. Estrategias de Guerrilla de Mercado,exposicion,exposicion,2013,2010,Charco del Burro,Sala Alterna,,,MLT_DB_07_2016,colectiva
ex.769,Nueva Pintura Colombiana,exposicion,exposicion,2013,2010,Charco del Burro,Sala Subterránea,,,MLT_DB_07_2016,colectiva
ex.770,Observaciones Sobre la Ciudad de Polvo,exposicion,exposicion,2013,2010,Charco del Burro,Sala de la Colección-Maritza Uribe de Urdinola,,,MLT_DB_07_2016,colectiva
ex.771,Protografías,exposicion,exposicion,2013,2010,Charco del Burro,"Sala de la Colección-Maritza Uribe de Urdinola, Sala Alterna, CP",,,MLT_DB_07_2016,individual
ex.772,Cuarto Guión de la Exposición Permanente de la Colección,exposicion,exposicion,2014,2010,Charco del Burro,CP,,,MLT_DB_07_2016,n/d
ex.773,Testigo de oídas,exposicion,exposicion,2014,2010,Charco del Burro,Sala Alterna,,,MLT_DB_07_2016,colectiva
ex.774,Rojo y Más Rojo. Taller 4 Rojo. Producción gráfica y Acción Directa,exposicion,exposicion,2014,2010,Charco del Burro,Sala de la Colección-Maritza Uribe de Urdinola,,,MLT_DB_07_2016,colectiva
ex.775,Acueductos : Rosario López,exposicion,exposicion,2014,2010,Charco del Burro,Sala Alterna,,,MLT_DB_07_2016,individual
ex.776,Fototropismos,exposicion,exposicion,2014,2010,Charco del Burro,Sala Alterna,,,MLT_DB_07_2016,individual
ex.777,Quinto Guión de la Exposición Permanente de la Colección,exposicion,exposicion,2014,2010,Charco del Burro,Sala de la Colección-Maritza Uribe de Urdinola,,,MLT_DB_07_2016,n/d
ex.778,El mejor equipo del mundo ¡hijueputa!,exposicion,exposicion,2014,2010,Charco del Burro,Sala Alterna,,,MLT_DB_07_2016,individual
ex.779,Inversiones & Valores,exposicion,exposicion,2014,2010,Charco del Burro,Sala Alterna,,,MLT_DB_07_2016,individual
ex.780,Cartografías de un mundo conocido,exposicion,exposicion,2014,2010,Charco del Burro,Sala Alterna,,,MLT_DB_07_2016,individual
ex.781,Territorio en discusión,exposicion,exposicion,2014,2010,Charco del Burro,Jardines del Museo,,,MLT_DB_07_2016,colectiva
ex.782,Tejadita: viajero y sibarita,exposicion,exposicion,2014,2010,Charco del Burro,"Sala de la Colección-Maritza Uribe de Urdinola, Sala Subterránea",,,MLT_DB_07_2016,individual
ex.783,I will always love you,exposicion,exposicion,2015,2010,Charco del Burro,Sala Alterna,,,MLT_DB_07_2016,individual
ex.784,Sexta Rotación: La Colección del Museo La Tertulia en Diálogo con la colección de la Fundación Arte Vivo Otero Herrera,exposicion,exposicion,2015,2010,Charco del Burro,CP,,,MLT_DB_07_2016,n/d
ex.785,El Bucle,exposicion,exposicion,2015,2010,Charco del Burro,Sala Alterna,,,MLT_DB_07_2016,colectiva
ex.786,La Condición Urbana,exposicion,exposicion,2015,2010,Charco del Burro,CP,,,MLT_DB_07_2016,individual
ex.787,Un hechizo en el espacio,exposicion,exposicion,2015,2010,Charco del Burro,Sala Subterránea,,,MLT_DB_07_2016,colectiva
ex.788,El diablo probablemente,exposicion,exposicion,2015,2010,Charco del Burro,Sala de la Colección-Maritza Uribe de Urdinola,,,MLT_DB_07_2016,colectiva
ex.789,Objeto Workshops,exposicion,exposicion,2015,2010,Charco del Burro,Sala Alterna,,,MLT_DB_07_2016,colectiva
ex.790,Pathosformel. Elementos para una pintura,exposicion,exposicion,2015,2010,Charco del Burro,Sala Alterna,,,MLT_DB_07_2016,individual
ex.791,Taumatropía. Metodología del engaño,exposicion,exposicion,2015,2010,Charco del Burro,Sala Subterránea,,,MLT_DB_07_2016,colectiva
ex.792,Las cosas en si. Un sistema frágil.,exposicion,exposicion,2015,2010,Charco del Burro,CP,,,MLT_DB_07_2016,colectiva
ex.793,The Vultur Gryphus,exposicion,exposicion,2015,2010,Charco del Burro,Cinemateca,,,MLT_DB_07_2016,individual
ex.794,Rompecabezas,exposicion,exposicion,2015,2010,Charco del Burro,Sala de la Colección-Maritza Uribe de Urdinola,,,MLT_DB_07_2016,individual
ex.815,Rutas de Fragmento a la Constelación,exposicion,exposicion,2015,2010,,,,,MLT_DB_07_2016,colectiva
ex.795,Planchas sobre la mesa,exposicion,exposicion,2015,2010,Charco del Burro,Sala Alterna,,,MLT_DB_07_2016,colectiva
ex.796,Filatélica / Personajes irremplazables,exposicion,exposicion,2015,2010,Charco del Burro,Sala Alterna,,,MLT_DB_07_2016,individual
ex.798,Nata de nata,exposicion,exposicion,2015,2010,Charco del Burro,Vitrina,,,MLT_DB_07_2016,individual
ex.797,Dash Shaw + Luis Echavaría: El fantasma que no se ve,exposicion,exposicion,2015,2010,Charco del Burro,Sala Alterna,,,MLT_DB_07_2016,colectiva
ex.799,Los detalles,exposicion,exposicion,2015,2010,Charco del Burro,Sala Subterránea,,,MLT_DB_07_2016,individual
ex.800,Colonia Infancia: El reino del arte para explorar los sentidos,exposicion,exposicion,2015,2010,Charco del Burro,CP,,,MLT_DB_07_2016,colectiva
ex.801,Rembrandt : 69 grabados 1630-1659,exposicion,exposicion,2015,2010,Charco del Burro,Sala de la Colección-Maritza Uribe de Urdinola,,,MLT_DB_07_2016,individual
ex.802,Noche es Día,exposicion,exposicion,2015,2010,Casa Obeso Mejía,Casa Obeso Mejía,,,MLT_DB_07_2016,colectiva
ex.803,Marimba Expandida,exposicion,exposicion,2016,2010,Charco del Burro,Sala Alterna,,,MLT_DB_07_2016,individual
ex.805,Beatriz González: El segundo original,exposicion,exposicion,2016,2010,Charco del Burro,Sala de la Colección-Maritza Uribe de Urdinola,,,MLT_DB_07_2016,individual
ex.804,Paciente. El cuerpo bajo sospecha,exposicion,exposicion,2016,2010,Charco del Burro,Sala Subterránea,,,MLT_DB_07_2016,colectiva
ex.806,Tratado sobre la insurrección de la pintura O El tercer lado del espejo,exposicion,exposicion,2016,2010,Charco del Burro,Sala de la Colección-Maritza Uribe de Urdinola,,,MLT_DB_07_2016,individual
ex.807,Hacia un lugar común,exposicion,exposicion,2016,2010,Casa Obeso Mejía,Casa Obeso Mejía,,,MLT_DB_07_2016,individual
ex.811,Alex Rodríguez: Objetos de estudio para una república popular demediada,exposicion,exposicion,2016,2010,Charco del Burro,Sala Alterna,,,MLT_DB_07_2016,individual
ex.808,Future Perfect,exposicion,exposicion,2016,2010,Charco del Burro,"Sala de la Colección-Maritza Uribe de Urdinola, Sala Subterránea",,,MLT_DB_07_2016,colectiva
ex.813,Hacia el litoral,exposicion,exposicion,2016,2010,Casa Obeso Mejía,Casa Obeso Mejía,,,MLT_DB_07_2016,colectiva
ex.810,La Forma Del Futuro,exposicion,exposicion,2016,2010,Charco del Burro,Sala de la Colección-Maritza Uribe de Urdinola,,,MLT_DB_07_2016,colectiva
ex.818,A propósito del lugar,exposicion,exposicion,2016,2010,Charco del Burro,Sala Alterna,,,MLT_DB_07_2016,individual
ex.827,"Cali 71, ciudad de América Entre proyecto y realidad",exposicion,exposicion,2016,2010,Charco del Burro,CP,,,MLT_DB_07_2016,colectiva
ex.828,Ever Astudillo: Crimen Perfecto,exposicion,exposicion,2016,2010,,,,,MLT_DB_07_2016,individual
ex.829,Fernell Franco: Revelado,exposicion,exposicion,2016,2010,,,,,MLT_DB_07_2016,individual
ex.830,El ejercicio de la empatía,exposicion,exposicion,2016,2010,,,,,MLT_DB_07_2016,individual
ex.831,Artist Talking Back to the Media,exposicion,exposicion,2016,2010,Casa Obeso Mejía,Casa Obeso Mejía,,,archivo_web,n/d
ex.832,Universo Holograma,exposicion,exposicion,2017,2010,Charco del Burro,"Sala Maritza Uribe de Urdinola, Sala Subterránea",,,archivo_web,colectiva
ex.833,Casa Liminal,exposicion,exposicion,2017,2010,Casa Obeso Mejía,Casa Obeso Mejía,,,archivo_web,individual
ex.834,Karen Lamassonne. Desnuda astucia del deseo,exposicion,exposicion,2017,2010,,Sala Maritza Uribe de Urdinola,,,archivo_web,individual
ex.835,La guerra que no hemos visto. Un proyecto de memoria histórica,exposicion,exposicion,,,,,,,archivo_web,n/d
ex.836,El mundo según Mafalda,exposicion,exposicion,2017,2010,Casa Obeso Mejía,Casa Obeso Mejía,,,archivo_web,n/d
ex.837,Es arriba es abajo,exposicion,exposicion,2017,2010,,,,,archivo_web,individual
ex.838,Jugar al museo. Un museo dentro del museo,exposicion,exposicion,2017,2010,,,,,archivo_web,n/d
ex.839,Carlos Amorales. Herramientas de trabajo,exposicion,exposicion,2017,2010,Charco del Burro,Sala Subterránea,,,archivo_web,individual
ex.840,¡Oído Pueblo! Ritmo y economía en Cali,exposicion,exposicion,2017,2010,Charco del Burro,"Edificio de la Colección, segundo piso",,,archivo_web,colectiva
ex.841,En Cauce,exposicion,exposicion,2017,2010,,Jardines del museo,,,archivo_web,n/d
ex.842,Costurero Viajero,exposicion,exposicion,2018,2010,Casa Obeso Mejía,Casa Obeso Mejía,,,archivo_web,individual
ex.843,No todos los amores de Platón fueron imposibles,exposicion,exposicion,2018,2010,,,,,archivo_web,individual
ex.844,De frente me escondo. Powerpaola,exposicion,exposicion,2018,2010,,Sala Maritza Uribe de Urdinola,,,archivo_web,individual
ex.845,(El otro lado de la) Carretera al mar,exposicion,exposicion,2018,2010,,Sala Maritza Uribe de Urdinola,,,archivo_web,colectiva
ex.846,"Allá nos veremos, sin sombra y sin faz",exposicion,exposicion,2018,2010,Charco del Burro,Sala Subterránea,,,archivo_web,colectiva
ex.847,Las populares Gráficas Molinari,exposicion,exposicion,2018,2010,,,,,archivo_web,individual
ex.848,Savia Solaris,exposicion,exposicion,2018,2010,Charco del Burro,Sala Alterna,,,archivo_web,individual
ex.849,"Augusto Rivera, el gran ausente",exposicion,exposicion,2018,2010,Charco del Burro,Sala Subterránea,,,archivo_web,individual
ex.850,World Press Photo 2018,exposicion,exposicion,2018,2010,,,,,archivo_web,colectiva
ex.851,Abandonen toda esperanza,exposicion,exposicion,2018,2010,Charco del Burro,Sala Subterránea,,,archivo_web,individual
ex.852,Reserva abierta. ¿Por fin Cali sabrá lo que tiene?,exposicion,exposicion,2018,2010,,,,,archivo_web,colectiva
ex.853,Trazar el umbral,exposicion,exposicion,2018,2010,,,,,archivo_web,individual
ex.854,Aula Flexible. Sala Taller,exposicion,exposicion,2018,2010,Charco del Burro,"Edificio de la Colección, primer piso",,,archivo_web,colectiva
ex.855,"El carácter de la tradición en la arquitectura de Barney, Távora, Coderch",exposicion,exposicion,2019,2010,,Sala Maritza Uribe de Urdinola,,,archivo_web,colectiva
ex.856,Srape Pøtø Tul-yu. El último círculo,exposicion,exposicion,2019,2010,,,,,archivo_web,individual
ex.857,Exposición ganadores BLOC 2018,exposicion,exposicion,2019,2010,Charco del Burro,"Sala Subterránea, Sala Alterna",,,archivo_web,colectiva
ex.858,La unión que separa las cosas. BLOC 2018,exposicion,exposicion,2019,2010,Charco del Burro,Sala Subterránea,,,archivo_web,colectiva
ex.859,El Testigo,exposicion,exposicion,2019,2010,Charco del Burro,Edificio de la Colección,,,archivo_web,individual
ex.860,"Manglaria. Raíces, vínculos y sujeciones",exposicion,exposicion,2019,2010,Casa Obeso Mejía,Casa Obeso Mejía,,,archivo_web,colectiva
ex.861,Bifurcaciones. Trayectos y cruces de una generación,exposicion,exposicion,2019,2010,,Sala Maritza Uribe de Urdinola,,,archivo_web,colectiva
ex.862,Voces para transformar a Colombia,exposicion,exposicion,2019,2010,,,,,archivo_web,colectiva
ex.863,Fractales,exposicion,exposicion,2019,2010,Charco del Burro,Sala Alterna,,,archivo_web,individual
ex.864,Sala Abierta. Acciones para la memoria y la reconciliación,exposicion,exposicion,2019,2010,,,,,archivo_web,n/d
ex.865,El ruido del silencio,exposicion,exposicion,2019,2010,,,,,archivo_web,individual
ex.866,María Thereza Negreiros y 16 mujeres artistas de su generación,exposicion,exposicion,2020,2020,,,,,archivo_web,colectiva
ex.867,Celeste,exposicion,exposicion,2020,2020,,,,,archivo_web,individual
ex.868,UMBRAL adentro,exposicion,exposicion,2020,2020,,,,,archivo_web,colectiva
ex.869,Impulsive Habitat. Sonidos para una cuarentena,exposicion,exposicion,2020,2020,,,,,archivo_web,n/d
ex.870,Casa Ocupada. La colección cruza el puente,exposicion,exposicion,2019,2010,Casa Obeso Mejía,Casa Obeso Mejía,,,archivo_web,colectiva
ex.871,Cuando nace el sonido,exposicion,exposicion,2020,2020,,,,,archivo_web,n/d
ex.872,Sigo esperando,exposicion,exposicion,2020,2020,,Exteriores del museo,,,archivo_web,colectiva
ex.873,El resplandor del desastre,exposicion,exposicion,2020,2020,,Jardines del museo,,,archivo_web,individual
ex.874,Proyecciones para el Sereno,exposicion,exposicion,2020,2020,,Jardines del museo,,,archivo_web,individual
ex.875,La escuela del desencanto,exposicion,exposicion,2020,2020,Charco del Burro,Sala Alterna,,,archivo_web,individual
ex.876,Máquina monumental,exposicion,exposicion,2020,2020,Charco del Burro,"Edificio de la Colección, segundo piso",,,archivo_web,n/d
ex.877,Manual de instrucciones,exposicion,exposicion,2020,2020,Charco del Burro,"Edificio de la Colección, primer piso",,,archivo_web,n/d
ex.878,Subterránea 2020,exposicion,exposicion,2020,2020,,,,,archivo_web,colectiva
ex.879,Amanecer. BLOC 2020,exposicion,exposicion,2021,2020,Charco del Burro,Sala Alterna,,,archivo_web,individual
ex.880,Barrio Adentro,exposicion,exposicion,,,Casa Obeso Mejía,Casa Obeso Mejía,,,archivo_web,n/d
ex.881,El ataque del presente contra el resto de los tiempos,exposicion,exposicion,2021,2020,,Sala Maritza Uribe de Urdinola,,,archivo_web,colectiva
ex.882,VI Salón BAT de Arte Popular,exposicion,exposicion,2021,2020,Casa Obeso Mejía,Casa Obeso Mejía,,,archivo_web,colectiva
ex.883,Una piedra en el camino,exposicion,exposicion,2021,2020,,,,,archivo_web,n/d
ex.884,"Wilson Díaz. Gusto y conflicto, motivos para coleccionar",exposicion,exposicion,2021,2020,,Sala Maritza Uribe de Urdinola,,,archivo_web,individual
ex.885,Manolo Lago. El entusiasmo de una idea,exposicion,exposicion,2021,2020,Casa Obeso Mejía,Casa Obeso Mejía,,,archivo_web,individual
ex.886,La esquina del barrio,exposicion,exposicion,2021,2020,,,,,archivo_web,colectiva
ex.887,Hijas del Agua,exposicion,exposicion,,,,,,,archivo_web,colectiva
ex.888,Transición. Cuarto Salón de Arte Contemporáneo del Pacífico,exposicion,exposicion,,,,,,,archivo_web,colectiva
ex.889,Gráfica Subterránea,exposicion,exposicion,,,,,,,archivo_web,colectiva
ex.890,El aroma en construcción,exposicion,exposicion,2022,2020,,,,,archivo_web,individual
ex.891,VII Salón BAT de Arte Popular. Colombia y el medio ambiente,exposicion,exposicion,2022,2020,,,,,archivo_web,colectiva
ex.892,21 obras en el cambio de tiempo,exposicion,exposicion,2022,2020,,,,,archivo_web,colectiva
ex.893,La cura para vos,exposicion,exposicion,2022,2020,,,,,archivo_web,n/d
ex.894,Ir adentro,exposicion,exposicion,2022,2020,,,,,archivo_web,n/d
ex.895,Exposición de Museo + Escuela,exposicion,exposicion,2022,2020,,,,,archivo_web,colectiva
ex.896,EOCL,exposicion,exposicion,2018,2010,,,,,archivo_web,individual
ex.897,Piel es,exposicion,exposicion,2022,2020,,,,,archivo_web,individual
ex.898,"Deshilar, la revolución cotidiana",exposicion,exposicion,2022,2020,,,,,archivo_web,colectiva
ex.899,"Hacer ver. Provocar el archivo, agitar el museo",exposicion,exposicion,2022,2020,,,,,archivo_web,colectiva
ex.900,Cicatrices,exposicion,exposicion,2023,2020,,,,,archivo_web,individual
ex.901,Reimaginando Potrero Grande,exposicion,exposicion,,,,,,,archivo_web,n/d
ex.902,Museo + Escuela. Muestra de proyectos 2022-2023,exposicion,exposicion,2023,2020,Charco del Burro,Sala Alterna,,,archivo_web,colectiva
ex.903,Entre agua y raíces. Las luchas de La Chiqui en las montañas del Chocó,exposicion,exposicion,2023,2020,,,,,archivo_web,individual
ex.904,Wildlife Photographer of the Year,exposicion,exposicion,2023,2020,,,,,archivo_web,colectiva
ex.905,"Huellas de desaparición. Los casos de Urabá, Palacio de Justicia y territorio nukak",exposicion,exposicion,2023,2020,,,,,archivo_web,individual
ex.906,Sendero de las esculturas,exposicion,exposicion,,,,Exteriores del museo,,,archivo_web,n/d
ex.907,"Huellas comunes. Sala de encuentro, escucha y amplificación",exposicion,exposicion,2024,2020,,,,,archivo_web,n/d
ex.908,Imaginar el fuego de la memoria,exposicion,exposicion,2024,2020,,,,,archivo_web,n/d
ex.909,Ingeniería de la visión,exposicion,exposicion,2024,2020,,,,,archivo_web,colectiva
ex.910,El arte de ser moderno. Ecos bauhausianos en Industrias Metálicas de Palmira,exposicion,exposicion,2024,2020,,,,,archivo_web,individual
ex.911,El mundo entero es una Bauhaus,exposicion,exposicion,2024,2020,,,,,archivo_web,colectiva
ex.912,El árbol que devoró un mundo: los rumbos del caucho en La vorágine,exposicion,exposicion,2024,2020,,,,,archivo_web,n/d
ex.913,Espesuras. Habitar un mundo herido,exposicion,exposicion,2024,2020,,,,,archivo_web,n/d
ex.914,Fuego,exposicion,exposicion,2024,2020,,,,,archivo_web,individual
ex.915,Mateo López. Pasado futurista,exposicion,exposicion,2025,2020,,Sala Maritza Uribe de Urdinola,,,web_actual_2026,individual
ex.916,Espejo de luz,exposicion,exposicion,2026,2020,Charco del Burro,"Edificio de la Colección, tercer piso",,,web_actual_2026,n/d
ex.917,Carlos Garaicoa. Ciudad Armero,exposicion,exposicion,2026,2020,Charco del Burro,"Edificio de la Colección, primer piso",,,web_actual_2026,individual
ex.918,La obra arquitectónica de Le Corbusier,exposicion,exposicion,2019,2010,,Jardines del museo,,,archivo_web,individual
ex.919,Los lirios del campo y las aves del cielo,exposicion,exposicion,,,,,,,archivo_web,n/d
ex.920,Siete intelectuales en el bosque de bambú,exposicion,exposicion,,,,,,,archivo_web,individual
ex.921,Requiem NN,exposicion,exposicion,,,,,,,archivo_web,individual
ex.922,Ensayos para un mundo perfecto. Salón de Arte BBVA. Nuevos nombres,exposicion,exposicion,,,,,,,archivo_web,colectiva
ex.923,Rogelio Salmona. Espacios abiertos / espacios colectivos,exposicion,exposicion,,,,,,,archivo_web,individual
ex.924,Sin novedad en la noche,exposicion,exposicion,,,,,,,archivo_web,n/d
ex.925,Sala didáctica La escena,exposicion,exposicion,,,,,,,archivo_web,n/d
ex.926,Auditum. Semana de la Escucha 2020,exposicion,exposicion,2020,2020,,,,,archivo_web,n/d
ex.927,La Escena. Sala didáctica,exposicion,exposicion,2017,2010,Charco del Burro,Sala Subterránea,,,piezas_cactus,n/d
ex.928,"Breyner Huertas. XVI Salón Regional de Artistas, Zona Pacífico",exposicion,exposicion,2017,2010,Charco del Burro,Sala Alterna,,,piezas_cactus,individual
ex.929,Radiar memorias. Diálogos con el Carare,exposicion,exposicion,2017,2010,Casa Obeso Mejía,Casa Obeso Mejía,,,piezas_cactus,individual
ex.930,Revelar la mirada. Sala didáctica Karen Lamassonne,exposicion,exposicion,2017,2010,Charco del Burro,Sala Subterránea,,,piezas_cactus,individual
ex.931,El Río suena. Temporada de laboratorios,exposicion,exposicion,2017,2010,,Jardines del museo,,,piezas_cactus,n/d
ex.932,Joint Venture. Museo Popular de Siloé en el Museo La Tertulia,exposicion,exposicion,2018,2010,,"Sala Jugar al Museo, primer piso de la colección",,,piezas_cactus,individual
p.1,Emma Reyes,agente,persona,,,,,artista,14,catalogo_personas,
p.2,Édgar Negret,agente,persona,,,,,artista,34,catalogo_personas,
p.3,Lorenzo Homar,agente,persona,,,,,artista,7,catalogo_personas,
p.4,Ómar Rayo,agente,persona,,,,,artista,36,catalogo_personas,
p.5,María de la Paz Jaramillo,agente,persona,,,,,artista|curador,36,catalogo_personas,
p.7,Pedro Alcántara Herrán,agente,persona,,,,,artista,44,catalogo_personas,
p.8,Álvaro Barrios,agente,persona,,,,,artista|curador,29,catalogo_personas,
p.9,Beatriz González,agente,persona,,,,,artista,55,catalogo_personas,
p.10,Hernán Díaz,agente,persona,,,,,artista,7,catalogo_personas,
p.11,Antonio Caro,agente,persona,,,,,artista,20,catalogo_personas,
p.12,Enrique Grau,agente,persona,,,,,artista,50,catalogo_personas,
p.13,Gustavo Zalamea,agente,persona,,,,,artista,14,catalogo_personas,
p.14,Óscar Muñoz,agente,persona,,,,,artista|curador,42,catalogo_personas,
p.15,Luis Eduardo Borja,agente,persona,,,,,artista,1,catalogo_personas,
p.16,Luis Caballero,agente,persona,,,,,artista,31,catalogo_personas,
p.17,Lucy Tejada,agente,persona,,,,,artista,47,catalogo_personas,
p.18,Nunik Sauret,agente,persona,,,,,artista,4,catalogo_personas,
p.19,León Ferrari,agente,persona,,,,,artista,7,catalogo_personas,
p.20,Juan Antonio Roda,agente,persona,,,,,artista,25,catalogo_personas,
p.21,Teresa Cuéllar,agente,persona,,,,,artista,8,catalogo_personas,
p.22,Santiago Cárdenas,agente,persona,,,,,artista,36,catalogo_personas,
p.23,Hernando Tejada,agente,persona,,,,,artista,48,catalogo_personas,
p.24,David Manzur,agente,persona,,,,,artista,21,catalogo_personas,
p.25,Daniel Zelaya,agente,persona,,,,,artista,7,catalogo_personas,
p.26,Umberto Giangrandi,agente,persona,,,,,artista,7,catalogo_personas,
p.27,Rafael Moure,agente,persona,,,,,artista,1,catalogo_personas,
p.28,Pablo Obelar,agente,persona,,,,,artista,6,catalogo_personas,
p.29,Liliana Porter,agente,persona,,,,,artista,27,catalogo_personas,
p.30,Antonio Barrera,agente,persona,,,,,artista,13,catalogo_personas,
p.31,Fernell Franco Barrios,agente,persona,,,,,artista,10,catalogo_personas,
p.32,Carlos Cruz-Diez,agente,persona,,,,,artista,19,catalogo_personas,
p.33,Wifredo Lam,agente,persona,,,,,artista,8,catalogo_personas,
p.34,Paul-Armand Gette,agente,persona,,,,,artista,1,catalogo_personas,
p.35,Manuel Hernández,agente,persona,,,,,artista,28,catalogo_personas,
p.36,Linda Troeller,agente,persona,,,,,artista,7,catalogo_personas,
p.37,Francois Dolmetsch,agente,persona,,,,,artista,8,catalogo_personas,
p.38,Emilio Sánchez,agente,persona,,,,,artista,13,catalogo_personas,
p.39,Eduardo Ramírez Villamizar,agente,persona,,,,,artista,32,catalogo_personas,
p.40,Carlos Rojas,agente,persona,,,,,artista,39,catalogo_personas,
p.41,Alejandro Obregón,agente,persona,,,,,artista,40,catalogo_personas,
p.42,Peter Milton,agente,persona,,,,,artista,11,catalogo_personas,
p.43,Miguel Ángel Rojas,agente,persona,,,,,artista|curador,12,catalogo_personas,
p.44,María Thereza Negreiros,agente,persona,,,,,artista,44,catalogo_personas,
p.45,Luis Camnitzer,agente,persona,,,,,artista,15,catalogo_personas,
p.46,Leonel Góngora,agente,persona,,,,,artista,20,catalogo_personas,
p.47,Gregorio Cuartas,agente,persona,,,,,artista,7,catalogo_personas,
p.48,Ever Astudillo,agente,persona,,,,,artista,25,catalogo_personas,
p.49,Eugenio Dittborn,agente,persona,,,,,artista,16,catalogo_personas,
p.50,Diego Arango,agente,persona,,,,,artista,7,catalogo_personas,
p.51,Víctor Laignelet,agente,persona,,,,,artista,12,catalogo_personas,
p.53,Susy Iglicki,agente,persona,,,,,artista,8,catalogo_personas,
p.54,Sergio Camporeale,agente,persona,,,,,artista,11,catalogo_personas,
p.55,Roser Bru,agente,persona,,,,,artista,14,catalogo_personas,
p.56,Rodolfo Abularach,agente,persona,,,,,artista,18,catalogo_personas,
p.57,Robert Nelson,agente,persona,,,,,artista,11,catalogo_personas,
p.58,René Portocarrero,agente,persona,,,,,artista,6,catalogo_personas,
p.59,Mercedes Sebastián,agente,persona,,,,,artista,10,catalogo_personas,
p.60,María Cristina Cortés,agente,persona,,,,,artista,8,catalogo_personas,
p.62,Juan Camilo Uribe,agente,persona,,,,,artista,5,catalogo_personas,
p.63,Juan Bernal Ponce,agente,persona,,,,,artista,1,catalogo_personas,
p.64,José Guadalupe Posada,agente,persona,,,,,artista,6,catalogo_personas,
p.65,José Gamarra,agente,persona,,,,,artista,7,catalogo_personas,
p.66,Jonier Marín,agente,persona,,,,,artista,10,catalogo_personas,
p.67,John Castles,agente,persona,,,,,artista,5,catalogo_personas,
p.68,Jan Bartelsman,agente,persona,,,,,artista,24,catalogo_personas,
p.69,Iazid Thame,agente,persona,,,,,artista,7,catalogo_personas,
p.70,Hugo Zapata,agente,persona,,,,,artista,15,catalogo_personas,
p.71,Geo Ripley,agente,persona,,,,,artista,2,catalogo_personas,
p.72,Fernando de Szyszlo,agente,persona,,,,,artista,17,catalogo_personas,
p.73,Feliza Bursztyn,agente,persona,,,,,artista,24,catalogo_personas,
p.74,Eduardo Vilches,agente,persona,,,,,artista,6,catalogo_personas,
p.75,Cristina Llano,agente,persona,,,,,artista,11,catalogo_personas,
p.76,Antonio Seguí,agente,persona,,,,,artista,17,catalogo_personas,
p.77,Ana Mercedes Hoyos,agente,persona,,,,,artista,10,catalogo_personas,
p.78,Álvaro Marín Vieco,agente,persona,,,,,artista,3,catalogo_personas,
p.79,Alicia Viteri,agente,persona,,,,,artista,6,catalogo_personas,
p.80,Alfonso Quijano Acero,agente,persona,,,,,artista,2,catalogo_personas,
p.81,Yutaka Toyota,agente,persona,,,,,artista,9,catalogo_personas,
p.82,Wilmer García,agente,persona,,,,,artista,4,catalogo_personas,
p.83,Will Barnet,agente,persona,,,,,artista,4,catalogo_personas,
p.85,Rufino Tamayo,agente,persona,,,,,artista,8,catalogo_personas,
p.87,Rosemberg Sandoval,agente,persona,,,,,artista,14,catalogo_personas,
p.88,Rogelio Polesello,agente,persona,,,,,artista,14,catalogo_personas,
p.89,Rodolfo Vélez,agente,persona,,,,,artista,4,catalogo_personas,
p.90,Roberto Sebastián Matta,agente,persona,,,,,artista,6,catalogo_personas,
p.91,Robert Kipniss,agente,persona,,,,,artista,9,catalogo_personas,
p.92,Paul Davis,agente,persona,,,,,artista,2,catalogo_personas,
p.93,Pablo Picasso,agente,persona,,,,,artista,3,catalogo_personas,
p.94,Otto Moll González,agente,persona,,,,,artista,5,catalogo_personas,
p.95,Óscar Jaramillo,agente,persona,,,,,artista,4,catalogo_personas,
p.97,Nancy Friedemann,agente,persona,,,,,artista,2,catalogo_personas,
p.98,Miljenko Horvat,agente,persona,,,,,artista,1,catalogo_personas,
p.99,Miguel Bresciano,agente,persona,,,,,artista,4,catalogo_personas,
p.100,Mariano Rodríguez,agente,persona,,,,,artista,10,catalogo_personas,
p.101,María Luisa Beer,agente,persona,,,,,artista,1,catalogo_personas,
p.102,María Angélica Medina,agente,persona,,,,,artista,3,catalogo_personas,
p.103,Lydia Azout,agente,persona,,,,,artista,6,catalogo_personas,
p.104,Luis Fernando Peláez,agente,persona,,,,,artista,6,catalogo_personas,
p.105,Luis Fernando Roldán,agente,persona,,,,,artista,16,catalogo_personas,
p.106,Luis Díaz,agente,persona,,,,,artista,5,catalogo_personas,
p.107,Luis Hernández Cruz,agente,persona,,,,,artista,1,catalogo_personas,
p.108,Luciano Jaramillo,agente,persona,,,,,artista,12,catalogo_personas,
p.109,Louise Nevelson,agente,persona,,,,,artista,6,catalogo_personas,
p.110,Karen Lamassonne,agente,persona,,,,,artista,9,catalogo_personas,
p.111,Julio Le Parc,agente,persona,,,,,artista,8,catalogo_personas,
p.112,Juan Manuel Echavarría,agente,persona,,,,,artista,7,catalogo_personas,
p.113,Juan Soriano,agente,persona,,,,,artista,4,catalogo_personas,
p.114,José Horacio Martínez,agente,persona,,,,,artista|curador,16,catalogo_personas,
p.115,Jesús Rafael Soto,agente,persona,,,,,artista,16,catalogo_personas,
p.116,Ignacio Gómez Jaramillo,agente,persona,,,,,artista,14,catalogo_personas,
p.117,Heriberto Cogollo,agente,persona,,,,,artista,1,catalogo_personas,
p.118,Francisco Rocca-Lynn,agente,persona,,,,,artista,3,catalogo_personas,
p.119,Francisco Rodón,agente,persona,,,,,artista,8,catalogo_personas,
p.120,Francis Bacon,agente,persona,,,,,artista,1,catalogo_personas,
p.121,Eduardo Carvajal,agente,persona,,,,,artista,4,catalogo_personas,
p.122,Delia Cugat,agente,persona,,,,,artista,12,catalogo_personas,
p.123,Darío Morales,agente,persona,,,,,artista,14,catalogo_personas,
p.124,Clarisse Gueller,agente,persona,,,,,artista,1,catalogo_personas,
p.125,Catalina Mejía,agente,persona,,,,,artista,7,catalogo_personas,
p.126,Carlos Martínez,agente,persona,,,,,artista,1,catalogo_personas,
p.127,Bernardo Salcedo,agente,persona,,,,,artista,25,catalogo_personas,
p.128,Augusto Rendón,agente,persona,,,,,artista,10,catalogo_personas,
p.129,Arcangelo Ianelli,agente,persona,,,,,artista,12,catalogo_personas,
p.130,Alberto Castro Leñero,agente,persona,,,,,artista,1,catalogo_personas,
p.132,Vicky Neumann,agente,persona,,,,,artista,4,catalogo_personas,
p.133,Vera Frenkel,agente,persona,,,,,artista,1,catalogo_personas,
p.134,Tina Celis,agente,persona,,,,,artista,2,catalogo_personas,
p.135,Tabo Toral,agente,persona,,,,,artista,5,catalogo_personas,
p.136,Sonia Gutiérrez,agente,persona,,,,,artista,3,catalogo_personas,
p.137,Saturnino Ramírez,agente,persona,,,,,artista,8,catalogo_personas,
p.138,Ruth Bessoudo Courvoisier,agente,persona,,,,,artista,6,catalogo_personas,
p.139,Ruby Posada,agente,persona,,,,,artista,3,catalogo_personas,
p.140,Rubens Gerchman,agente,persona,,,,,artista,14,catalogo_personas,
p.141,Ronny Vayda,agente,persona,,,,,artista,5,catalogo_personas,
p.142,Rolando Peña,agente,persona,,,,,artista,5,catalogo_personas,
p.143,Rodrigo Facundo,agente,persona,,,,,artista,5,catalogo_personas,
p.144,Roberto De Lamonica,agente,persona,,,,,artista,4,catalogo_personas,
p.146,Régulo Pérez,agente,persona,,,,,artista,2,catalogo_personas,
p.148,Rafael Echeverri,agente,persona,,,,,artista,12,catalogo_personas,
p.149,Rafael Ortiz,agente,persona,,,,,artista,11,catalogo_personas,
p.150,Phanor León,agente,persona,,,,,artista,6,catalogo_personas,
p.151,Pedro Nel Gómez,agente,persona,,,,,artista,6,catalogo_personas,
p.152,Patricia Tavera,agente,persona,,,,,artista,3,catalogo_personas,
p.153,Óscar Campo,agente,persona,,,,,artista,3,catalogo_personas,
p.154,Óscar Pantoja,agente,persona,,,,,artista,11,catalogo_personas,
p.155,Olga Amaral,agente,persona,,,,,artista,1,catalogo_personas,
p.156,Noé Nojechowicz,agente,persona,,,,,artista,7,catalogo_personas,
p.157,Nirma Zarate,agente,persona,,,,,artista,10,catalogo_personas,
p.159,Miguel Bohmer,agente,persona,,,,,artista,7,catalogo_personas,
p.160,Mario Gordillo,agente,persona,,,,,artista,12,catalogo_personas,
p.162,Mario Ossaba,agente,persona,,,,,artista,5,catalogo_personas,
p.163,María Teresa Vieco,agente,persona,,,,,artista,8,catalogo_personas,
p.164,Margarita Monsalve,agente,persona,,,,,artista,3,catalogo_personas,
p.165,Marco Ospina,agente,persona,,,,,artista,2,catalogo_personas,
p.166,Luz Ángela Lizarazo,agente,persona,,,,,artista,8,catalogo_personas,
p.167,Luisa Palacios,agente,persona,,,,,artista,4,catalogo_personas,
p.168,Luis Gregorio Correia,agente,persona,,,,,artista,2,catalogo_personas,
p.169,Luis Alberto Solari,agente,persona,,,,,artista,8,catalogo_personas,
p.170,Luis Guevara Moreno,agente,persona,,,,,artista,1,catalogo_personas,
p.171,Luis Martínez Pedro,agente,persona,,,,,artista,1,catalogo_personas,
p.172,Luis Molinari-Flores,agente,persona,,,,,artista,7,catalogo_personas,
p.173,Lucas Ospina,agente,persona,,,,,artista|curador,5,catalogo_personas,
p.174,Lorenzo Jaramillo,agente,persona,,,,,artista,8,catalogo_personas,
p.175,Leonilda González,agente,persona,,,,,artista,3,catalogo_personas,
p.176,Leonardo Herrera,agente,persona,,,,,artista|curador,13,catalogo_personas,
p.177,Julio Alpuy,agente,persona,,,,,artista,2,catalogo_personas,
p.178,Juan Manuel Lugo,agente,persona,,,,,artista,6,catalogo_personas,
p.179,Juan Cárdenas,agente,persona,,,,,artista,2,catalogo_personas,
p.180,José Luis Cuevas,agente,persona,,,,,artista,15,catalogo_personas,
p.181,José Balmes,agente,persona,,,,,artista,8,catalogo_personas,
p.182,José Bermúdez,agente,persona,,,,,artista,3,catalogo_personas,
p.183,Jorge Alberto Reyes,agente,persona,,,,,artista,1,catalogo_personas,
p.184,Jorge Mantilla Caballero,agente,persona,,,,,artista,2,catalogo_personas,
p.185,John Paul Jones,agente,persona,,,,,artista,8,catalogo_personas,
p.186,Jim Amaral,agente,persona,,,,,artista,15,catalogo_personas,
p.187,Jaime Franco,agente,persona,,,,,artista,5,catalogo_personas,
p.188,Jaime González,agente,persona,,,,,artista,1,catalogo_personas,
p.189,Jaime Valencia,agente,persona,,,,,artista,2,catalogo_personas,
p.192,Hilda Crovo,agente,persona,,,,,artista,3,catalogo_personas,
p.193,Herman Braun-Vega,agente,persona,,,,,artista,5,catalogo_personas,
p.195,Guillermo Trujillo,agente,persona,,,,,artista,3,catalogo_personas,
p.196,Gracia Barrios,agente,persona,,,,,artista,11,catalogo_personas,
p.197,Gloria Duncan,agente,persona,,,,,artista,4,catalogo_personas,
p.198,Germán Londoño,agente,persona,,,,,artista,7,catalogo_personas,
p.199,Gabriel Messil,agente,persona,,,,,artista,6,catalogo_personas,
p.200,Fernando Botero,agente,persona,,,,,artista,17,catalogo_personas,
p.201,Fernando Maza,agente,persona,,,,,artista,12,catalogo_personas,
p.202,Enrique Aguirrezabala,agente,persona,,,,,artista,1,catalogo_personas,
p.203,Elías Heim,agente,persona,,,,,artista|curador,26,catalogo_personas,
p.204,Eduardo Audivert,agente,persona,,,,,artista,6,catalogo_personas,
p.205,Édgar Álvarez,agente,persona,,,,,artista,4,catalogo_personas,
p.206,Diego Mazuera,agente,persona,,,,,artista,9,catalogo_personas,
p.207,David Alfaro Siqueiros,agente,persona,,,,,artista,7,catalogo_personas,
p.208,Danilo Dueñas,agente,persona,,,,,artista,10,catalogo_personas,
p.210,Cecilia Coronel,agente,persona,,,,,artista,2,catalogo_personas,
p.211,Cecilia Delgado,agente,persona,,,,,artista,1,catalogo_personas,
p.212,Carlos Jacanamijoy Tisoy,agente,persona,,,,,artista,7,catalogo_personas,
p.213,Carlos Lersundy García,agente,persona,,,,,artista,3,catalogo_personas,
p.214,Carlos Salas Silva,agente,persona,,,,,artista,11,catalogo_personas,
p.215,Bibiana Vélez,agente,persona,,,,,artista,12,catalogo_personas,
p.216,Becky Mayer,agente,persona,,,,,artista,10,catalogo_personas,
p.217,Beatriz Daza,agente,persona,,,,,artista,19,catalogo_personas,
p.218,Augusto Rivera,agente,persona,,,,,artista,12,catalogo_personas,
p.219,Arturo Kubotta,agente,persona,,,,,artista,2,catalogo_personas,
p.220,Antonio Frasconi,agente,persona,,,,,artista,7,catalogo_personas,
p.221,Anne Meredith Barry,agente,persona,,,,,artista,2,catalogo_personas,
p.222,Ángela Villegas,agente,persona,,,,,artista,5,catalogo_personas,
p.223,Ana María Rueda,agente,persona,,,,,artista,9,catalogo_personas,
p.224,Ana Tiscornia,agente,persona,,,,,curador,1,catalogo_personas,
p.225,Allan D'Arcangelo,agente,persona,,,,,artista,5,catalogo_personas,
p.226,Alfredo Castañeda,agente,persona,,,,,artista,1,catalogo_personas,
p.227,Alfredo Guerrero,agente,persona,,,,,artista,6,catalogo_personas,
p.228,Alexis Gorodine,agente,persona,,,,,artista,3,catalogo_personas,
p.229,Alejandro Otero,agente,persona,,,,,artista,5,catalogo_personas,
p.230,Aldo Menéndez,agente,persona,,,,,artista,2,catalogo_personas,
p.231,Alberto Lenis Burckhardt,agente,persona,,,,,artista,3,catalogo_personas,
p.232,Agustín Fernández,agente,persona,,,,,artista,7,catalogo_personas,
p.233,Adolfo Bernal,agente,persona,,,,,artista,3,catalogo_personas,
p.235,Yairo Mejía,agente,persona,,,,,artista,1,catalogo_personas,
p.236,Wilma Martins,agente,persona,,,,,artista,1,catalogo_personas,
p.238,William Weege,agente,persona,,,,,artista,7,catalogo_personas,
p.239,Willem De Kooning,agente,persona,,,,,artista,4,catalogo_personas,
p.240,Warrington Colescott,agente,persona,,,,,artista,6,catalogo_personas,
p.242,Vivian Monsalve,agente,persona,,,,,artista,3,catalogo_personas,
p.243,Virginia Amaya,agente,persona,,,,,artista,1,catalogo_personas,
p.247,Vicente Rojo,agente,persona,,,,,artista,7,catalogo_personas,
p.248,Toshihiro Katayama,agente,persona,,,,,artista,1,catalogo_personas,
p.249,Tony Onley,agente,persona,,,,,artista,1,catalogo_personas,
p.250,Tomás Gonda,agente,persona,,,,,artista,1,catalogo_personas,
p.251,Tino Stefanoni,agente,persona,,,,,artista,1,catalogo_personas,
p.252,Thom O'Connor,agente,persona,,,,,artista,6,catalogo_personas,
p.253,Tancredo De Araújo,agente,persona,,,,,artista,4,catalogo_personas,
p.255,Tadeo Castro,agente,persona,,,,,artista,2,catalogo_personas,
p.256,Susy Dembo,agente,persona,,,,,artista,1,catalogo_personas,
p.258,Susan Hudson,agente,persona,,,,,artista,2,catalogo_personas,
p.259,Sonnylal Rambissoon,agente,persona,,,,,artista,1,catalogo_personas,
p.260,Sonia Von Brusky,agente,persona,,,,,artista,1,catalogo_personas,
p.261,Sofía Urrutia,agente,persona,,,,,artista,2,catalogo_personas,
p.262,Simón Gouverneur,agente,persona,,,,,artista,2,catalogo_personas,
p.264,Servando Cabrera Moreno,agente,persona,,,,,artista,1,catalogo_personas,
p.265,Sefa Ferré,agente,persona,,,,,artista,2,catalogo_personas,
p.266,Saúl Huerta,agente,persona,,,,,artista,2,catalogo_personas,
p.267,Saúl Steinberg,agente,persona,,,,,artista,5,catalogo_personas,
p.268,Santiago Martínez Delgado,agente,persona,,,,,artista,3,catalogo_personas,
p.269,Santiago Uribe Holguín,agente,persona,,,,,artista,7,catalogo_personas,
p.271,Samuel Antupit,agente,persona,,,,,artista,1,catalogo_personas,
p.272,Samuel Montealegre,agente,persona,,,,,artista,1,catalogo_personas,
p.273,Sam Francis,agente,persona,,,,,artista,5,catalogo_personas,
p.275,Roy Lichtenstein,agente,persona,,,,,artista,5,catalogo_personas,
p.276,Rosa Tavárez,agente,persona,,,,,artista,2,catalogo_personas,
p.277,Ronald Duncan,agente,persona,,,,,artista,1,catalogo_personas,
p.278,Rómulo Rozo,agente,persona,,,,,artista,7,catalogo_personas,
p.280,Rodolfo Arico,agente,persona,,,,,artista,1,catalogo_personas,
p.285,Roberto Angulo,agente,persona,,,,,artista,3,catalogo_personas,
p.286,Roberto Cabrera,agente,persona,,,,,artista,3,catalogo_personas,
p.287,Roberto Donis,agente,persona,,,,,artista,2,catalogo_personas,
p.288,Roberto Pizano,agente,persona,,,,,artista,2,catalogo_personas,
p.289,Robert Indiana,agente,persona,,,,,artista,9,catalogo_personas,
p.290,Robert Motherwell,agente,persona,,,,,artista,4,catalogo_personas,
p.291,Robert Rauschenberg,agente,persona,,,,,artista,7,catalogo_personas,
p.293,Richard Claude Ziemann,agente,persona,,,,,artista,3,catalogo_personas,
p.294,Richard Lindner,agente,persona,,,,,artista,6,catalogo_personas,
p.295,Ricardo Borrero,agente,persona,,,,,artista,6,catalogo_personas,
p.296,Ricardo Gómez Campuzano,agente,persona,,,,,artista,6,catalogo_personas,
p.298,Ricardo Potes Vargas,agente,persona,,,,,artista,1,catalogo_personas,
p.299,Ricardo Rocha,agente,persona,,,,,artista,2,catalogo_personas,
p.300,Ria Zurne,agente,persona,,,,,artista,1,catalogo_personas,
p.302,Raúl Cattelani,agente,persona,,,,,artista,1,catalogo_personas,
p.303,Raquel Forner,agente,persona,,,,,artista,2,catalogo_personas,
p.305,Rangel Gutiérrez,agente,persona,,,,,artista,1,catalogo_personas,
p.306,Ramón Vanegas,agente,persona,,,,,artista,2,catalogo_personas,
p.307,Rafael Canogar,agente,persona,,,,,artista,1,catalogo_personas,
p.308,Rafael Coronel,agente,persona,,,,,artista,3,catalogo_personas,
p.309,Rafael Panizza,agente,persona,,,,,artista,2,catalogo_personas,
p.311,Pol Mara,agente,persona,,,,,artista,1,catalogo_personas,
p.312,Pilar Caballero,agente,persona,,,,,artista,3,catalogo_personas,
p.313,Pierre Aletchinsky,agente,persona,,,,,artista,1,catalogo_personas,
p.314,Pierre Ayot,agente,persona,,,,,artista,2,catalogo_personas,
p.315,Pierre Keller,agente,persona,,,,,artista|curador,2,catalogo_personas,
p.317,Penny Bennet,agente,persona,,,,,artista,1,catalogo_personas,
p.318,Pedro León Zapata,agente,persona,,,,,artista,1,catalogo_personas,
p.320,Pedro Coronel,agente,persona,,,,,artista,2,catalogo_personas,
p.321,Pedro Friedberg,agente,persona,,,,,artista,4,catalogo_personas,
p.322,Patricia Bonilla,agente,persona,,,,,artista,2,catalogo_personas,
p.323,Patricia Bravo,agente,persona,,,,,artista,2,catalogo_personas,
p.324,Paige Abadi,agente,persona,,,,,artista,2,catalogo_personas,
p.325,Pablo O'higgins,agente,persona,,,,,artista,1,catalogo_personas,
p.327,Pablo Van Wong,agente,persona,,,,,artista,16,catalogo_personas,
p.328,Oswaldo Guayasamín,agente,persona,,,,,artista,5,catalogo_personas,
p.329,Oswaldo Subero,agente,persona,,,,,artista,1,catalogo_personas,
p.332,Óscar González Cerón,agente,persona,,,,,artista,2,catalogo_personas,
p.333,Óscar Ramos,agente,persona,,,,,artista,1,catalogo_personas,
p.334,Óscar Smoje,agente,persona,,,,,artista,1,catalogo_personas,
p.336,Ofelia Rodríguez,agente,persona,,,,,artista,4,catalogo_personas,
p.337,Odetto Guersoni,agente,persona,,,,,apoyo|artista,3,catalogo_personas,
p.339,Norberto Onofrio,agente,persona,,,,,artista,1,catalogo_personas,
p.345,Nelson Villalobo,agente,persona,,,,,artista,1,catalogo_personas,
p.346,Ned Truss,agente,persona,,,,,artista,4,catalogo_personas,
p.349,Nadín Ospina,agente,persona,,,,,artista,16,catalogo_personas,
p.350,Myrna Báez,agente,persona,,,,,artista,5,catalogo_personas,
p.351,Mónika Herrán,agente,persona,,,,,artista,3,catalogo_personas,
p.352,Mónica Meira,agente,persona,,,,,artista,6,catalogo_personas,
p.353,Mónica Negret,agente,persona,,,,,artista,5,catalogo_personas,
p.355,Milton Glaser,agente,persona,,,,,artista,5,catalogo_personas,
p.357,Miguel Ángel Reyes,agente,persona,,,,,artista,3,catalogo_personas,
p.362,Michel Leclair,agente,persona,,,,,artista,1,catalogo_personas,
p.364,Melitón Rodríguez,agente,persona,,,,,artista,1,catalogo_personas,
p.365,Mauricio Bueno,agente,persona,,,,,artista,2,catalogo_personas,
p.366,Mauricio Lasansky,agente,persona,,,,,artista,7,catalogo_personas,
p.367,Mathias Goeritz,agente,persona,,,,,artista,4,catalogo_personas,
p.368,Mateo Manaure,agente,persona,,,,,artista,5,catalogo_personas,
p.369,Massimo Vignelli,agente,persona,,,,,artista,1,catalogo_personas,
p.371,Masaaki Sato,agente,persona,,,,,artista,2,catalogo_personas,
p.372,Marta Lucía Villafañe,agente,persona,,,,,artista,3,catalogo_personas,
p.374,Marta Combariza,agente,persona,,,,,artista,1,catalogo_personas,
p.377,Mario Radice,agente,persona,,,,,artista,1,catalogo_personas,
p.378,Mario Toral,agente,persona,,,,,artista,3,catalogo_personas,
p.379,Mario Zabaleta,agente,persona,,,,,artista,3,catalogo_personas,
p.380,Marilyn Tamkin,agente,persona,,,,,artista,1,catalogo_personas,
p.381,Marietta Berman,agente,persona,,,,,artista,5,catalogo_personas,
p.382,Mariana Varela,agente,persona,,,,,artista,7,catalogo_personas,
p.385,María José Morales,agente,persona,,,,,artista,5,catalogo_personas,
p.387,María Clara Gómez,agente,persona,,,,,artista,1,catalogo_personas,
p.388,María Clara Piñeyro,agente,persona,,,,,artista,5,catalogo_personas,
p.389,María Girona,agente,persona,,,,,artista,1,catalogo_personas,
p.390,Margot Römer,agente,persona,,,,,artista,3,catalogo_personas,
p.392,Marco Tobón Mejía,agente,persona,,,,,artista,2,catalogo_personas,
p.394,Manuel Camargo,agente,persona,,,,,artista,2,catalogo_personas,
p.396,Manuel Espinoza,agente,persona,,,,,artista,2,catalogo_personas,
p.397,Manuel Estrada,agente,persona,,,,,artista,3,catalogo_personas,
p.398,Manuel Felguérez,agente,persona,,,,,artista,4,catalogo_personas,
p.399,Manuel García,agente,persona,,,,,artista,1,catalogo_personas,
p.400,Man Ray,agente,persona,,,,,artista,2,catalogo_personas,
p.402,Luis Guillermo Botero,agente,persona,,,,,artista,3,catalogo_personas,
p.403,Luis Fernando Escobar,agente,persona,,,,,artista,7,catalogo_personas,
p.404,Luis Fernando Zapata,agente,persona,,,,,artista,4,catalogo_personas,
p.405,Luis Ángel Rengifo,agente,persona,,,,,artista,1,catalogo_personas,
p.406,Luis Alfonso Ramírez,agente,persona,,,,,artista,3,catalogo_personas,
p.407,Luis Adrián León,agente,persona,,,,,artista,1,catalogo_personas,
p.409,Luis Chacón,agente,persona,,,,,artista,5,catalogo_personas,
p.410,Luis García Guerrero,agente,persona,,,,,artista,1,catalogo_personas,
p.412,Luis López Loza,agente,persona,,,,,artista,6,catalogo_personas,
p.413,Luis Luna,agente,persona,,,,,artista,2,catalogo_personas,
p.414,Luis Paz,agente,persona,,,,,artista,5,catalogo_personas,
p.418,Louise Richter,agente,persona,,,,,artista,3,catalogo_personas,
p.420,Lope Max Díaz Rivera,agente,persona,,,,,artista,1,catalogo_personas,
p.421,Liliana Durán,agente,persona,,,,,artista,2,catalogo_personas,
p.424,Leonora Carrington,agente,persona,,,,,artista,3,catalogo_personas,
p.426,Leonard Baskin,agente,persona,,,,,artista,8,catalogo_personas,
p.427,León Ricaurte Miranda,agente,persona,,,,,artista,1,catalogo_personas,
p.428,Kenjilo Nanao,agente,persona,,,,,artista,5,catalogo_personas,
p.429,Julio Augusto Zachrisson,agente,persona,,,,,artista,2,catalogo_personas,
p.430,Julio Camino Sánchez,agente,persona,,,,,artista,1,catalogo_personas,
p.431,Julio Santiago,agente,persona,,,,,artista,1,catalogo_personas,
p.432,Julio Silva,agente,persona,,,,,artista,2,catalogo_personas,
p.433,Julián Posada,agente,persona,,,,,artista,1,catalogo_personas,
p.434,Juan Manuel De La Rosa,agente,persona,,,,,artista,2,catalogo_personas,
p.435,Juan Mejía,agente,persona,,,,,artista|curador,17,catalogo_personas,
p.438,Juan Fresan,agente,persona,,,,,artista,2,catalogo_personas,
p.440,Juan Obregón,agente,persona,,,,,artista,1,catalogo_personas,
p.441,Joseph Kosuth,agente,persona,,,,,artista,2,catalogo_personas,
p.442,Josep Guinovart,agente,persona,,,,,artista,1,catalogo_personas,
p.444,José Luis Fajardo,agente,persona,,,,,artista,1,catalogo_personas,
p.446,José Clemente Orozco,agente,persona,,,,,artista,4,catalogo_personas,
p.447,José Antonio Dávila,agente,persona,,,,,artista,1,catalogo_personas,
p.449,José Antonio Suárez Londoño,agente,persona,,,,,artista,3,catalogo_personas,
p.450,José Bartoli,agente,persona,,,,,artista,2,catalogo_personas,
p.451,José Chávez Morado,agente,persona,,,,,artista,1,catalogo_personas,
p.453,José Franco,agente,persona,,,,,artista,3,catalogo_personas,
p.455,José Mina,agente,persona,,,,,artista,8,catalogo_personas,
p.456,José Moreno,agente,persona,,,,,artista,1,catalogo_personas,
p.457,José Urbach,agente,persona,,,,,artista,4,catalogo_personas,
p.458,Jorge Julián Aristizábal,agente,persona,,,,,artista,11,catalogo_personas,
p.459,Jorge Acero,agente,persona,,,,,artista,8,catalogo_personas,
p.460,Jorge Camacho,agente,persona,,,,,artista,1,catalogo_personas,
p.462,Jorge González,agente,persona,,,,,artista,2,catalogo_personas,
p.465,Johnny Rasmussen,agente,persona,,,,,artista,4,catalogo_personas,
p.466,John Grillo,agente,persona,,,,,artista,2,catalogo_personas,
p.468,John Massey,agente,persona,,,,,artista,2,catalogo_personas,
p.469,John McLaughlin,agente,persona,,,,,artista,6,catalogo_personas,
p.470,Johanna Calle,agente,persona,,,,,artista,2,catalogo_personas,
p.471,Joaquín Ferrer,agente,persona,,,,,artista,3,catalogo_personas,
p.473,Jim Dine,agente,persona,,,,,artista,7,catalogo_personas,
p.474,Jesús María Zamora,agente,persona,,,,,artista,7,catalogo_personas,
p.475,Jesús Martínez,agente,persona,,,,,artista,1,catalogo_personas,
p.476,Jean Gabriel Thénot,agente,persona,,,,,artista,4,catalogo_personas,
p.477,Javier Restrepo,agente,persona,,,,,artista,1,catalogo_personas,
p.478,Jan Cremer,agente,persona,,,,,artista,1,catalogo_personas,
p.479,James Brown,agente,persona,,,,,artista,2,catalogo_personas,
p.480,Jaime Ávila,agente,persona,,,,,artista,6,catalogo_personas,
p.481,Jaime Iregui,agente,persona,,,,,artista,7,catalogo_personas,
p.483,Jaime Osorio,agente,persona,,,,,artista,2,catalogo_personas,
p.484,Jaime Suárez,agente,persona,,,,,artista,6,catalogo_personas,
p.485,Jacques Hurtubise,agente,persona,,,,,artista,2,catalogo_personas,
p.486,Jacques Villon,agente,persona,,,,,artista,1,catalogo_personas,
p.487,Jacobo Borges,agente,persona,,,,,artista,2,catalogo_personas,
p.489,Ismael Martínez Guardado,agente,persona,,,,,artista,1,catalogo_personas,
p.490,Ignacio Miranda,agente,persona,,,,,artista,1,catalogo_personas,
p.491,Humberto Jaimes,agente,persona,,,,,artista,1,catalogo_personas,
p.494,Hugo Cifuentes,agente,persona,,,,,artista,8,catalogo_personas,
p.495,Homero Aguilar,agente,persona,,,,,artista,2,catalogo_personas,
p.496,Hervé Télémaque,agente,persona,,,,,artista,1,catalogo_personas,
p.497,Hernando del Villar,agente,persona,,,,,artista,4,catalogo_personas,
p.498,Hernando Ordóñez,agente,persona,,,,,artista,2,catalogo_personas,
p.499,Hernando Rojas,agente,persona,,,,,artista,2,catalogo_personas,
p.500,Hernán Zúñiga Alban,agente,persona,,,,,artista,1,catalogo_personas,
p.501,Herbert Bayer,agente,persona,,,,,artista,6,catalogo_personas,
p.502,Henry Pearson,agente,persona,,,,,artista,3,catalogo_personas,
p.503,Helio Salcedo,agente,persona,,,,,artista,2,catalogo_personas,
p.505,Helen Escobedo,agente,persona,,,,,artista,4,catalogo_personas,
p.509,Hans Richter,agente,persona,,,,,artista,1,catalogo_personas,
p.510,Hannes Postma,agente,persona,,,,,artista,1,catalogo_personas,
p.511,Gustavo Vejarano,agente,persona,,,,,artista,1,catalogo_personas,
p.512,Guillermo Cuartas,agente,persona,,,,,artista,1,catalogo_personas,
p.515,Guillermo Núñez,agente,persona,,,,,artista,4,catalogo_personas,
p.516,Guillermo Vélez,agente,persona,,,,,artista,2,catalogo_personas,
p.517,Guillermo Wiedemann,agente,persona,,,,,artista,8,catalogo_personas,
p.519,Gonzalo Ariza,agente,persona,,,,,artista,7,catalogo_personas,
p.522,Gloria Uribe,agente,persona,,,,,artista,1,catalogo_personas,
p.523,Gladys Meneses,agente,persona,,,,,artista,4,catalogo_personas,
p.525,Giovanni Vargas,agente,persona,,,,,artista,7,catalogo_personas,
p.526,Gio Pomodoro,agente,persona,,,,,artista,1,catalogo_personas,
p.527,Gina Pellón,agente,persona,,,,,artista,2,catalogo_personas,
p.528,Gilbert Wayembergue,agente,persona,,,,,artista,1,catalogo_personas,
p.530,Gesner Armand,agente,persona,,,,,artista,1,catalogo_personas,
p.531,Gertrud Goldschmidt,agente,persona,,,,,artista,4,catalogo_personas,
p.532,Gerardo Chávez,agente,persona,,,,,artista,2,catalogo_personas,
p.533,Gerardo Ravassa,agente,persona,,,,,artista,3,catalogo_personas,
p.534,George Raab,agente,persona,,,,,artista,1,catalogo_personas,
p.535,Geny Dignac,agente,persona,,,,,artista,13,catalogo_personas,
p.536,Gabriel Silva Rubio,agente,persona,,,,,artista,4,catalogo_personas,
p.537,Gabor Peterdi,agente,persona,,,,,artista,4,catalogo_personas,
p.539,Fred Koot,agente,persona,,,,,artista,1,catalogo_personas,
p.540,Francisco Bellorin,agente,persona,,,,,artista,2,catalogo_personas,
p.541,Francisco Corzas,agente,persona,,,,,artista,3,catalogo_personas,
p.542,Francisco De La Puente,agente,persona,,,,,artista,2,catalogo_personas,
p.544,Francisco Toledo,agente,persona,,,,,artista,7,catalogo_personas,
p.545,Francisco Zúñiga,agente,persona,,,,,artista,2,catalogo_personas,
p.546,Francesc Artigau,agente,persona,,,,,artista,1,catalogo_personas,
p.547,Flor María Bouhot,agente,persona,,,,,artista,4,catalogo_personas,
p.548,Flavio Garciandía,agente,persona,,,,,artista,4,catalogo_personas,
p.549,Fernando Arias,agente,persona,,,,,artista,3,catalogo_personas,
p.550,Fernando Cepeda,agente,persona,,,,,artista,1,catalogo_personas,
p.551,Fernando García Ponce,agente,persona,,,,,artista,1,catalogo_personas,
p.554,Fernando Tovar,agente,persona,,,,,artista,1,catalogo_personas,
p.556,Félix Beltrán,agente,persona,,,,,artista,4,catalogo_personas,
p.557,Feliciano Bejar,agente,persona,,,,,artista,1,catalogo_personas,
p.558,Federico Cantu,agente,persona,,,,,artista,1,catalogo_personas,
p.560,Fanny Sanín,agente,persona,,,,,artista,2,catalogo_personas,
p.562,Fabio Daza,agente,persona,,,,,artista,3,catalogo_personas,
p.563,Fabio Serrano,agente,persona,,,,,artista,2,catalogo_personas,
p.564,Fabián Rendón,agente,persona,,,,,artista,1,catalogo_personas,
p.565,Ever Fonseca,agente,persona,,,,,artista,1,catalogo_personas,
p.566,Ernesto Barreda,agente,persona,,,,,artista,1,catalogo_personas,
p.567,Ernest Trova,agente,persona,,,,,artista,7,catalogo_personas,
p.569,Enrique Buenaventura,agente,persona,,,,,artista|presentador,3,catalogo_personas,
p.570,Enrique Sánchez,agente,persona,,,,,artista,4,catalogo_personas,
p.571,Enrique Tábara,agente,persona,,,,,artista,3,catalogo_personas,
p.572,Emilio Ortiz,agente,persona,,,,,artista,3,catalogo_personas,
p.573,Emilio Scanavino,agente,persona,,,,,artista,1,catalogo_personas,
p.574,Elsa Zambrano,agente,persona,,,,,artista,2,catalogo_personas,
p.575,Ellsworth Kelly,agente,persona,,,,,artista,4,catalogo_personas,
p.576,Elizabeth Saavedra,agente,persona,,,,,artista,1,catalogo_personas,
p.578,Efraim Martínez,agente,persona,,,,,artista,5,catalogo_personas,
p.579,Edward Ruscha,agente,persona,,,,,artista,5,catalogo_personas,
p.580,Eduardo Cervantes,agente,persona,,,,,artista,1,catalogo_personas,
p.581,Eduardo Mac Entyre,agente,persona,,,,,artista,8,catalogo_personas,
p.585,Edith Behring,agente,persona,,,,,apoyo|artista,4,catalogo_personas,
p.586,Édgar Correal,agente,persona,,,,,artista,3,catalogo_personas,
p.587,Édgar Sánchez,agente,persona,,,,,artista,5,catalogo_personas,
p.589,Diego Rivera,agente,persona,,,,,artista,6,catalogo_personas,
p.590,Dicken Castro,agente,persona,,,,,artista,8,catalogo_personas,
p.592,Denise Buraye,agente,persona,,,,,artista,1,catalogo_personas,
p.593,Débora Arango,agente,persona,,,,,artista,6,catalogo_personas,
p.594,David Becker,agente,persona,,,,,artista,8,catalogo_personas,
p.596,Daniel Senise,agente,persona,,,,,artista,7,catalogo_personas,
p.598,Corina Briceño,agente,persona,,,,,artista,3,catalogo_personas,
p.600,Consuelo Gómez,agente,persona,,,,,artista,12,catalogo_personas,
p.604,Cleber Machado,agente,persona,,,,,artista,1,catalogo_personas,
p.605,Chuck Close,agente,persona,,,,,artista,3,catalogo_personas,
p.607,Charles Roth,agente,persona,,,,,artista,3,catalogo_personas,
p.608,César Alfaro Mosquera,agente,persona,,,,,artista,1,catalogo_personas,
p.610,Catalina Cárdenas,agente,persona,,,,,artista,2,catalogo_personas,
p.611,Carol Summers,agente,persona,,,,,artista,7,catalogo_personas,
p.613,Carmenza Delgado,agente,persona,,,,,artista,1,catalogo_personas,
p.615,Carmen Aldunate,agente,persona,,,,,artista,3,catalogo_personas,
p.617,Carlos -Bororo- Maturana,agente,persona,,,,,artista,4,catalogo_personas,
p.618,Carlos Andrade,agente,persona,,,,,artista,2,catalogo_personas,
p.620,Carlos Collazo,agente,persona,,,,,artista,5,catalogo_personas,
p.621,Carlos Correa,agente,persona,,,,,artista,10,catalogo_personas,
p.624,Carlos García Estrada,agente,persona,,,,,artista,1,catalogo_personas,
p.625,Carlos Gómez,agente,persona,,,,,artista,7,catalogo_personas,
p.626,Carlos Granada,agente,persona,,,,,artista,9,catalogo_personas,
p.628,Carlos Revilla,agente,persona,,,,,artista,2,catalogo_personas,
p.629,Carlos Salazar,agente,persona,,,,,artista,3,catalogo_personas,
p.630,Carlos Zerpa,agente,persona,,,,,artista,10,catalogo_personas,
p.631,Brian Nissen,agente,persona,,,,,artista,5,catalogo_personas,
p.632,Bolívar Gaudín,agente,persona,,,,,artista,1,catalogo_personas,
p.633,Blanca Obeyda Giraldo,agente,persona,,,,,artista,1,catalogo_personas,
p.635,Bezdykian Assadour,agente,persona,,,,,artista,1,catalogo_personas,
p.636,Benjamín Lira,agente,persona,,,,,artista,1,catalogo_personas,
p.637,Beatriz Ángel,agente,persona,,,,,artista,1,catalogo_personas,
p.638,Beatriz Duque,agente,persona,,,,,artista,2,catalogo_personas,
p.641,Asdrúbal Domínguez,agente,persona,,,,,artista,1,catalogo_personas,
p.642,Ary Brizzi,agente,persona,,,,,artista,11,catalogo_personas,
p.643,Arthur Luiz Piza,agente,persona,,,,,artista,3,catalogo_personas,
p.644,Arthur Tashko,agente,persona,,,,,artista,2,catalogo_personas,
p.645,Arnulfo Luna,agente,persona,,,,,artista,2,catalogo_personas,
p.646,Arnoldo Ramírez Amaya,agente,persona,,,,,artista,1,catalogo_personas,
p.647,Arnaldo Coen,agente,persona,,,,,artista,3,catalogo_personas,
p.648,Armin Tröger,agente,persona,,,,,artista,3,catalogo_personas,
p.649,Armando Londoño,agente,persona,,,,,artista,2,catalogo_personas,
p.650,Antonio Eligio Fernandez,agente,persona,,,,,artista,5,catalogo_personas,
p.651,Antonio Alvarado,agente,persona,,,,,artista,2,catalogo_personas,
p.652,Antonio Berni,agente,persona,,,,,artista,6,catalogo_personas,
p.654,Antonio Grass,agente,persona,,,,,artista,6,catalogo_personas,
p.655,Antonio Joseph,agente,persona,,,,,artista,2,catalogo_personas,
p.656,Antonio Martorell,agente,persona,,,,,artista,3,catalogo_personas,
p.658,Antonio Peláez,agente,persona,,,,,artista,2,catalogo_personas,
p.659,Antonio Rodríguez,agente,persona,,,,,artista,1,catalogo_personas,
p.660,Antonio Samudio,agente,persona,,,,,artista,1,catalogo_personas,
p.663,Anselmo Carrera Rojas,agente,persona,,,,,artista,4,catalogo_personas,
p.664,Anna Letycia Quadros,agente,persona,,,,,artista,3,catalogo_personas,
p.665,Anna Bella Geiger,agente,persona,,,,,artista,2,catalogo_personas,
p.666,Aníbal Gil,agente,persona,,,,,artista,6,catalogo_personas,
p.667,Ángela María Restrepo,agente,persona,,,,,artista,1,catalogo_personas,
p.668,Ángel Loochkartt,agente,persona,,,,,artista,5,catalogo_personas,
p.669,Andy Warhol,agente,persona,,,,,artista,6,catalogo_personas,
p.671,Ana María Mazzei,agente,persona,,,,,artista,3,catalogo_personas,
p.672,Ana Durán,agente,persona,,,,,artista,1,catalogo_personas,
p.673,Ana Velasco,agente,persona,,,,,artista,3,catalogo_personas,
p.674,Álvaro Herrán,agente,persona,,,,,artista,6,catalogo_personas,
p.675,Álvaro Peñarete,agente,persona,,,,,artista,1,catalogo_personas,
p.676,Alirio Palacios,agente,persona,,,,,artista,3,catalogo_personas,
p.677,Alicia Barney,agente,persona,,,,,artista,20,catalogo_personas,
p.679,Alfredo Lleras Rojas,agente,persona,,,,,artista,2,catalogo_personas,
p.681,Alfredo Zalce,agente,persona,,,,,artista,1,catalogo_personas,
p.683,Alfonso Mateus Ortega,agente,persona,,,,,artista,1,catalogo_personas,
p.684,Alexander Calder,agente,persona,,,,,artista,4,catalogo_personas,
p.685,Alberto Arboleda,agente,persona,,,,,artista,6,catalogo_personas,
p.686,Alberto Gironella,agente,persona,,,,,artista,4,catalogo_personas,
p.687,Alberto Gutiérrez,agente,persona,,,,,artista,10,catalogo_personas,
p.689,Alberto Rincón,agente,persona,,,,,artista,3,catalogo_personas,
p.690,Alberto Sierra,agente,persona,,,,,curador,3,catalogo_personas,
p.691,Alberto Sojo,agente,persona,,,,,artista,2,catalogo_personas,
p.692,Al Held,agente,persona,,,,,artista,3,catalogo_personas,
p.693,Agustín Cárdenas,agente,persona,,,,,artista,1,catalogo_personas,
p.699,Zulema Damianovich,agente,persona,,,,,artista,1,catalogo_personas,
p.700,Zheng Yunfeg,agente,persona,,,,,artista,1,catalogo_personas,
p.701,Yves Tanguy,agente,persona,,,,,artista,1,catalogo_personas,
p.702,Yolanda Mesa,agente,persona,,,,,artista,2,catalogo_personas,
p.703,Yolanda Pineda,agente,persona,,,,,artista,1,catalogo_personas,
p.704,Yesid Montaña,agente,persona,,,,,artista,1,catalogo_personas,
p.705,Yanz Poli,agente,persona,,,,,artista,1,catalogo_personas,
p.706,Ximena Medina,agente,persona,,,,,artista,1,catalogo_personas,
p.707,Xavier Héctor,agente,persona,,,,,artista,1,catalogo_personas,
p.708,Xanti Schawinsky,agente,persona,,,,,artista,1,catalogo_personas,
p.709,Wynn Bullock,agente,persona,,,,,artista,1,catalogo_personas,
p.710,Wulf Barsch,agente,persona,,,,,artista,1,catalogo_personas,
p.711,Wolfang Oppermann,agente,persona,,,,,artista,1,catalogo_personas,
p.712,Wiston Kennedy,agente,persona,,,,,artista,1,catalogo_personas,
p.713,Wing Fong,agente,persona,,,,,artista,1,catalogo_personas,
p.714,Wilson Díaz,agente,persona,,,,,artista|curador,19,catalogo_personas,
p.715,Willy Spiler,agente,persona,,,,,artista,1,catalogo_personas,
p.716,William Baziotes,agente,persona,,,,,artista,1,catalogo_personas,
p.717,William Scott,agente,persona,,,,,artista,1,catalogo_personas,
p.718,William Turnbull,agente,persona,,,,,artista,2,catalogo_personas,
p.719,Will Bradley,agente,persona,,,,,artista,1,catalogo_personas,
p.720,Werner Bischof,agente,persona,,,,,artista,2,catalogo_personas,
p.721,Werner Friedli,agente,persona,,,,,artista,1,catalogo_personas,
p.722,Werner Haug,agente,persona,,,,,artista,1,catalogo_personas,
p.723,Werner Herzog,agente,persona,,,,,artista,1,catalogo_personas,
p.724,Werner Pfeiffer,agente,persona,,,,,artista,1,catalogo_personas,
p.725,Werner Schreib,agente,persona,,,,,artista,1,catalogo_personas,
p.726,Wendy Wilson,agente,persona,,,,,artista,1,catalogo_personas,
p.727,Weisner,agente,persona,,,,,artista,1,catalogo_personas,
p.728,Wayne Peterson,agente,persona,,,,,artista,1,catalogo_personas,
p.729,Wanda Pimentel,agente,persona,,,,,artista,1,catalogo_personas,
p.730,Walter Allner,agente,persona,,,,,artista,1,catalogo_personas,
p.731,Walter Bachinski,agente,persona,,,,,artista,1,catalogo_personas,
p.732,Walter Bosshard,agente,persona,,,,,artista,1,catalogo_personas,
p.733,Walter Kohler,agente,persona,,,,,artista,1,catalogo_personas,
p.734,Walter Laubli,agente,persona,,,,,artista,1,catalogo_personas,
p.735,Walter Mittelholzer,agente,persona,,,,,artista,1,catalogo_personas,
p.736,Walter Redinger,agente,persona,,,,,artista,1,catalogo_personas,
p.737,Walter Tello,agente,persona,,,,,artista,1,catalogo_personas,
p.738,Walter Valentini,agente,persona,,,,,artista,1,catalogo_personas,
p.739,Waldo Balart,agente,persona,,,,,artista,1,catalogo_personas,
p.740,Walderedo Goncalves,agente,persona,,,,,artista,1,catalogo_personas,
p.741,Walass Ting,agente,persona,,,,,artista,1,catalogo_personas,
p.742,Vita Giorgi,agente,persona,,,,,artista,3,catalogo_personas,
p.743,Virgilio Trompiz,agente,persona,,,,,artista,1,catalogo_personas,
p.744,Vinicio Horta,agente,persona,,,,,artista,3,catalogo_personas,
p.745,Vin Giuliani,agente,persona,,,,,artista,1,catalogo_personas,
p.746,Viktir Natali-Morosow,agente,persona,,,,,artista,1,catalogo_personas,
p.747,Victoria Salamanca,agente,persona,,,,,artista,1,catalogo_personas,
p.748,Víctor Chab,agente,persona,,,,,artista,2,catalogo_personas,
p.749,Víctor Delhez,agente,persona,,,,,artista,1,catalogo_personas,
p.750,Víctor Escalante,agente,persona,,,,,artista,1,catalogo_personas,
p.751,Víctor Moscoso,agente,persona,,,,,artista,1,catalogo_personas,
p.752,Víctor Robledo,agente,persona,,,,,artista,5,catalogo_personas,
p.753,Víctor Sánchez,agente,persona,,,,,artista,1,catalogo_personas,
p.754,Víctor Varela,agente,persona,,,,,artista,5,catalogo_personas,
p.755,Vicente Martín,agente,persona,,,,,artista,1,catalogo_personas,
p.756,Verónica Bancalari,agente,persona,,,,,artista,1,catalogo_personas,
p.757,Vásquez Brito,agente,persona,,,,,artista,1,catalogo_personas,
p.758,Van LeBus,agente,persona,,,,,artista,1,catalogo_personas,
p.759,Valerio Rodrigues,agente,persona,,,,,apoyo|artista,2,catalogo_personas,
p.760,Valerie Brathwaite,agente,persona,,,,,artista,1,catalogo_personas,
p.761,Valerie Maynard,agente,persona,,,,,artista,1,catalogo_personas,
p.762,Uwe Lausen,agente,persona,,,,,artista,1,catalogo_personas,
p.763,Utz Kampmann,agente,persona,,,,,artista,1,catalogo_personas,
p.764,Ursula,agente,persona,,,,,artista,1,catalogo_personas,
p.765,Ursula Heller,agente,persona,,,,,artista,1,catalogo_personas,
p.766,Urs Luthi,agente,persona,,,,,artista,1,catalogo_personas,
p.767,Urs Stoss,agente,persona,,,,,artista,1,catalogo_personas,
p.768,Umberto Peña,agente,persona,,,,,artista,1,catalogo_personas,
p.769,Ulysse Dutoit,agente,persona,,,,,artista,1,catalogo_personas,
p.770,Uldarico Minotta,agente,persona,,,,,artista,2,catalogo_personas,
p.771,Tutua Boshell,agente,persona,,,,,artista,1,catalogo_personas,
p.772,Toni Krajnc,agente,persona,,,,,artista,1,catalogo_personas,
p.774,Tomoko Miho,agente,persona,,,,,artista,1,catalogo_personas,
p.775,Tomie Ohtake,agente,persona,,,,,artista,1,catalogo_personas,
p.776,Tomás Parra,agente,persona,,,,,artista,1,catalogo_personas,
p.777,Tomás Sánchez,agente,persona,,,,,artista,2,catalogo_personas,
p.778,Tomas Lasasnsky,agente,persona,,,,,artista,1,catalogo_personas,
p.779,Tomas Reyes,agente,persona,,,,,artista,2,catalogo_personas,
p.780,Tom Berg,agente,persona,,,,,artista,1,catalogo_personas,
p.781,Todd Ayoung,agente,persona,,,,,artista,1,catalogo_personas,
p.782,Toa Castellanos,agente,persona,,,,,artista,1,catalogo_personas,
p.783,Titus-Carmel,agente,persona,,,,,artista,1,catalogo_personas,
p.785,Thomaz Ianelli,agente,persona,,,,,artista,1,catalogo_personas,
p.786,Thomas Coleman,agente,persona,,,,,artista,1,catalogo_personas,
p.787,Thomas Cugini,agente,persona,,,,,artista,1,catalogo_personas,
p.788,Thomas Gentille,agente,persona,,,,,artista,1,catalogo_personas,
p.789,Thomas Lenk,agente,persona,,,,,artista,1,catalogo_personas,
p.790,Thomas Mann,agente,persona,,,,,artista,1,catalogo_personas,
p.791,Thomas Ruff,agente,persona,,,,,artista,1,catalogo_personas,
p.792,Thomas Struth,agente,persona,,,,,artista,1,catalogo_personas,
p.793,Thibaut Cuisset,agente,persona,,,,,artista,1,catalogo_personas,
p.794,Thereza Miranda,agente,persona,,,,,apoyo|artista,3,catalogo_personas,
p.795,Theo Frey,agente,persona,,,,,artista,1,catalogo_personas,
p.796,Teresa Arango,agente,persona,,,,,artista,1,catalogo_personas,
p.797,Teresa Casanova,agente,persona,,,,,artista,2,catalogo_personas,
p.798,Tere Perdomo,agente,persona,,,,,artista,1,catalogo_personas,
p.799,Teodoro Maoz,agente,persona,,,,,artista,1,catalogo_personas,
p.800,Tatiana Alamos,agente,persona,,,,,artista,1,catalogo_personas,
p.801,Tang Desheng,agente,persona,,,,,artista,1,catalogo_personas,
p.802,Tana Hoban,agente,persona,,,,,artista,1,catalogo_personas,
p.803,Talita Long,agente,persona,,,,,artista,1,catalogo_personas,
p.804,Takao Tanabe,agente,persona,,,,,artista,1,catalogo_personas,
p.805,Symour Chwast,agente,persona,,,,,artista,1,catalogo_personas,
p.806,Sydney Scherr,agente,persona,,,,,artista,1,catalogo_personas,
p.807,Suzanne Hausammann,agente,persona,,,,,artista,1,catalogo_personas,
p.808,Susan Kingsley,agente,persona,,,,,artista,1,catalogo_personas,
p.809,Susan Tamulevich,agente,persona,,,,,artista,1,catalogo_personas,
p.811,Susan Zimmerman,agente,persona,,,,,artista,1,catalogo_personas,
p.812,Steven Cortright,agente,persona,,,,,artista,1,catalogo_personas,
p.813,Steven Sorman,agente,persona,,,,,artista,3,catalogo_personas,
p.814,Steve Poleskie,agente,persona,,,,,artista,1,catalogo_personas,
p.815,Stephen Albair,agente,persona,,,,,artista,1,catalogo_personas,
p.816,Stanley Hayter,agente,persona,,,,,artista,1,catalogo_personas,
p.817,Stanley Lechtzin,agente,persona,,,,,artista,1,catalogo_personas,
p.818,Soutie,agente,persona,,,,,artista,1,catalogo_personas,
p.819,Sophie Larger,agente,persona,,,,,artista,1,catalogo_personas,
p.820,Sonia Bohórquez,agente,persona,,,,,artista,1,catalogo_personas,
p.821,Sonia Castro,agente,persona,,,,,artista,2,catalogo_personas,
p.822,Sonia Sánchez,agente,persona,,,,,artista,1,catalogo_personas,
p.823,Solange Oliveira,agente,persona,,,,,apoyo|artista,2,catalogo_personas,
p.824,Sol Lewitt,agente,persona,,,,,artista,2,catalogo_personas,
p.825,Slobodan Nedeljkovic,agente,persona,,,,,artista,1,catalogo_personas,
p.826,Sismo,agente,persona,,,,,artista,1,catalogo_personas,
p.827,Sine Hansen,agente,persona,,,,,artista,1,catalogo_personas,
p.828,Simone Meweg,agente,persona,,,,,artista,1,catalogo_personas,
p.830,Silvia Malagrino,agente,persona,,,,,artista,1,catalogo_personas,
p.831,Silvia Mallarino,agente,persona,,,,,artista,1,catalogo_personas,
p.832,Silvia Patiño,agente,persona,,,,,artista,3,catalogo_personas,
p.833,Silvia Rivas,agente,persona,,,,,artista,1,catalogo_personas,
p.834,Silvia Salgado,agente,persona,,,,,artista,1,catalogo_personas,
p.835,Sigmund Abeles,agente,persona,,,,,artista,1,catalogo_personas,
p.836,Sigifredo Chacón,agente,persona,,,,,artista,1,catalogo_personas,
p.837,Shiro Ikegawa,agente,persona,,,,,artista,1,catalogo_personas,
p.838,Shiko Munakat,agente,persona,,,,,artista,1,catalogo_personas,
p.839,Sherry Grauer,agente,persona,,,,,artista,1,catalogo_personas,
p.841,Servulo Esmeraldo,agente,persona,,,,,artista,1,catalogo_personas,
p.842,Sergio Martínez,agente,persona,,,,,artista,1,catalogo_personas,
p.843,Sergio Moreno,agente,persona,,,,,artista,1,catalogo_personas,
p.844,Sergio Ruiz,agente,persona,,,,,artista,1,catalogo_personas,
p.845,Sergio Trujillo,agente,persona,,,,,artista,1,catalogo_personas,
p.846,Serge Tousignant,agente,persona,,,,,artista,1,catalogo_personas,
p.847,Saverio Castellano,agente,persona,,,,,artista,1,catalogo_personas,
p.848,Saúl Balagura,agente,persona,,,,,artista,1,catalogo_personas,
p.849,Sara Modiano,agente,persona,,,,,artista,3,catalogo_personas,
p.850,Santos Chávez,agente,persona,,,,,artista,3,catalogo_personas,
p.851,Santiago Medina,agente,persona,,,,,artista,1,catalogo_personas,
p.852,Santiago Spinosa,agente,persona,,,,,artista,1,catalogo_personas,
p.853,Sandy Walker,agente,persona,,,,,artista,1,catalogo_personas,
p.854,Sammy Benmayor,agente,persona,,,,,artista,7,catalogo_personas,
p.855,Salvador Dalí,agente,persona,,,,,artista,1,catalogo_personas,
p.856,Safet Zec,agente,persona,,,,,artista,1,catalogo_personas,
p.857,Sabara Segal,agente,persona,,,,,artista,1,catalogo_personas,
p.858,S. Crawford,agente,persona,,,,,artista,1,catalogo_personas,
p.859,Ruven Afanador,agente,persona,,,,,artista,2,catalogo_personas,
p.860,Ruth Nivola,agente,persona,,,,,artista,1,catalogo_personas,
p.861,Rupprecht Geiger,agente,persona,,,,,artista,1,catalogo_personas,
p.862,Rudy Pozzatti,agente,persona,,,,,artista,2,catalogo_personas,
p.863,Rudolf Lichtsteiner,agente,persona,,,,,artista,1,catalogo_personas,
p.864,Rousselot,agente,persona,,,,,artista,1,catalogo_personas,
p.865,Rossini Perez,agente,persona,,,,,apoyo|artista,3,catalogo_personas,
p.866,Rossini Quintas,agente,persona,,,,,artista,1,catalogo_personas,
p.867,Rosmarie Hausheer,agente,persona,,,,,artista,1,catalogo_personas,
p.868,Rosita Carvajal,agente,persona,,,,,artista,1,catalogo_personas,
p.869,Rosi Schwartzman,agente,persona,,,,,artista,1,catalogo_personas,
p.870,Rosenell Baud,agente,persona,,,,,artista,1,catalogo_personas,
p.871,Rosa Vélez,agente,persona,,,,,artista,1,catalogo_personas,
p.872,Ronier Marín,agente,persona,,,,,artista,1,catalogo_personas,
p.873,Ronan,agente,persona,,,,,artista,1,catalogo_personas,
p.874,Ronald Lodes,agente,persona,,,,,artista,1,catalogo_personas,
p.875,Ron Arad,agente,persona,,,,,artista,1,catalogo_personas,
p.876,Ron Ho,agente,persona,,,,,artista,1,catalogo_personas,
p.877,Rolf Harder,agente,persona,,,,,artista,1,catalogo_personas,
p.878,Rolf Schroeter,agente,persona,,,,,artista,1,catalogo_personas,
p.879,Rolf Winnewiser,agente,persona,,,,,artista,1,catalogo_personas,
p.880,Rolando Dorrego,agente,persona,,,,,artista,1,catalogo_personas,
p.881,Roland Schneider,agente,persona,,,,,artista,1,catalogo_personas,
p.882,Rolado Peña,agente,persona,,,,,artista,1,catalogo_personas,
p.883,Rogério Luz,agente,persona,,,,,artista,1,catalogo_personas,
p.884,Roger Aguilar,agente,persona,,,,,artista,1,catalogo_personas,
p.885,Roger Cook,agente,persona,,,,,artista,1,catalogo_personas,
p.886,Roger Kuhn,agente,persona,,,,,artista,1,catalogo_personas,
p.887,Rodrigo Andrade,agente,persona,,,,,artista,1,catalogo_personas,
p.888,Rodrigo Callejas,agente,persona,,,,,artista,1,catalogo_personas,
p.889,Rodrigo Castaño,agente,persona,,,,,artista,1,catalogo_personas,
p.890,Rodrigo Fernández,agente,persona,,,,,artista,2,catalogo_personas,
p.891,Rodrigo Salazar,agente,persona,,,,,artista,1,catalogo_personas,
p.892,Rodolfo Ayoroa,agente,persona,,,,,artista,1,catalogo_personas,
p.893,Rodolfo Opazo,agente,persona,,,,,artista,3,catalogo_personas,
p.894,Rodolfo Ruiz,agente,persona,,,,,artista,1,catalogo_personas,
p.895,Roddolfo Vélez,agente,persona,,,,,artista,1,catalogo_personas,
p.896,Robin Quigley,agente,persona,,,,,artista,1,catalogo_personas,
p.897,Roberto Aguilar,agente,persona,,,,,artista,1,catalogo_personas,
p.898,Roberto Fabelo,agente,persona,,,,,artista,2,catalogo_personas,
p.899,Roberto Juárez,agente,persona,,,,,artista,1,catalogo_personas,
p.900,Roberto Paez,agente,persona,,,,,artista,1,catalogo_personas,
p.901,Roberto Páramo,agente,persona,,,,,artista,1,catalogo_personas,
p.902,Robert Adams,agente,persona,,,,,artista,1,catalogo_personas,
p.903,Robert Blackburn,agente,persona,,,,,artista,1,catalogo_personas,
p.904,Robert Brady,agente,persona,,,,,artista,1,catalogo_personas,
p.905,Robert Breer,agente,persona,,,,,artista,1,catalogo_personas,
p.906,Robert Edendort,agente,persona,,,,,artista,1,catalogo_personas,
p.907,Robert Fichter,agente,persona,,,,,artista,1,catalogo_personas,
p.908,Robert Frank,agente,persona,,,,,artista,1,catalogo_personas,
p.910,Robert Kushner,agente,persona,,,,,artista,1,catalogo_personas,
p.911,Robert Miles,agente,persona,,,,,artista,1,catalogo_personas,
p.912,Robert Osborn,agente,persona,,,,,artista,1,catalogo_personas,
p.913,Robert Parker,agente,persona,,,,,artista,1,catalogo_personas,
p.914,Robert Smithson,agente,persona,,,,,artista,1,catalogo_personas,
p.915,Robert Stackhouse,agente,persona,,,,,artista,1,catalogo_personas,
p.916,Robert Vickery,agente,persona,,,,,artista,1,catalogo_personas,
p.917,Robert Zakanitch,agente,persona,,,,,artista,1,catalogo_personas,
p.918,Rita Longa,agente,persona,,,,,artista,1,catalogo_personas,
p.919,Richard Coble,agente,persona,,,,,artista,1,catalogo_personas,
p.920,Richard Koslow,agente,persona,,,,,artista,1,catalogo_personas,
p.921,Richard Mafong,agente,persona,,,,,artista,1,catalogo_personas,
p.922,Richard Mill,agente,persona,,,,,artista,1,catalogo_personas,
p.923,Richard Pottruff,agente,persona,,,,,artista,1,catalogo_personas,
p.924,Richard Smith,agente,persona,,,,,artista,2,catalogo_personas,
p.925,Richard Ziemann,agente,persona,,,,,artista,1,catalogo_personas,
p.926,Richar Hutten,agente,persona,,,,,artista,1,catalogo_personas,
p.927,Ricardo Arjona,agente,persona,,,,,artista,1,catalogo_personas,
p.928,Ricardo Caballero,agente,persona,,,,,artista,1,catalogo_personas,
p.929,Ricardo Migliorisi,agente,persona,,,,,artista,1,catalogo_personas,
p.930,Ricardo Ohtake,agente,persona,,,,,artista,1,catalogo_personas,
p.931,Renina Katz,agente,persona,,,,,apoyo|artista,2,catalogo_personas,
p.932,René Alis,agente,persona,,,,,artista,2,catalogo_personas,
p.933,René Avila,agente,persona,,,,,artista,1,catalogo_personas,
p.934,René Burri,agente,persona,,,,,artista,1,catalogo_personas,
p.935,René Groebli,agente,persona,,,,,artista,1,catalogo_personas,
p.936,René Machler,agente,persona,,,,,artista,1,catalogo_personas,
p.937,René Magritte,agente,persona,,,,,artista,1,catalogo_personas,
p.938,René Zäch,agente,persona,,,,,artista,1,catalogo_personas,
p.939,Remo Bianchedi,agente,persona,,,,,artista,1,catalogo_personas,
p.940,Régulo,agente,persona,,,,,artista,1,catalogo_personas,
p.941,Reginald Holmes,agente,persona,,,,,artista,1,catalogo_personas,
p.942,Reginald Pollack,agente,persona,,,,,artista,1,catalogo_personas,
p.943,Regina Cavalcanti,agente,persona,,,,,artista,1,catalogo_personas,
p.944,Regina Silveira,agente,persona,,,,,artista,1,catalogo_personas,
p.945,Refel Moure,agente,persona,,,,,artista,1,catalogo_personas,
p.946,Rebekah Laskin,agente,persona,,,,,artista,1,catalogo_personas,
p.950,Raúl Alfaro,agente,persona,,,,,artista,1,catalogo_personas,
p.951,Raúl Alonso,agente,persona,,,,,artista,1,catalogo_personas,
p.952,Raúl Cristancho,agente,persona,,,,,artista,2,catalogo_personas,
p.953,Raúl Marroquín,agente,persona,,,,,artista,2,catalogo_personas,
p.954,Raúl Milián,agente,persona,,,,,artista,3,catalogo_personas,
p.955,Raul Jenkins,agente,persona,,,,,artista,1,catalogo_personas,
p.956,Raul Martínez,agente,persona,,,,,artista,1,catalogo_personas,
p.957,Ramona Solberg,agente,persona,,,,,artista,1,catalogo_personas,
p.958,Ramón Barba,agente,persona,,,,,artista,1,catalogo_personas,
p.959,Ramón Giovanni,agente,persona,,,,,artista,1,catalogo_personas,
p.960,Ramón Haiti,agente,persona,,,,,artista,1,catalogo_personas,
p.961,Ramón Oviedo,agente,persona,,,,,artista,1,catalogo_personas,
p.962,Ramiro Gómez,agente,persona,,,,,artista,3,catalogo_personas,
p.963,Ramiro Jácome,agente,persona,,,,,artista,1,catalogo_personas,
p.964,Ralph Eckerstrom,agente,persona,,,,,artista,1,catalogo_personas,
p.965,Ralph Stanbridge,agente,persona,,,,,artista,1,catalogo_personas,
p.966,Rainer Kuchenmeister,agente,persona,,,,,artista,1,catalogo_personas,
p.967,Raimundo Orozco,agente,persona,,,,,artista,1,catalogo_personas,
p.968,Raheel Bruns,agente,persona,,,,,artista,1,catalogo_personas,
p.969,Rafalel Tufiño,agente,persona,,,,,artista,1,catalogo_personas,
p.970,Rafael Bogarin,agente,persona,,,,,artista,1,catalogo_personas,
p.971,Rafael Botero,agente,persona,,,,,artista,1,catalogo_personas,
p.972,Rafael Paneca,agente,persona,,,,,artista,1,catalogo_personas,
p.973,Rafael Penagos,agente,persona,,,,,artista,1,catalogo_personas,
p.974,Rafael Zarza,agente,persona,,,,,artista,1,catalogo_personas,
p.976,Plinio Carvajal,agente,persona,,,,,artista,1,catalogo_personas,
p.977,Pilar Otálora,agente,persona,,,,,artista,1,catalogo_personas,
p.978,Phillipe Leroy,agente,persona,,,,,artista,1,catalogo_personas,
p.979,Phillip Fike,agente,persona,,,,,artista,1,catalogo_personas,
p.980,Philipp Link,agente,persona,,,,,artista,1,catalogo_personas,
p.982,Philip Bragar,agente,persona,,,,,artista,1,catalogo_personas,
p.983,Philip Guston,agente,persona,,,,,artista,1,catalogo_personas,
p.984,Phil Harrison,agente,persona,,,,,artista,1,catalogo_personas,
p.985,Peter Eggen,agente,persona,,,,,artista,1,catalogo_personas,
p.986,Peter Haeberlin,agente,persona,,,,,artista,1,catalogo_personas,
p.987,Peter Knapp,agente,persona,,,,,artista,1,catalogo_personas,
p.988,Peter Lanyon,agente,persona,,,,,artista,1,catalogo_personas,
p.989,Peter Mussfeldt,agente,persona,,,,,artista,1,catalogo_personas,
p.990,Peter Petters,agente,persona,,,,,artista,1,catalogo_personas,
p.991,Peter Schudel,agente,persona,,,,,artista,1,catalogo_personas,
p.992,Peter Winderlich,agente,persona,,,,,artista,1,catalogo_personas,
p.993,Pérez Celis,agente,persona,,,,,artista,1,catalogo_personas,
p.994,Percy Martin,agente,persona,,,,,artista,1,catalogo_personas,
p.995,Pep Carrió,agente,persona,,,,,artista,1,catalogo_personas,
p.997,Pedro Gross,agente,persona,,,,,artista,1,catalogo_personas,
p.998,Pedro Guimoye,agente,persona,,,,,artista,1,catalogo_personas,
p.999,Pedro Miranda,agente,persona,,,,,artista,1,catalogo_personas,
p.1000,Pedro Moreno,agente,persona,,,,,artista,1,catalogo_personas,
p.1001,Pedro Ramos,agente,persona,,,,,artista,1,catalogo_personas,
p.1002,Pedro Zapata,agente,persona,,,,,artista,1,catalogo_personas,
p.1003,Paulina Michaels,agente,persona,,,,,artista,1,catalogo_personas,
p.1004,Paul Levy,agente,persona,,,,,artista,1,catalogo_personas,
p.1005,Paul Rand,agente,persona,,,,,artista,2,catalogo_personas,
p.1006,Paul Senn,agente,persona,,,,,artista,1,catalogo_personas,
p.1007,Paul Wunderlich,agente,persona,,,,,artista,1,catalogo_personas,
p.1008,Patti Dougherty,agente,persona,,,,,artista,1,catalogo_personas,
p.1009,Patrick Messina,agente,persona,,,,,artista,1,catalogo_personas,
p.1010,Patrick Vilaire,agente,persona,,,,,artista,1,catalogo_personas,
p.1011,Patricia Esguerra,agente,persona,,,,,artista,1,catalogo_personas,
p.1012,Patricia Gómez,agente,persona,,,,,artista,3,catalogo_personas,
p.1013,Patricia Israel,agente,persona,,,,,artista,1,catalogo_personas,
p.1014,Patricia Uribe,agente,persona,,,,,artista,1,catalogo_personas,
p.1015,Pat Fleisher,agente,persona,,,,,artista,1,catalogo_personas,
p.1016,Pat Flynn,agente,persona,,,,,artista,1,catalogo_personas,
p.1017,Pascal Dolémieux,agente,persona,,,,,artista,1,catalogo_personas,
p.1018,PAS,agente,persona,,,,,artista,1,catalogo_personas,
p.1019,Parant,agente,persona,,,,,artista,1,catalogo_personas,
p.1020,Palito,agente,persona,,,,,artista,1,catalogo_personas,
p.1021,Pakiko Ordóñez,agente,persona,,,,,artista,1,catalogo_personas,
p.1022,Pablo Adarme,agente,persona,,,,,artista,1,catalogo_personas,
p.1023,Pablo Barriga,agente,persona,,,,,artista,1,catalogo_personas,
p.1024,Pablo Gálvez,agente,persona,,,,,artista,1,catalogo_personas,
p.1025,Pablo Labañino,agente,persona,,,,,artista,1,catalogo_personas,
p.1026,Pablo Rocha,agente,persona,,,,,artista,1,catalogo_personas,
p.1027,P.V.D.I.,agente,persona,,,,,artista,1,catalogo_personas,
p.1028,Otto Neals,agente,persona,,,,,artista,1,catalogo_personas,
p.1029,Otto Piene,agente,persona,,,,,artista,1,catalogo_personas,
p.1030,Otto Rietmann,agente,persona,,,,,artista,1,catalogo_personas,
p.1031,Otilia Hernández,agente,persona,,,,,artista,1,catalogo_personas,
p.1032,Oswaldo López,agente,persona,,,,,artista,2,catalogo_personas,
p.1033,Oswaldo Viteri,agente,persona,,,,,artista,1,catalogo_personas,
p.1034,Oswaldo Vivas,agente,persona,,,,,artista,1,catalogo_personas,
p.1035,Osvaldo García,agente,persona,,,,,artista,1,catalogo_personas,
p.1036,Osvaldo Peña,agente,persona,,,,,artista,1,catalogo_personas,
p.1037,Osmar Fonseca,agente,persona,,,,,artista,1,catalogo_personas,
p.1038,Óscar Acosta,agente,persona,,,,,artista,1,catalogo_personas,
p.1039,Ómar Carreno,agente,persona,,,,,artista,1,catalogo_personas,
p.1040,Ómar Granados,agente,persona,,,,,artista,2,catalogo_personas,
p.1041,Oliver Peyricot,agente,persona,,,,,artista,1,catalogo_personas,
p.1042,Olga Blinder,agente,persona,,,,,artista,1,catalogo_personas,
p.1043,Olga García,agente,persona,,,,,artista,1,catalogo_personas,
p.1044,Olga Silva,agente,persona,,,,,artista,1,catalogo_personas,
p.1045,Ohilipp Giegel,agente,persona,,,,,artista,1,catalogo_personas,
p.1046,Odorico Doglioni,agente,persona,,,,,artista,1,catalogo_personas,
p.1047,Octavio Toral,agente,persona,,,,,artista,1,catalogo_personas,
p.1048,Nuria Carulla,agente,persona,,,,,artista,1,catalogo_personas,
p.1049,Nubia Cadavid,agente,persona,,,,,artista,1,catalogo_personas,
p.1050,Norman McLaren,agente,persona,,,,,artista,1,catalogo_personas,
p.1051,Norman Mejía,agente,persona,,,,,artista,2,catalogo_personas,
p.1052,Norman Suescún,agente,persona,,,,,artista,1,catalogo_personas,
p.1054,Nora Dobarro,agente,persona,,,,,artista,1,catalogo_personas,
p.1055,Noé León,agente,persona,,,,,artista,2,catalogo_personas,
p.1057,Nicolás Svistoonoff,agente,persona,,,,,artista,2,catalogo_personas,
p.1058,Nicolas Bouvier,agente,persona,,,,,artista,1,catalogo_personas,
p.1059,Nicolas Monkewitz,agente,persona,,,,,artista,1,catalogo_personas,
p.1060,Nicolas Sperakis,agente,persona,,,,,artista,1,catalogo_personas,
p.1061,Nicholas Ghika,agente,persona,,,,,artista,1,catalogo_personas,
p.1062,Nicholas Krushenick,agente,persona,,,,,artista,1,catalogo_personas,
p.1063,Newton Cavalcanti,agente,persona,,,,,artista,1,catalogo_personas,
p.1064,Nereo López,agente,persona,,,,,artista,2,catalogo_personas,
p.1065,Nemesio Antúnez,agente,persona,,,,,artista,1,catalogo_personas,
p.1066,Nelson Domínguez,agente,persona,,,,,artista,1,catalogo_personas,
p.1067,Nelson Román,agente,persona,,,,,artista,1,catalogo_personas,
p.1068,Nelson Stevens,agente,persona,,,,,artista,1,catalogo_personas,
p.1069,Nelida Bruniard,agente,persona,,,,,artista,1,catalogo_personas,
p.1070,Nelida López,agente,persona,,,,,artista,1,catalogo_personas,
p.1071,Nefertiti,agente,persona,,,,,artista,1,catalogo_personas,
p.1072,Nedo M.F.,agente,persona,,,,,artista,1,catalogo_personas,
p.1073,Naúl Ojeda,agente,persona,,,,,artista,1,catalogo_personas,
p.1074,Natasha Moreno,agente,persona,,,,,artista,1,catalogo_personas,
p.1075,Natalia Restrepo,agente,persona,,,,,artista,1,catalogo_personas,
p.1076,Natalia Rivera,agente,persona,,,,,artista,2,catalogo_personas,
p.1077,Nadia Benatar,agente,persona,,,,,artista,1,catalogo_personas,
p.1079,Myra Landau,agente,persona,,,,,artista,1,catalogo_personas,
p.1080,Multidiseño-Multidesign,agente,persona,,,,,artista,1,catalogo_personas,
p.1081,Mosset,agente,persona,,,,,artista,1,catalogo_personas,
p.1082,Morton Goldsholl,agente,persona,,,,,artista,1,catalogo_personas,
p.1084,Monique Jacot,agente,persona,,,,,artista,1,catalogo_personas,
p.1085,Monina Gómez,agente,persona,,,,,artista,1,catalogo_personas,
p.1086,Monika Lipken,agente,persona,,,,,artista,1,catalogo_personas,
p.1087,Mónica Nador,agente,persona,,,,,artista,1,catalogo_personas,
p.1088,Mónica Restrepo,agente,persona,,,,,artista,5,catalogo_personas,
p.1089,Mona Mondineu,agente,persona,,,,,artista,1,catalogo_personas,
p.1090,Moisés Barrios,agente,persona,,,,,artista,1,catalogo_personas,
p.1091,Moisés Finalé,agente,persona,,,,,artista,1,catalogo_personas,
p.1092,Mo Lebowitz,agente,persona,,,,,artista,1,catalogo_personas,
p.1093,Miriam Chiaverini,agente,persona,,,,,artista,1,catalogo_personas,
p.1094,Mireya Zawadzki,agente,persona,,,,,artista|presentador,5,catalogo_personas,
p.1095,Mira Schendel,agente,persona,,,,,artista,2,catalogo_personas,
p.1097,Milica Vuckovic,agente,persona,,,,,artista,1,catalogo_personas,
p.1098,Mildred Burton,agente,persona,,,,,artista,1,catalogo_personas,
p.1099,Milan Simic,agente,persona,,,,,artista,1,catalogo_personas,
p.1100,Miky Bartelsman,agente,persona,,,,,artista,1,catalogo_personas,
p.1101,Mike Nevelson,agente,persona,,,,,artista,1,catalogo_personas,
p.1103,Miguel García,agente,persona,,,,,artista,1,catalogo_personas,
p.1104,Miguel Huertas,agente,persona,,,,,artista,1,catalogo_personas,
p.1105,MIguel Melcon,agente,persona,,,,,artista,1,catalogo_personas,
p.1106,Miguel Ocampo,agente,persona,,,,,artista,2,catalogo_personas,
p.1107,Miguel Poling,agente,persona,,,,,artista,1,catalogo_personas,
p.1108,Mietek Detyniecki,agente,persona,,,,,artista,1,catalogo_personas,
p.1109,Michel Séméniako,agente,persona,,,,,artista,1,catalogo_personas,
p.1110,Michael Hicks,agente,persona,,,,,artista,1,catalogo_personas,
p.1111,Michael Kirk,agente,persona,,,,,artista,1,catalogo_personas,
p.1112,Michael Knigin,agente,persona,,,,,artista,1,catalogo_personas,
p.1113,Michael Leclair,agente,persona,,,,,artista,1,catalogo_personas,
p.1114,Michael Mazur,agente,persona,,,,,artista,2,catalogo_personas,
p.1115,Michael Morris,agente,persona,,,,,artista,1,catalogo_personas,
p.1116,Michael Rothenstein,agente,persona,,,,,artista,1,catalogo_personas,
p.1117,Michael Wolgensinger,agente,persona,,,,,artista,1,catalogo_personas,
p.1118,Mi-Hyun Kim,agente,persona,,,,,artista,1,catalogo_personas,
p.1119,MFS,agente,persona,,,,,artista,1,catalogo_personas,
p.1120,Mestre Noza,agente,persona,,,,,artista,1,catalogo_personas,
p.1121,Merlyn Evans,agente,persona,,,,,artista,1,catalogo_personas,
p.1122,Mercedes Estévez,agente,persona,,,,,artista,1,catalogo_personas,
p.1123,Mercedes Mosquera,agente,persona,,,,,artista,2,catalogo_personas,
p.1124,Mercedes Parra,agente,persona,,,,,artista,1,catalogo_personas,
p.1125,Melodie Beylik,agente,persona,,,,,artista,1,catalogo_personas,
p.1126,Mel  Bochner,agente,persona,,,,,artista,1,catalogo_personas,
p.1127,Máximo Flórez,agente,persona,,,,,artista,1,catalogo_personas,
p.1128,Max Aruquipa,agente,persona,,,,,artista,1,catalogo_personas,
p.1129,Max Beckmann,agente,persona,,,,,artista,1,catalogo_personas,
p.1130,Max Ernest,agente,persona,,,,,artista,1,catalogo_personas,
p.1131,Max Wyss,agente,persona,,,,,artista,1,catalogo_personas,
p.1132,Maurio Gómez,agente,persona,,,,,artista,1,catalogo_personas,
p.1133,Mauricio Aguilar,agente,persona,,,,,artista,1,catalogo_personas,
p.1134,Mauricio Cruz,agente,persona,,,,,artista,1,catalogo_personas,
p.1135,Mauricio Cuéllar,agente,persona,,,,,artista,1,catalogo_personas,
p.1136,Mauricio Quintero,agente,persona,,,,,artista,1,catalogo_personas,
p.1137,Matilde Marín,agente,persona,,,,,artista,1,catalogo_personas,
p.1139,Matako Kayama,agente,persona,,,,,artista,1,catalogo_personas,
p.1140,Massau Nakakubo,agente,persona,,,,,artista,1,catalogo_personas,
p.1141,Mary Scholten,agente,persona,,,,,artista,1,catalogo_personas,
p.1142,Maruja Rolando,agente,persona,,,,,artista,2,catalogo_personas,
p.1143,Martínez Howard,agente,persona,,,,,artista,1,catalogo_personas,
p.1144,Martine Voyeux,agente,persona,,,,,artista,1,catalogo_personas,
p.1145,Martín Chambi,agente,persona,,,,,artista,1,catalogo_personas,
p.1146,Martin Disler,agente,persona,,,,,artista,1,catalogo_personas,
p.1147,Martin Levine,agente,persona,,,,,artista,2,catalogo_personas,
p.1149,Marti Guixé,agente,persona,,,,,artista,1,catalogo_personas,
p.1150,Martha Bertiz,agente,persona,,,,,artista,1,catalogo_personas,
p.1151,Martha Glowacki,agente,persona,,,,,artista,1,catalogo_personas,
p.1152,Martha Pires,agente,persona,,,,,artista,1,catalogo_personas,
p.1153,Martha Posso,agente,persona,,,,,artista,3,catalogo_personas,
p.1154,Martha Torres,agente,persona,,,,,artista,1,catalogo_personas,
p.1155,Martha Trubint,agente,persona,,,,,artista,1,catalogo_personas,
p.1156,Marta Calderón,agente,persona,,,,,artista,1,catalogo_personas,
p.1157,Marta Granados,agente,persona,,,,,artista,5,catalogo_personas,
p.1158,Marta Lacorazza,agente,persona,,,,,artista,1,catalogo_personas,
p.1159,Marta Minujín,agente,persona,,,,,artista,10,catalogo_personas,
p.1160,Marta Miranda,agente,persona,,,,,artista,1,catalogo_personas,
p.1161,Marta Palau,agente,persona,,,,,artista,1,catalogo_personas,
p.1163,Marta Rodríguez,agente,persona,,,,,artista,1,catalogo_personas,
p.1164,Marta Villegas,agente,persona,,,,,artista,1,catalogo_personas,
p.1166,Marlene Hoffmann,agente,persona,,,,,artista,2,catalogo_personas,
p.1167,Marlene Hori,agente,persona,,,,,artista,1,catalogo_personas,
p.1168,Markus Dulk,agente,persona,,,,,artista,1,catalogo_personas,
p.1169,Markus Raetz,agente,persona,,,,,artista,1,catalogo_personas,
p.1170,Marjorie Schick,agente,persona,,,,,artista,1,catalogo_personas,
p.1171,Marjolaine Dutoit,agente,persona,,,,,artista,1,catalogo_personas,
p.1172,Marite Zelt,agente,persona,,,,,artista,1,catalogo_personas,
p.1173,Marisol Escobar,agente,persona,,,,,artista,3,catalogo_personas,
p.1174,Mario Abreu,agente,persona,,,,,artista,2,catalogo_personas,
p.1175,Mario Gallardo,agente,persona,,,,,artista,2,catalogo_personas,
p.1177,Mario Opazo,agente,persona,,,,,artista,2,catalogo_personas,
p.1178,Mario Rojas,agente,persona,,,,,artista,1,catalogo_personas,
p.1179,Mario Roldán,agente,persona,,,,,artista,5,catalogo_personas,
p.1180,Mario Sagradini,agente,persona,,,,,artista,1,catalogo_personas,
p.1181,Mariluz Álvarez,agente,persona,,,,,artista,1,catalogo_personas,
p.1182,Marília Rodrigues,agente,persona,,,,,artista,2,catalogo_personas,
p.1183,Marien Marsicovetere,agente,persona,,,,,artista,1,catalogo_personas,
p.1184,Marielle Muheim,agente,persona,,,,,artista,1,catalogo_personas,
p.1185,Marie-Paule Négre,agente,persona,,,,,artista,1,catalogo_personas,
p.1186,María Bonomi,agente,persona,,,,,apoyo|artista,2,catalogo_personas,
p.1187,María Finocchetti,agente,persona,,,,,artista,1,catalogo_personas,
p.1188,María Menujin,agente,persona,,,,,artista,1,catalogo_personas,
p.1189,María Rodríguez,agente,persona,,,,,artista,1,catalogo_personas,
p.1190,María Shelley,agente,persona,,,,,artista,1,catalogo_personas,
p.1191,Margot Fanjul,agente,persona,,,,,artista,1,catalogo_personas,
p.1192,Margarita Becerra,agente,persona,,,,,artista,2,catalogo_personas,
p.1193,Margarita Gutiérrez,agente,persona,,,,,artista,1,catalogo_personas,
p.1194,Margarita Lozano,agente,persona,,,,,artista,3,catalogo_personas,
p.1195,Margarita Paksa,agente,persona,,,,,artista,1,catalogo_personas,
p.1196,Margarita Tamayo,agente,persona,,,,,artista,1,catalogo_personas,
p.1197,Marcos Irrizarry,agente,persona,,,,,artista,1,catalogo_personas,
p.1198,Marco Alvarado,agente,persona,,,,,artista,1,catalogo_personas,
p.1199,Marco Bruzzone,agente,persona,,,,,artista,1,catalogo_personas,
p.1200,Márcio Mattar,agente,persona,,,,,artista,1,catalogo_personas,
p.1201,Marcial Benavides,agente,persona,,,,,artista,1,catalogo_personas,
p.1202,Marcia Schvartz,agente,persona,,,,,artista,1,catalogo_personas,
p.1203,Marchel Broodthaers,agente,persona,,,,,artista,1,catalogo_personas,
p.1204,Marcelo Grassmman,agente,persona,,,,,artista,1,catalogo_personas,
p.1205,Marcel Floris,agente,persona,,,,,artista,1,catalogo_personas,
p.1206,Marc Chagall,agente,persona,,,,,artista,1,catalogo_personas,
p.1207,Marc Melki,agente,persona,,,,,artista,1,catalogo_personas,
p.1208,Marc Newson,agente,persona,,,,,artista,1,catalogo_personas,
p.1209,Manuel Baumann,agente,persona,,,,,artista,1,catalogo_personas,
p.1210,Manuel Boix,agente,persona,,,,,artista,1,catalogo_personas,
p.1211,Manuel Casellanos,agente,persona,,,,,artista,1,catalogo_personas,
p.1212,Manuel Lago,agente,persona,,,,,artista,2,catalogo_personas,
p.1213,Manuel Marín,agente,persona,,,,,artista,1,catalogo_personas,
p.1214,Manuel Mendive,agente,persona,,,,,artista,1,catalogo_personas,
p.1215,Manuel Mérida,agente,persona,,,,,artista,1,catalogo_personas,
p.1216,Manuel Mompo,agente,persona,,,,,artista,1,catalogo_personas,
p.1217,Manuel Mora,agente,persona,,,,,artista,1,catalogo_personas,
p.1218,Manuel Valdés,agente,persona,,,,,artista,1,catalogo_personas,
p.1219,Manfred Bingler,agente,persona,,,,,artista,1,catalogo_personas,
p.1220,Manasés Rodríguez,agente,persona,,,,,artista,1,catalogo_personas,
p.1221,Magdalena Beccarini,agente,persona,,,,,artista,1,catalogo_personas,
p.1222,Magdalena Bravo,agente,persona,,,,,artista,1,catalogo_personas,
p.1223,Lynda Kahn,agente,persona,,,,,artista,1,catalogo_personas,
p.1224,Luz Chessex,agente,persona,,,,,artista,1,catalogo_personas,
p.1225,Luitgardo Broce,agente,persona,,,,,artista,1,catalogo_personas,
p.1226,Luisa Ungar,agente,persona,,,,,artista,2,catalogo_personas,
p.1227,Luis Almeida,agente,persona,,,,,artista,1,catalogo_personas,
p.1228,Luis Aragón,agente,persona,,,,,artista,1,catalogo_personas,
p.1229,Luis Benedit,agente,persona,,,,,artista,1,catalogo_personas,
p.1230,Luis Cabrera,agente,persona,,,,,artista,1,catalogo_personas,
p.1231,Luis Cossio,agente,persona,,,,,artista,1,catalogo_personas,
p.1232,Luis Fonseca,agente,persona,,,,,artista,1,catalogo_personas,
p.1233,Luis Gordillo,agente,persona,,,,,artista,1,catalogo_personas,
p.1234,Luis Guevara,agente,persona,,,,,artista,1,catalogo_personas,
p.1235,Luis Hernández,agente,persona,,,,,artista,1,catalogo_personas,
p.1236,Luis Jaso,agente,persona,,,,,artista,1,catalogo_personas,
p.1237,Luis Monje,agente,persona,,,,,artista,1,catalogo_personas,
p.1238,Luis Ospina,agente,persona,,,,,artista,4,catalogo_personas,
p.1239,Luis Rincón,agente,persona,,,,,artista,1,catalogo_personas,
p.1240,Luis Wells,agente,persona,,,,,artista,1,catalogo_personas,
p.1241,Luigi Sandri,agente,persona,,,,,artista,1,catalogo_personas,
p.1242,Ludwig Hohlwein,agente,persona,,,,,artista,1,catalogo_personas,
p.1243,Ludwing Wilding,agente,persona,,,,,artista,1,catalogo_personas,
p.1244,Lucio Muñoz,agente,persona,,,,,artista,1,catalogo_personas,
p.1245,Luciano Castelli,agente,persona,,,,,artista,1,catalogo_personas,
p.1246,Lucía Hincapié,agente,persona,,,,,artista,1,catalogo_personas,
p.1247,Lucía Waiser,agente,persona,,,,,artista,1,catalogo_personas,
p.1248,Lucas Samaras,agente,persona,,,,,artista,1,catalogo_personas,
p.1249,Luca Bonetti,agente,persona,,,,,artista,1,catalogo_personas,
p.1250,Luc Béland,agente,persona,,,,,artista,1,catalogo_personas,
p.1251,Luc Peire,agente,persona,,,,,artista,1,catalogo_personas,
p.1252,Lowell Nesbitt,agente,persona,,,,,artista,1,catalogo_personas,
p.1253,Lourdes Morales,agente,persona,,,,,artista,1,catalogo_personas,
p.1254,Louisa Chase,agente,persona,,,,,artista,1,catalogo_personas,
p.1255,Louis Danziger,agente,persona,,,,,artista,1,catalogo_personas,
p.1256,Louis Nevelson,agente,persona,,,,,artista,1,catalogo_personas,
p.1257,Louis Richter,agente,persona,,,,,artista,1,catalogo_personas,
p.1258,Lou Dorfsman,agente,persona,,,,,artista,1,catalogo_personas,
p.1259,Lou Stovall,agente,persona,,,,,artista,1,catalogo_personas,
p.1260,Lotty Rosenfeld,agente,persona,,,,,artista,2,catalogo_personas,
p.1261,Lothar Quinte,agente,persona,,,,,artista,1,catalogo_personas,
p.1262,Lorenzo Castro,agente,persona,,,,,artista,1,catalogo_personas,
p.1263,Lojze Logar,agente,persona,,,,,artista,1,catalogo_personas,
p.1264,Loise Nevelsol,agente,persona,,,,,artista,1,catalogo_personas,
p.1265,Lloyd McNeill,agente,persona,,,,,artista,1,catalogo_personas,
p.1266,Livio Abramo,agente,persona,,,,,artista,1,catalogo_personas,
p.1267,Lis Kocher,agente,persona,,,,,artista,1,catalogo_personas,
p.1268,Linda McNeil,agente,persona,,,,,artista,1,catalogo_personas,
p.1269,Lina Espinoza,agente,persona,,,,,artista,1,catalogo_personas,
p.1270,Lin Jinghua,agente,persona,,,,,artista,1,catalogo_personas,
p.1271,Lily Salvo,agente,persona,,,,,artista,1,catalogo_personas,
p.1273,Liliane Dardot,agente,persona,,,,,artista,1,catalogo_personas,
p.1274,Liliana González,agente,persona,,,,,artista,1,catalogo_personas,
p.1275,Liliana Reyes,agente,persona,,,,,artista,1,catalogo_personas,
p.1276,Liliana Villegas,agente,persona,,,,,artista,1,catalogo_personas,
p.1277,Lilia Carrillo,agente,persona,,,,,artista,1,catalogo_personas,
p.1278,Lidya Azout,agente,persona,,,,,artista,1,catalogo_personas,
p.1279,Libia Posada,agente,persona,,,,,artista,1,catalogo_personas,
p.1281,Lia Kaufman,agente,persona,,,,,artista,1,catalogo_personas,
p.1282,Levier,agente,persona,,,,,artista,1,catalogo_personas,
p.1283,Leslie Correl,agente,persona,,,,,artista,1,catalogo_personas,
p.1284,Les Levine,agente,persona,,,,,artista,1,catalogo_personas,
p.1285,Leopoldo Méndez,agente,persona,,,,,artista,1,catalogo_personas,
p.1286,Leopoldo Richter,agente,persona,,,,,artista,2,catalogo_personas,
p.1287,Leonel Galeano,agente,persona,,,,,artista,1,catalogo_personas,
p.1288,Leoncio Villanueva,agente,persona,,,,,artista,1,catalogo_personas,
p.1289,Leonardo Bezzola,agente,persona,,,,,artista,1,catalogo_personas,
p.1290,Leonard Lehrer,agente,persona,,,,,artista,1,catalogo_personas,
p.1291,León Múnera,agente,persona,,,,,artista,1,catalogo_personas,
p.1292,León Tenenbaum,agente,persona,,,,,artista,1,catalogo_personas,
p.1293,Leo Leonni,agente,persona,,,,,artista,1,catalogo_personas,
p.1294,Leo Matiz,agente,persona,,,,,artista,1,catalogo_personas,
p.1295,Leo NathanielHicks,agente,persona,,,,,artista,1,catalogo_personas,
p.1296,Leitón Rodríguez,agente,persona,,,,,artista,1,catalogo_personas,
p.1297,Leibe Liscano,agente,persona,,,,,artista,1,catalogo_personas,
p.1298,Lee Mullican,agente,persona,,,,,artista,1,catalogo_personas,
p.1299,Leda Watson,agente,persona,,,,,artista,1,catalogo_personas,
p.1300,Leandro Velasco,agente,persona,,,,,artista,5,catalogo_personas,
p.1301,Le Gac,agente,persona,,,,,artista,1,catalogo_personas,
p.1302,lazid Thame,agente,persona,,,,,artista,1,catalogo_personas,
p.1303,Laurie Hall,agente,persona,,,,,artista,1,catalogo_personas,
p.1304,Laszio Meitner,agente,persona,,,,,artista,1,catalogo_personas,
p.1305,Lasar Segall,agente,persona,,,,,artista,1,catalogo_personas,
p.1306,Larry Brown,agente,persona,,,,,artista,1,catalogo_personas,
p.1307,Lance Wyman,agente,persona,,,,,artista,1,catalogo_personas,
p.1308,Lalo Borja,agente,persona,,,,,artista,3,catalogo_personas,
p.1309,Kurt Blum,agente,persona,,,,,artista,1,catalogo_personas,
p.1310,Kurt Wyss,agente,persona,,,,,artista,1,catalogo_personas,
p.1311,Kunito Nagaoka,agente,persona,,,,,artista,1,catalogo_personas,
p.1313,Konrad Klapheck,agente,persona,,,,,artista,1,catalogo_personas,
p.1314,Klavdij Tutta,agente,persona,,,,,artista,1,catalogo_personas,
p.1316,Kenso Okada,agente,persona,,,,,artista,1,catalogo_personas,
p.1317,Kenneth Armitage,agente,persona,,,,,artista,1,catalogo_personas,
p.1318,Kenneth Caplan,agente,persona,,,,,artista,1,catalogo_personas,
p.1319,Kenneth Hale,agente,persona,,,,,artista,1,catalogo_personas,
p.1320,Kenneth Lochhead,agente,persona,,,,,artista,1,catalogo_personas,
p.1321,Kenjilao Nanao,agente,persona,,,,,artista,1,catalogo_personas,
p.1322,Ken Damby,agente,persona,,,,,artista,1,catalogo_personas,
p.1323,Kay Yee,agente,persona,,,,,artista,1,catalogo_personas,
p.1324,Kathryn Klingensmith,agente,persona,,,,,artista,1,catalogo_personas,
p.1325,Katherine Wesphal,agente,persona,,,,,artista,1,catalogo_personas,
p.1326,Karl Schrag,agente,persona,,,,,artista,1,catalogo_personas,
p.1327,Karen Cock,agente,persona,,,,,artista,1,catalogo_personas,
p.1328,Karen Zorich,agente,persona,,,,,artista,1,catalogo_personas,
p.1329,Juvenal Ravelo,agente,persona,,,,,artista,1,catalogo_personas,
p.1330,Juri Josa,agente,persona,,,,,artista,1,catalogo_personas,
p.1331,Jurg Klages,agente,persona,,,,,artista,1,catalogo_personas,
p.1332,June Jasen,agente,persona,,,,,artista,1,catalogo_personas,
p.1333,June Wayne,agente,persona,,,,,artista,1,catalogo_personas,
p.1334,Julio Abril,agente,persona,,,,,artista|presentador,5,catalogo_personas,
p.1335,Julio Camino,agente,persona,,,,,artista,2,catalogo_personas,
p.1336,Julio Castillo,agente,persona,,,,,artista,1,catalogo_personas,
p.1337,Julio Galán,agente,persona,,,,,artista,1,catalogo_personas,
p.1338,Julio Larraz,agente,persona,,,,,artista,1,catalogo_personas,
p.1339,Julie Shaw,agente,persona,,,,,artista,1,catalogo_personas,
p.1340,Juliana Anzellini,agente,persona,,,,,artista,1,catalogo_personas,
p.1341,Julián Castellanos,agente,persona,,,,,artista,1,catalogo_personas,
p.1342,Julián Usandizaga,agente,persona,,,,,artista,1,catalogo_personas,
p.1343,Julia Navarrete,agente,persona,,,,,artista,1,catalogo_personas,
p.1344,Jules Bonnet,agente,persona,,,,,artista,1,catalogo_personas,
p.1345,Jug Andermatt,agente,persona,,,,,artista,1,catalogo_personas,
p.1347,Judith Ubick,agente,persona,,,,,artista,1,catalogo_personas,
p.1348,Juanita Pérez,agente,persona,,,,,artista,1,catalogo_personas,
p.1349,Juanit Cribb,agente,persona,,,,,artista,1,catalogo_personas,
p.1350,Juana Méndez,agente,persona,,,,,artista,1,catalogo_personas,
p.1351,Juana Salcedo,agente,persona,,,,,artista,1,catalogo_personas,
p.1352,Juan Barjola,agente,persona,,,,,artista,1,catalogo_personas,
p.1353,Juan Bordalejo,agente,persona,,,,,artista,1,catalogo_personas,
p.1354,Juan Downey,agente,persona,,,,,artista,3,catalogo_personas,
p.1355,Juan Esnard,agente,persona,,,,,artista,1,catalogo_personas,
p.1356,JUan Genovés,agente,persona,,,,,artista,1,catalogo_personas,
p.1357,Juan Gómez,agente,persona,,,,,artista,2,catalogo_personas,
p.1358,Juan Gris,agente,persona,,,,,artista,1,catalogo_personas,
p.1359,Juan Lecuona,agente,persona,,,,,artista,1,catalogo_personas,
p.1360,Juan Melo,agente,persona,,,,,artista,2,catalogo_personas,
p.1361,Juan Moreira,agente,persona,,,,,artista,1,catalogo_personas,
p.1362,Juan Santana,agente,persona,,,,,artista,1,catalogo_personas,
p.1363,Joze Spacal,agente,persona,,,,,artista,1,catalogo_personas,
p.1364,Joyce Lamassone,agente,persona,,,,,artista,1,catalogo_personas,
p.1365,Joyce Scott,agente,persona,,,,,artista,1,catalogo_personas,
p.1366,Joyce Treiman,agente,persona,,,,,artista,1,catalogo_personas,
p.1367,Joyce Wieland,agente,persona,,,,,artista,1,catalogo_personas,
p.1368,Joseph Almyda,agente,persona,,,,,artista,1,catalogo_personas,
p.1369,Joseph Cornell,agente,persona,,,,,artista,1,catalogo_personas,
p.1370,Joseph Hirsch,agente,persona,,,,,artista,1,catalogo_personas,
p.1371,Joseph Kashetsky,agente,persona,,,,,artista,1,catalogo_personas,
p.1372,Joseph Low,agente,persona,,,,,artista,1,catalogo_personas,
p.1373,Josep Monjalés,agente,persona,,,,,artista,1,catalogo_personas,
p.1374,Josef-Ludwing Taeschler,agente,persona,,,,,artista,1,catalogo_personas,
p.1375,Josef Bischolberger,agente,persona,,,,,artista,1,catalogo_personas,
p.1376,Josef Dahinden,agente,persona,,,,,artista,1,catalogo_personas,
p.1377,José Acevedo,agente,persona,,,,,artista,1,catalogo_personas,
p.1378,José Alicea,agente,persona,,,,,artista,2,catalogo_personas,
p.1379,José Bedia,agente,persona,,,,,artista,1,catalogo_personas,
p.1380,José Bracamonte,agente,persona,,,,,artista,2,catalogo_personas,
p.1381,José Braz,agente,persona,,,,,artista,1,catalogo_personas,
p.1382,José Caballero,agente,persona,,,,,artista,1,catalogo_personas,
p.1383,José Ceballos,agente,persona,,,,,artista,1,catalogo_personas,
p.1384,José Claroz,agente,persona,,,,,artista,3,catalogo_personas,
p.1385,José Gómez,agente,persona,,,,,artista,1,catalogo_personas,
p.1386,José Granco,agente,persona,,,,,artista,1,catalogo_personas,
p.1387,José Guinovart,agente,persona,,,,,artista,1,catalogo_personas,
p.1388,José Hernández,agente,persona,,,,,artista,2,catalogo_personas,
p.1389,José Kattan,agente,persona,,,,,artista,1,catalogo_personas,
p.1390,José Lamiel,agente,persona,,,,,artista,1,catalogo_personas,
p.1391,José Rosa,agente,persona,,,,,artista,1,catalogo_personas,
p.1392,José Tola,agente,persona,,,,,artista,1,catalogo_personas,
p.1393,Jorge Álvaro,agente,persona,,,,,artista,1,catalogo_personas,
p.1394,Jorge Arriaga,agente,persona,,,,,artista,1,catalogo_personas,
p.1395,Jorge Bachmann,agente,persona,,,,,artista,1,catalogo_personas,
p.1396,Jorge Canale,agente,persona,,,,,artista,1,catalogo_personas,
p.1397,Jorge Demirjian,agente,persona,,,,,artista,2,catalogo_personas,
p.1398,Jorge Drosten,agente,persona,,,,,artista,1,catalogo_personas,
p.1399,Jorge Fornes,agente,persona,,,,,artista,1,catalogo_personas,
p.1400,Jorge Madriñán,agente,persona,,,,,artista,3,catalogo_personas,
p.1401,Jorge Montealegre,agente,persona,,,,,artista,2,catalogo_personas,
p.1402,Jorge Morán,agente,persona,,,,,artista,1,catalogo_personas,
p.1403,Jorge Ortiz,agente,persona,,,,,artista,2,catalogo_personas,
p.1404,Jorge Páez,agente,persona,,,,,artista,1,catalogo_personas,
p.1405,Jorge Peña,agente,persona,,,,,artista,1,catalogo_personas,
p.1406,Jorge Posada,agente,persona,,,,,artista,1,catalogo_personas,
p.1407,Jorge Reyes,agente,persona,,,,,artista,5,catalogo_personas,
p.1408,Jorge Robelo,agente,persona,,,,,artista,1,catalogo_personas,
p.1409,Jorge Rocha,agente,persona,,,,,artista,2,catalogo_personas,
p.1410,Jorge Stever,agente,persona,,,,,artista,1,catalogo_personas,
p.1411,Jorge Torres,agente,persona,,,,,artista,1,catalogo_personas,
p.1412,Jorge Valencia,agente,persona,,,,,artista,2,catalogo_personas,
p.1413,Jorge Yazpik,agente,persona,,,,,artista,1,catalogo_personas,
p.1414,Jorg Sasse,agente,persona,,,,,artista,1,catalogo_personas,
p.1415,Jonier Muñoz,agente,persona,,,,,artista,1,catalogo_personas,
p.1416,Jon Carsman,agente,persona,,,,,artista,1,catalogo_personas,
p.1417,John Esler,agente,persona,,,,,artista,1,catalogo_personas,
p.1418,John Loring,agente,persona,,,,,artista,1,catalogo_personas,
p.1419,John Manning,agente,persona,,,,,artista,1,catalogo_personas,
p.1421,John Ross,agente,persona,,,,,artista,1,catalogo_personas,
p.1422,John Scott,agente,persona,,,,,artista,1,catalogo_personas,
p.1423,Johannes Bruell,agente,persona,,,,,artista,1,catalogo_personas,
p.1424,Johannes Itten,agente,persona,,,,,artista,1,catalogo_personas,
p.1425,Johannes Meiner,agente,persona,,,,,artista,1,catalogo_personas,
p.1426,Johann-Baptiste Taeschler,agente,persona,,,,,artista,1,catalogo_personas,
p.1427,Joe Delgado,agente,persona,,,,,artista,1,catalogo_personas,
p.1428,Joaquín Torres-García,agente,persona,,,,,artista,1,catalogo_personas,
p.1430,Joan Miró,agente,persona,,,,,artista,2,catalogo_personas,
p.1431,Jo Manning,agente,persona,,,,,artista,1,catalogo_personas,
p.1432,Jimena Rueda,agente,persona,,,,,artista,1,catalogo_personas,
p.1433,Jim Fannkugen,agente,persona,,,,,artista,1,catalogo_personas,
p.1434,Jim Nawara,agente,persona,,,,,artista,1,catalogo_personas,
p.1435,Jesús Soto,agente,persona,,,,,artista,2,catalogo_personas,
p.1437,Jerome Brézillon,agente,persona,,,,,artista,1,catalogo_personas,
p.1438,Jeffrey Krolik,agente,persona,,,,,artista,1,catalogo_personas,
p.1439,Jeff Donaldson,agente,persona,,,,,artista,1,catalogo_personas,
p.1440,Jeannse Keefer,agente,persona,,,,,artista,1,catalogo_personas,
p.1441,Jeanette Ahlgren,agente,persona,,,,,artista,1,catalogo_personas,
p.1442,Jean-Pierre Maurer,agente,persona,,,,,artista,1,catalogo_personas,
p.1443,Jean-Christoph Ballot,agente,persona,,,,,artista,1,catalogo_personas,
p.1444,Jean Arp,agente,persona,,,,,artista,1,catalogo_personas,
p.1445,Jean Carlu,agente,persona,,,,,artista,1,catalogo_personas,
p.1446,Jean Helion,agente,persona,,,,,artista,1,catalogo_personas,
p.1447,Jean Mohr,agente,persona,,,,,artista,1,catalogo_personas,
p.1448,Jean Noel,agente,persona,,,,,artista,1,catalogo_personas,
p.1449,Javier Barrios,agente,persona,,,,,artista,1,catalogo_personas,
p.1450,Javier Suárez,agente,persona,,,,,artista,1,catalogo_personas,
p.1451,Javacheff Christo,agente,persona,,,,,artista,1,catalogo_personas,
p.1452,Jasper Johns,agente,persona,,,,,artista,3,catalogo_personas,
p.1453,Jasper Morrison,agente,persona,,,,,artista,1,catalogo_personas,
p.1454,Janez Boljka,agente,persona,,,,,artista,1,catalogo_personas,
p.1455,Janeth Blanco,agente,persona,,,,,artista,1,catalogo_personas,
p.1456,Jan Palmer,agente,persona,,,,,artista,1,catalogo_personas,
p.1457,Jan Stüssy,agente,persona,,,,,artista,1,catalogo_personas,
p.1458,Jan Toorop,agente,persona,,,,,artista,1,catalogo_personas,
p.1459,Jan Tschichold,agente,persona,,,,,artista,1,catalogo_personas,
p.1460,Jan Voss,agente,persona,,,,,artista,1,catalogo_personas,
p.1461,James Bennett,agente,persona,,,,,artista,1,catalogo_personas,
p.1462,James Davis,agente,persona,,,,,artista,1,catalogo_personas,
p.1463,James Gill,agente,persona,,,,,artista,1,catalogo_personas,
p.1464,James Havard,agente,persona,,,,,artista,1,catalogo_personas,
p.1465,James McGarrell,agente,persona,,,,,artista,1,catalogo_personas,
p.1466,James Miho,agente,persona,,,,,artista,2,catalogo_personas,
p.1467,James Rosenquist,agente,persona,,,,,artista,1,catalogo_personas,
p.1468,James Strombotne,agente,persona,,,,,artista,1,catalogo_personas,
p.1469,James Wells,agente,persona,,,,,artista,1,catalogo_personas,
p.1470,Jakov Djuricic,agente,persona,,,,,artista,1,catalogo_personas,
p.1471,Jakob Gwinner,agente,persona,,,,,artista,1,catalogo_personas,
p.1472,Jakob Hoflinger,agente,persona,,,,,artista,1,catalogo_personas,
p.1473,Jakob Tuggener,agente,persona,,,,,artista,1,catalogo_personas,
p.1474,Jairo Guerrero,agente,persona,,,,,artista,1,catalogo_personas,
p.1475,Jairo Mejía,agente,persona,,,,,artista,1,catalogo_personas,
p.1476,Jairo Upegui,agente,persona,,,,,artista,1,catalogo_personas,
p.1477,Jair Glass,agente,persona,,,,,artista,1,catalogo_personas,
p.1478,Jaime Arango,agente,persona,,,,,artista,1,catalogo_personas,
p.1479,Jaime Ardila,agente,persona,,,,,artista,1,catalogo_personas,
p.1480,Jaime Cárdenas,agente,persona,,,,,artista,1,catalogo_personas,
p.1481,Jaime Mendoza,agente,persona,,,,,artista,5,catalogo_personas,
p.1483,Jaime Romano,agente,persona,,,,,artista,2,catalogo_personas,
p.1484,Jaime Sáenz,agente,persona,,,,,artista,1,catalogo_personas,
p.1485,Jadir Freire,agente,persona,,,,,artista,1,catalogo_personas,
p.1486,Jacques Nathan,agente,persona,,,,,artista,1,catalogo_personas,
p.1487,Jacqueline Leirner,agente,persona,,,,,artista,1,catalogo_personas,
p.1488,Jacob Landau,agente,persona,,,,,artista,2,catalogo_personas,
p.1489,Jacob Lawrence,agente,persona,,,,,artista,1,catalogo_personas,
p.1490,Jack Metzger,agente,persona,,,,,artista,1,catalogo_personas,
p.1491,Jack Youngerman,agente,persona,,,,,artista,1,catalogo_personas,
p.1492,J. Borges,agente,persona,,,,,artista,1,catalogo_personas,
p.1493,Iwan Schumacher,agente,persona,,,,,artista,1,catalogo_personas,
p.1494,Ivy Ross,agente,persona,,,,,artista,1,catalogo_personas,
p.1495,Ivone Couto,agente,persona,,,,,artista,1,catalogo_personas,
p.1496,Ivanka Drufovka,agente,persona,,,,,artista,1,catalogo_personas,
p.1497,Iván González,agente,persona,,,,,artista,1,catalogo_personas,
p.1498,Ivan Chermayeff,agente,persona,,,,,artista,3,catalogo_personas,
p.1499,Ivan Eyre,agente,persona,,,,,artista,1,catalogo_personas,
p.1500,Ivan Freitas,agente,persona,,,,,artista,1,catalogo_personas,
p.1501,Italo Scanga,agente,persona,,,,,artista,1,catalogo_personas,
p.1502,Ismael Añez,agente,persona,,,,,artista,1,catalogo_personas,
p.1503,Ismael Frigerio,agente,persona,,,,,artista,1,catalogo_personas,
p.1504,Isidro Ferrer,agente,persona,,,,,artista,1,catalogo_personas,
p.1505,Isabel Arroyo,agente,persona,,,,,artista,1,catalogo_personas,
p.1506,Isabel Easton,agente,persona,,,,,artista,1,catalogo_personas,
p.1507,Isabel Gimeno,agente,persona,,,,,artista,2,catalogo_personas,
p.1508,Isabel Pons,agente,persona,,,,,artista,1,catalogo_personas,
p.1509,Irene Redd,agente,persona,,,,,artista,1,catalogo_personas,
p.1510,Ilse Gordon,agente,persona,,,,,artista,1,catalogo_personas,
p.1511,Ikeda Masuo,agente,persona,,,,,artista,1,catalogo_personas,
p.1512,Hysni Krasnici,agente,persona,,,,,artista,1,catalogo_personas,
p.1513,Humberto Aquino,agente,persona,,,,,artista,2,catalogo_personas,
p.1514,Hugo Baptista,agente,persona,,,,,artista,1,catalogo_personas,
p.1515,Hugo Florián,agente,persona,,,,,artista,1,catalogo_personas,
p.1516,Hugo Herdeg,agente,persona,,,,,artista,1,catalogo_personas,
p.1517,Hugo Rivera,agente,persona,,,,,artista,1,catalogo_personas,
p.1518,Hugo Rojas,agente,persona,,,,,artista,1,catalogo_personas,
p.1519,Hsiao Chin,agente,persona,,,,,artista,1,catalogo_personas,
p.1520,Horst Antes,agente,persona,,,,,artista,1,catalogo_personas,
p.1521,Horst Janssen,agente,persona,,,,,artista,2,catalogo_personas,
p.1522,Honore Sharrer,agente,persona,,,,,artista,1,catalogo_personas,
p.1523,Hilla Becher,agente,persona,,,,,artista,1,catalogo_personas,
p.1524,Hery Wolf,agente,persona,,,,,artista,1,catalogo_personas,
p.1525,Hernando Cárdenas Valencia,agente,persona,,,,,artista,2,catalogo_personas,
p.1526,Hernando Guerrero,agente,persona,,,,,artista,1,catalogo_personas,
p.1527,Hernando Hoyos,agente,persona,,,,,artista,2,catalogo_personas,
p.1528,Hernando Lemaitre,agente,persona,,,,,artista,2,catalogo_personas,
p.1529,Hernando Salazar,agente,persona,,,,,artista,1,catalogo_personas,
p.1530,Hernando Vallderruten,agente,persona,,,,,artista,1,catalogo_personas,
p.1531,Hernán Dompé,agente,persona,,,,,artista,1,catalogo_personas,
p.1532,Hernán Lozano,agente,persona,,,,,artista,1,catalogo_personas,
p.1533,Hernán Muñoz,agente,persona,,,,,artista,3,catalogo_personas,
p.1534,Hernán Pazos,agente,persona,,,,,artista,2,catalogo_personas,
p.1535,Hernán Uribe,agente,persona,,,,,artista,1,catalogo_personas,
p.1536,Hermenegildo Sabat,agente,persona,,,,,artista,1,catalogo_personas,
p.1537,Hermann Stauder,agente,persona,,,,,artista,1,catalogo_personas,
p.1538,Herbert Matter,agente,persona,,,,,artista,2,catalogo_personas,
p.1539,Herbert Oehm,agente,persona,,,,,artista,1,catalogo_personas,
p.1540,Henry Bermúdez,agente,persona,,,,,artista,1,catalogo_personas,
p.1541,Henry Cliffe,agente,persona,,,,,artista,1,catalogo_personas,
p.1542,Henry Dunsmore,agente,persona,,,,,artista,1,catalogo_personas,
p.1543,Henry Lobo,agente,persona,,,,,artista,1,catalogo_personas,
p.1544,Henry Moore,agente,persona,,,,,artista,2,catalogo_personas,
p.1545,Henriette Grindat,agente,persona,,,,,artista,1,catalogo_personas,
p.1546,Henri Laurens,agente,persona,,,,,artista,1,catalogo_personas,
p.1547,Henri Matisse,agente,persona,,,,,artista,2,catalogo_personas,
p.1549,Helen Banes,agente,persona,,,,,artista,1,catalogo_personas,
p.1550,Helen Frankenthaler,agente,persona,,,,,artista,1,catalogo_personas,
p.1551,Helen Shirk,agente,persona,,,,,artista,1,catalogo_personas,
p.1552,Heinz-Dieter Finck,agente,persona,,,,,artista,1,catalogo_personas,
p.1553,Heinz Guggenbuhl,agente,persona,,,,,artista,1,catalogo_personas,
p.1554,Heinz Hebeisen,agente,persona,,,,,artista,1,catalogo_personas,
p.1555,Heinz Mack,agente,persona,,,,,artista,1,catalogo_personas,
p.1556,Heiner Kielholz,agente,persona,,,,,artista,1,catalogo_personas,
p.1557,Héctor Castro,agente,persona,,,,,artista,1,catalogo_personas,
p.1558,Héctor Labrada,agente,persona,,,,,artista,1,catalogo_personas,
p.1559,Hebert Bayer,agente,persona,,,,,artista,1,catalogo_personas,
p.1560,Hazard Durfee,agente,persona,,,,,artista,1,catalogo_personas,
p.1561,Harry Kiyooka,agente,persona,,,,,artista,1,catalogo_personas,
p.1562,Harry Lieberman,agente,persona,,,,,artista,1,catalogo_personas,
p.1563,Harold Klunder,agente,persona,,,,,artista,1,catalogo_personas,
p.1564,Harold Otero,agente,persona,,,,,artista,1,catalogo_personas,
p.1565,Harmony Hammond,agente,persona,,,,,artista,1,catalogo_personas,
p.1566,Hans Blohm,agente,persona,,,,,artista,1,catalogo_personas,
p.1567,Hans Dossenbach,agente,persona,,,,,artista,1,catalogo_personas,
p.1568,Hans Erni,agente,persona,,,,,artista,2,catalogo_personas,
p.1569,Hans Feuer,agente,persona,,,,,artista,1,catalogo_personas,
p.1570,Hans Finsler,agente,persona,,,,,artista,1,catalogo_personas,
p.1571,Hans Krebs,agente,persona,,,,,artista,1,catalogo_personas,
p.1572,Hans Laaps,agente,persona,,,,,artista,1,catalogo_personas,
p.1573,Hans Schapfler,agente,persona,,,,,artista,1,catalogo_personas,
p.1574,Hans Staub,agente,persona,,,,,artista,1,catalogo_personas,
p.1575,Hans Weyermann,agente,persona,,,,,artista,1,catalogo_personas,
p.1576,Hannah Doeleman,agente,persona,,,,,artista,1,catalogo_personas,
p.1577,Hanna Villiger,agente,persona,,,,,artista,1,catalogo_personas,
p.1578,Gyorgy Kepes,agente,persona,,,,,artista,1,catalogo_personas,
p.1580,Gustavo Espinosa,agente,persona,,,,,artista,3,catalogo_personas,
p.1581,Gustavo Hansson,agente,persona,,,,,artista,1,catalogo_personas,
p.1582,Gustavo Jaramillo,agente,persona,,,,,artista,1,catalogo_personas,
p.1583,Gustavo Quintero,agente,persona,,,,,artista,1,catalogo_personas,
p.1584,Gustavo Sorzano,agente,persona,,,,,artista,1,catalogo_personas,
p.1585,Günther Uecker,agente,persona,,,,,artista,2,catalogo_personas,
p.1586,Günter Fruhtrunk,agente,persona,,,,,artista,1,catalogo_personas,
p.1587,Guita Charifker,agente,persona,,,,,artista,1,catalogo_personas,
p.1588,Guillermo Conte,agente,persona,,,,,artista,2,catalogo_personas,
p.1589,Guillermo Duarte,agente,persona,,,,,artista,1,catalogo_personas,
p.1590,Guillermo Franco,agente,persona,,,,,artista,2,catalogo_personas,
p.1591,Guillermo Kuitca,agente,persona,,,,,artista,1,catalogo_personas,
p.1592,Guillermo Marín,agente,persona,,,,,artista,4,catalogo_personas,
p.1593,Guillermo Melo,agente,persona,,,,,artista,1,catalogo_personas,
p.1594,Guillermo Restrepo,agente,persona,,,,,artista,1,catalogo_personas,
p.1595,Guillermo Silva,agente,persona,,,,,artista,1,catalogo_personas,
p.1596,Guevara Moreno,agente,persona,,,,,artista,1,catalogo_personas,
p.1597,Guen Inokuma,agente,persona,,,,,artista,1,catalogo_personas,
p.1598,Grupo Semefo,agente,persona,,,,,artista,1,catalogo_personas,
p.1599,Grimaldo Romero,agente,persona,,,,,artista,1,catalogo_personas,
p.1600,Gretchen Klunder-Raber,agente,persona,,,,,artista,1,catalogo_personas,
p.1601,Grégoire Korganow,agente,persona,,,,,artista,1,catalogo_personas,
p.1602,Graham Coughtry,agente,persona,,,,,artista,1,catalogo_personas,
p.1603,Graham Sutherland,agente,persona,,,,,artista,1,catalogo_personas,
p.1604,Gotthard Schuh,agente,persona,,,,,artista,1,catalogo_personas,
p.1605,Gordon Rayner,agente,persona,,,,,artista,1,catalogo_personas,
p.1606,Gonzalo Posada,agente,persona,,,,,artista,2,catalogo_personas,
p.1607,Gómez Pulido,agente,persona,,,,,artista,1,catalogo_personas,
p.1608,Goebel Weyne,agente,persona,,,,,artista,1,catalogo_personas,
p.1609,Gloria Elliot,agente,persona,,,,,artista,1,catalogo_personas,
p.1610,Gloria Escobar,agente,persona,,,,,artista,1,catalogo_personas,
p.1611,Gloria Posada,agente,persona,,,,,artista,1,catalogo_personas,
p.1612,Gladys Afamado,agente,persona,,,,,artista,1,catalogo_personas,
p.1613,Gladys Barney,agente,persona,,,,,artista,1,catalogo_personas,
p.1614,Giovanni Millán,agente,persona,,,,,artista,1,catalogo_personas,
p.1615,Giovanni Pintori,agente,persona,,,,,artista,1,catalogo_personas,
p.1616,Gino Pedroli,agente,persona,,,,,artista,1,catalogo_personas,
p.1617,Gina Lopez,agente,persona,,,,,artista,1,catalogo_personas,
p.1618,Gilvan Samico,agente,persona,,,,,artista,1,catalogo_personas,
p.1619,Gilberto Aceves,agente,persona,,,,,artista,1,catalogo_personas,
p.1620,Gilberto Frometa,agente,persona,,,,,artista,1,catalogo_personas,
p.1621,Gilberto Parra,agente,persona,,,,,artista,1,catalogo_personas,
p.1622,Gilberto Torrealba,agente,persona,,,,,artista,1,catalogo_personas,
p.1623,Gil Imana,agente,persona,,,,,artista,1,catalogo_personas,
p.1624,Gianfranco Galante,agente,persona,,,,,artista,1,catalogo_personas,
p.1625,Giancarlo Puppo,agente,persona,,,,,artista,1,catalogo_personas,
p.1626,Gette,agente,persona,,,,,artista,1,catalogo_personas,
p.1627,Gerty Sarue,agente,persona,,,,,artista,1,catalogo_personas,
p.1628,Gertrude Fehr,agente,persona,,,,,artista,1,catalogo_personas,
p.1629,Gertrud Duby-Muller,agente,persona,,,,,artista,1,catalogo_personas,
p.1630,Gert-Jan Bartelsman,agente,persona,,,,,artista,2,catalogo_personas,
p.1631,Gernot Bubenik,agente,persona,,,,,artista,1,catalogo_personas,
p.1632,Germán Aristizábal,agente,persona,,,,,artista,1,catalogo_personas,
p.1633,Germán Botero,agente,persona,,,,,artista,1,catalogo_personas,
p.1634,Germán Chaparro,agente,persona,,,,,artista,1,catalogo_personas,
p.1635,Germán Montalvo,agente,persona,,,,,artista,1,catalogo_personas,
p.1636,Germán Páez,agente,persona,,,,,artista,1,catalogo_personas,
p.1637,Germán Tellez,agente,persona,,,,,artista,1,catalogo_personas,
p.1638,German Braun,agente,persona,,,,,artista,2,catalogo_personas,
p.1639,Gerd Leufert,agente,persona,,,,,artista,2,catalogo_personas,
p.1640,Gerardo Aragón,agente,persona,,,,,artista,1,catalogo_personas,
p.1641,Gerardo Caballero,agente,persona,,,,,artista,3,catalogo_personas,
p.1642,Gerardo Negret,agente,persona,,,,,artista,3,catalogo_personas,
p.1643,Gerardo Reyes,agente,persona,,,,,artista,3,catalogo_personas,
p.1644,Gerardo Rueda,agente,persona,,,,,artista,1,catalogo_personas,
p.1645,Georges Rouault,agente,persona,,,,,artista,1,catalogo_personas,
p.1646,George Giusti,agente,persona,,,,,artista,1,catalogo_personas,
p.1647,George Miyasaki,agente,persona,,,,,artista,1,catalogo_personas,
p.1648,George Ortman,agente,persona,,,,,artista,1,catalogo_personas,
p.1649,George Smith,agente,persona,,,,,artista,1,catalogo_personas,
p.1650,Georg Gerster,agente,persona,,,,,artista,1,catalogo_personas,
p.1651,Geoffrey Clarke,agente,persona,,,,,artista,1,catalogo_personas,
p.1652,Gene Federico,agente,persona,,,,,artista,2,catalogo_personas,
p.1653,Gene Pijanowski,agente,persona,,,,,artista,1,catalogo_personas,
p.1654,Gathie Falk,agente,persona,,,,,artista,1,catalogo_personas,
p.1655,Gastón Betelli,agente,persona,,,,,artista,2,catalogo_personas,
p.1656,Gaspard-Félix Tournachon,agente,persona,,,,,artista,1,catalogo_personas,
p.1657,Garry Griffin,agente,persona,,,,,artista,1,catalogo_personas,
p.1658,Gail Gash,agente,persona,,,,,artista,1,catalogo_personas,
p.1659,Gael Stack,agente,persona,,,,,artista,1,catalogo_personas,
p.1660,Gabriela Pacific,agente,persona,,,,,artista,1,catalogo_personas,
p.1661,Gabriel Grendene,agente,persona,,,,,artista,1,catalogo_personas,
p.1662,Gabriel Ramírez,agente,persona,,,,,artista,1,catalogo_personas,
p.1663,Gabriel Suárez,agente,persona,,,,,artista,1,catalogo_personas,
p.1664,G. Klutsis,agente,persona,,,,,artista,1,catalogo_personas,
p.1665,Fritz Kothe,agente,persona,,,,,artista,1,catalogo_personas,
p.1666,Friedrich Kressmann,agente,persona,,,,,artista,1,catalogo_personas,
p.1667,Friederich Meckseper,agente,persona,,,,,artista,1,catalogo_personas,
p.1668,Fredy Serna,agente,persona,,,,,artista,1,catalogo_personas,
p.1669,Freddy Colorado,agente,persona,,,,,artista,1,catalogo_personas,
p.1670,Freda Sargent,agente,persona,,,,,artista,1,catalogo_personas,
p.1671,Fred Boissonnas,agente,persona,,,,,artista,1,catalogo_personas,
p.1672,Fred Mayer,agente,persona,,,,,artista,1,catalogo_personas,
p.1673,Fred Troller,agente,persona,,,,,artista,1,catalogo_personas,
p.1674,Fred Waldvogen,agente,persona,,,,,artista,1,catalogo_personas,
p.1675,Fred Woell,agente,persona,,,,,artista,1,catalogo_personas,
p.1676,Franziska Mollinger,agente,persona,,,,,artista,1,catalogo_personas,
p.1677,Franz Henn,agente,persona,,,,,artista,1,catalogo_personas,
p.1678,Frank Romero,agente,persona,,,,,artista,1,catalogo_personas,
p.1679,Frank Stella,agente,persona,,,,,artista,1,catalogo_personas,
p.1680,Francisco Antigua,agente,persona,,,,,artista,1,catalogo_personas,
p.1681,Francisco Cárdenas,agente,persona,,,,,artista,1,catalogo_personas,
p.1682,Francisco Dosamantas,agente,persona,,,,,artista,1,catalogo_personas,
p.1683,Francisco Espinoza,agente,persona,,,,,artista,1,catalogo_personas,
p.1684,Francisco Fernández,agente,persona,,,,,artista,1,catalogo_personas,
p.1685,Francisco Gallardo,agente,persona,,,,,artista,1,catalogo_personas,
p.1686,Francisco Gámez,agente,persona,,,,,artista,1,catalogo_personas,
p.1687,Francisco Jung,agente,persona,,,,,artista,1,catalogo_personas,
p.1688,Francisco López,agente,persona,,,,,artista,1,catalogo_personas,
p.1689,Francisco Piñeros,agente,persona,,,,,artista,1,catalogo_personas,
p.1690,Francisco Quilici,agente,persona,,,,,artista,1,catalogo_personas,
p.1691,Francisco Ramírez,agente,persona,,,,,artista,1,catalogo_personas,
p.1693,Francisco Restrepo,agente,persona,,,,,artista,1,catalogo_personas,
p.1694,Francisco Rodríguez,agente,persona,,,,,artista,1,catalogo_personas,
p.1695,Francisco Salazar,agente,persona,,,,,artista,1,catalogo_personas,
p.1696,Francisca Sutil,agente,persona,,,,,artista,1,catalogo_personas,
p.1697,Francesca Bellini,agente,persona,,,,,artista,1,catalogo_personas,
p.1698,Frances Myers,agente,persona,,,,,artista,1,catalogo_personas,
p.1699,Florise Herbez,agente,persona,,,,,artista,1,catalogo_personas,
p.1700,Florencia Vélez,agente,persona,,,,,artista,1,catalogo_personas,
p.1701,Florecen Bezrutczyk,agente,persona,,,,,artista,1,catalogo_personas,
p.1702,Flora Golberg,agente,persona,,,,,artista,1,catalogo_personas,
p.1703,Filomeno Hernández,agente,persona,,,,,artista,1,catalogo_personas,
p.1704,Ferney Shambo,agente,persona,,,,,artista,1,catalogo_personas,
p.1705,Fernando Abella,agente,persona,,,,,artista,1,catalogo_personas,
p.1706,Fernando Acosta,agente,persona,,,,,artista,1,catalogo_personas,
p.1707,Fernando Cruz,agente,persona,,,,,artista,1,catalogo_personas,
p.1708,Fernando Devis,agente,persona,,,,,artista,1,catalogo_personas,
p.1709,Fernando Duval,agente,persona,,,,,artista,1,catalogo_personas,
p.1710,Fernando Fazzolari,agente,persona,,,,,artista,1,catalogo_personas,
p.1711,Fernando García,agente,persona,,,,,artista,2,catalogo_personas,
p.1712,Fernando Hidalgo,agente,persona,,,,,artista,1,catalogo_personas,
p.1713,Fernando Maldonado,agente,persona,,,,,artista,1,catalogo_personas,
p.1714,Fernando Uhía,agente,persona,,,,,artista,3,catalogo_personas,
p.1715,Fernando Undurraga,agente,persona,,,,,artista,1,catalogo_personas,
p.1716,Fernand Bergeron,agente,persona,,,,,artista,1,catalogo_personas,
p.1717,Fernand Léger,agente,persona,,,,,artista,1,catalogo_personas,
p.1718,Ferdinand Kriwet,agente,persona,,,,,artista,1,catalogo_personas,
p.1719,Félix Domingo,agente,persona,,,,,artista,1,catalogo_personas,
p.1720,Félix Perdomo,agente,persona,,,,,artista,1,catalogo_personas,
p.1721,Felipe Arbeláez,agente,persona,,,,,artista,1,catalogo_personas,
p.1722,Felipe Herrera,agente,persona,,,,,artista,1,catalogo_personas,
p.1723,Felipe Orlando,agente,persona,,,,,artista,1,catalogo_personas,
p.1724,Felipe Salazar,agente,persona,,,,,artista,1,catalogo_personas,
p.1725,Feliks Topolsky,agente,persona,,,,,artista,1,catalogo_personas,
p.1726,Federman Contreras,agente,persona,,,,,artista,2,catalogo_personas,
p.1727,Fayga Ostrower,agente,persona,,,,,apoyo|artista,3,catalogo_personas,
p.1728,Fay Medina,agente,persona,,,,,artista,1,catalogo_personas,
p.1729,Fánor León,agente,persona,,,,,artista,1,catalogo_personas,
p.1730,Fánor Satizábal,agente,persona,,,,,artista,1,catalogo_personas,
p.1731,Fanny Buitrago,agente,persona,,,,,artista,1,catalogo_personas,
p.1732,Fanny Finkelman,agente,persona,,,,,artista,1,catalogo_personas,
p.1733,Fabrizio Plessi,agente,persona,,,,,artista,1,catalogo_personas,
p.1734,Fabio Lozano,agente,persona,,,,,artista,3,catalogo_personas,
p.1735,Fabio Rodríguez,agente,persona,,,,,artista,2,catalogo_personas,
p.1736,Fabio Valencia,agente,persona,,,,,artista,1,catalogo_personas,
p.1737,Expedito,agente,persona,,,,,artista,1,catalogo_personas,
p.1738,Exaltación Casavilca,agente,persona,,,,,artista,1,catalogo_personas,
p.1739,Evelio Lecour,agente,persona,,,,,artista,1,catalogo_personas,
p.1740,Evelia Medina,agente,persona,,,,,artista,2,catalogo_personas,
p.1741,Evansandwong,agente,persona,,,,,artista,1,catalogo_personas,
p.1742,Eugenio Espinoza,agente,persona,,,,,artista,1,catalogo_personas,
p.1743,Eugenio Sanchez,agente,persona,,,,,artista,1,catalogo_personas,
p.1744,Eugenio Téllez,agente,persona,,,,,artista,1,catalogo_personas,
p.1745,Ethel Gilmour,agente,persona,,,,,artista,3,catalogo_personas,
p.1746,Esvaldo Monzo,agente,persona,,,,,artista,1,catalogo_personas,
p.1747,Estudio Canovas,agente,persona,,,,,artista,1,catalogo_personas,
p.1748,Estudio Shakespear,agente,persona,,,,,artista,1,catalogo_personas,
p.1749,Estuardo Maldonado,agente,persona,,,,,artista,1,catalogo_personas,
p.1750,Estrella Murillo,agente,persona,,,,,artista,1,catalogo_personas,
p.1751,Esther Peck,agente,persona,,,,,artista,1,catalogo_personas,
p.1752,Esther Vainstein,agente,persona,,,,,artista,1,catalogo_personas,
p.1753,Esteban Villa,agente,persona,,,,,artista,1,catalogo_personas,
p.1754,Esperanza Barroso,agente,persona,,,,,artista,1,catalogo_personas,
p.1755,Erwan Bouroullec,agente,persona,,,,,artista,1,catalogo_personas,
p.1756,Ernst Heiniger,agente,persona,,,,,artista,1,catalogo_personas,
p.1757,Ernst Link,agente,persona,,,,,artista,1,catalogo_personas,
p.1758,Ernst Scheidegger,agente,persona,,,,,artista,1,catalogo_personas,
p.1759,Ernesto Deira,agente,persona,,,,,artista,1,catalogo_personas,
p.1760,Ernesto Fontesilla,agente,persona,,,,,artista,2,catalogo_personas,
p.1761,Ernesto Lehfeld,agente,persona,,,,,artista,1,catalogo_personas,
p.1762,Ernesto Muñoz,agente,persona,,,,,artista,1,catalogo_personas,
p.1763,Ernesto Restrepo,agente,persona,,,,,artista,1,catalogo_personas,
p.1764,Ernesto Torres,agente,persona,,,,,artista,1,catalogo_personas,
p.1765,Ernest Bloch,agente,persona,,,,,artista,1,catalogo_personas,
p.1766,Ernest Roch,agente,persona,,,,,artista,1,catalogo_personas,
p.1767,Érika Diettes,agente,persona,,,,,artista,1,catalogo_personas,
p.1768,Eric Hilton,agente,persona,,,,,artista,1,catalogo_personas,
p.1769,Erberto Carboni,agente,persona,,,,,artista,1,catalogo_personas,
p.1770,Erazo,agente,persona,,,,,artista,1,catalogo_personas,
p.1771,Enrique Castrocid,agente,persona,,,,,artista,1,catalogo_personas,
p.1772,Enrique Hernández,agente,persona,,,,,artista,1,catalogo_personas,
p.1773,Enrique Jaramillo,agente,persona,,,,,artista,1,catalogo_personas,
p.1774,Enrique Moret,agente,persona,,,,,artista,1,catalogo_personas,
p.1775,Enrique Toroja,agente,persona,,,,,artista,1,catalogo_personas,
p.1776,Enrique Wallenberg,agente,persona,,,,,artista,1,catalogo_personas,
p.1777,Eneias,agente,persona,,,,,artista,1,catalogo_personas,
p.1779,Emilio Ambasz,agente,persona,,,,,artista,1,catalogo_personas,
p.1780,Emilio Tadini,agente,persona,,,,,artista,1,catalogo_personas,
p.1781,Emil Goetz,agente,persona,,,,,artista,1,catalogo_personas,
p.1782,Emil Schulthess,agente,persona,,,,,artista,1,catalogo_personas,
p.1783,Emil Spuhler,agente,persona,,,,,artista,1,catalogo_personas,
p.1784,Emel Meneses,agente,persona,,,,,artista,1,catalogo_personas,
p.1785,Elsa Gramcko,agente,persona,,,,,artista,1,catalogo_personas,
p.1786,Ellworth Kelly,agente,persona,,,,,artista,1,catalogo_personas,
p.1787,Ellen Dimsdale,agente,persona,,,,,artista,1,catalogo_personas,
p.1788,Ellen Martan,agente,persona,,,,,artista,1,catalogo_personas,
p.1789,Ellen Reiben,agente,persona,,,,,artista,1,catalogo_personas,
p.1790,Ella Maillard,agente,persona,,,,,artista,1,catalogo_personas,
p.1791,Elizabeth Aro,agente,persona,,,,,artista,1,catalogo_personas,
p.1792,Elizabeth Garrison,agente,persona,,,,,artista,1,catalogo_personas,
p.1794,Elio Berhanyer,agente,persona,,,,,artista,1,catalogo_personas,
p.1795,Eliana Pérez,agente,persona,,,,,artista,1,catalogo_personas,
p.1796,Elena Mogollón,agente,persona,,,,,artista,1,catalogo_personas,
p.1797,Eldzier Cortor,agente,persona,,,,,artista,1,catalogo_personas,
p.1798,Eladio Vélez,agente,persona,,,,,artista,1,catalogo_personas,
p.1799,El Lissitzky,agente,persona,,,,,artista,1,catalogo_personas,
p.1800,Efraín Cardenas,agente,persona,,,,,artista,1,catalogo_personas,
p.1801,Efraín García,agente,persona,,,,,artista,1,catalogo_personas,
p.1802,Efraín Plested,agente,persona,,,,,artista,1,catalogo_personas,
p.1803,Eegyvudluk,agente,persona,,,,,artista,1,catalogo_personas,
p.1805,Edward Penfield,agente,persona,,,,,artista,1,catalogo_personas,
p.1806,Edurdo Paolozzi,agente,persona,,,,,artista,1,catalogo_personas,
p.1807,Eduardo Arroyo,agente,persona,,,,,artista,1,catalogo_personas,
p.1808,Eduardo Cohen,agente,persona,,,,,artista,2,catalogo_personas,
p.1809,Eduardo Cruz,agente,persona,,,,,artista,2,catalogo_personas,
p.1810,Eduardo Esparza,agente,persona,,,,,artista,1,catalogo_personas,
p.1811,Eduardo Esperanza,agente,persona,,,,,artista,1,catalogo_personas,
p.1812,Eduardo Fornasari,agente,persona,,,,,artista,1,catalogo_personas,
p.1813,Eduardo Hernández,agente,persona,,,,,artista,2,catalogo_personas,
p.1814,Eduardo Hoffmann,agente,persona,,,,,artista,1,catalogo_personas,
p.1815,Eduardo Medici,agente,persona,,,,,artista,1,catalogo_personas,
p.1816,Eduardo Moll,agente,persona,,,,,artista,2,catalogo_personas,
p.1817,Eduardo Morán,agente,persona,,,,,artista,2,catalogo_personas,
p.1818,Eduardo Pradilla,agente,persona,,,,,artista,2,catalogo_personas,
p.1819,Eduardo Roca,agente,persona,,,,,artista,1,catalogo_personas,
p.1820,Eduardo Terrazas,agente,persona,,,,,artista,2,catalogo_personas,
p.1821,Eduard Spelterni,agente,persona,,,,,artista,1,catalogo_personas,
p.1822,Edmundo Aquino,agente,persona,,,,,artista,1,catalogo_personas,
p.1823,Edmundo Velarde,agente,persona,,,,,artista,1,catalogo_personas,
p.1824,Edmond-Edouard Boissonnas,agente,persona,,,,,artista,1,catalogo_personas,
p.1825,Edith Jiménez,agente,persona,,,,,artista,1,catalogo_personas,
p.1827,Edilberto Sierra,agente,persona,,,,,artista,1,catalogo_personas,
p.1828,Edgard Pillet,agente,persona,,,,,artista,1,catalogo_personas,
p.1829,Édgar Plata,agente,persona,,,,,artista,1,catalogo_personas,
p.1830,Édgar Riveral,agente,persona,,,,,artista,1,catalogo_personas,
p.1831,Édgar Silva,agente,persona,,,,,artista,3,catalogo_personas,
p.1832,Ed Paschke,agente,persona,,,,,artista,1,catalogo_personas,
p.1833,Ed Ruscha,agente,persona,,,,,artista,2,catalogo_personas,
p.1834,Duván López,agente,persona,,,,,artista,1,catalogo_personas,
p.1835,Dusan Percinkov,agente,persona,,,,,artista,1,catalogo_personas,
p.1836,Durlet,agente,persona,,,,,artista,1,catalogo_personas,
p.1837,Doris Quarella,agente,persona,,,,,artista,1,catalogo_personas,
p.1838,Doris Rosonfeld,agente,persona,,,,,artista,1,catalogo_personas,
p.1839,Doris Salcedo,agente,persona,,,,,artista,1,catalogo_personas,
p.1840,Don Mabie,agente,persona,,,,,artista,1,catalogo_personas,
p.1841,Don Nice,agente,persona,,,,,artista,1,catalogo_personas,
p.1842,Dominique Mazeud,agente,persona,,,,,artista,1,catalogo_personas,
p.1843,Dominik Harborth,agente,persona,,,,,artista,1,catalogo_personas,
p.1844,Domingo López,agente,persona,,,,,artista,1,catalogo_personas,
p.1845,Dolf Preisig,agente,persona,,,,,artista,1,catalogo_personas,
p.1846,Diva Ramírez,agente,persona,,,,,artista,1,catalogo_personas,
p.1847,Diva Velásquez,agente,persona,,,,,artista,1,catalogo_personas,
p.1848,Dioscórides,agente,persona,,,,,artista,1,catalogo_personas,
p.1849,Dioscórides Pérez,agente,persona,,,,,artista,1,catalogo_personas,
p.1850,Dinora Doudtchitzki,agente,persona,,,,,artista,1,catalogo_personas,
p.1851,Dila,agente,persona,,,,,artista,1,catalogo_personas,
p.1852,Diego Barbosa,agente,persona,,,,,artista,1,catalogo_personas,
p.1853,Diego Buenahora,agente,persona,,,,,artista,1,catalogo_personas,
p.1854,Diego Mendoza,agente,persona,,,,,artista,2,catalogo_personas,
p.1855,Diego Pombo,agente,persona,,,,,artista,3,catalogo_personas,
p.1857,Diane Flyr,agente,persona,,,,,artista,1,catalogo_personas,
p.1859,Diana Dowek,agente,persona,,,,,artista,1,catalogo_personas,
p.1860,Diana Monroy,agente,persona,,,,,artista,1,catalogo_personas,
p.1861,Di Rosa,agente,persona,,,,,artista,1,catalogo_personas,
p.1863,Denry Torres,agente,persona,,,,,artista,1,catalogo_personas,
p.1864,Demián Flórez,agente,persona,,,,,artista,1,catalogo_personas,
p.1865,Demesio Antúnez,agente,persona,,,,,artista,1,catalogo_personas,
p.1866,Delcy Morelos,agente,persona,,,,,artista,1,catalogo_personas,
p.1868,Debra Rapoport,agente,persona,,,,,artista,1,catalogo_personas,
p.1869,Deborah Aguado,agente,persona,,,,,artista,1,catalogo_personas,
p.1870,Debby Doolittle,agente,persona,,,,,artista,1,catalogo_personas,
p.1871,Dean Lindsay,agente,persona,,,,,artista,1,catalogo_personas,
p.1872,David Aronson,agente,persona,,,,,artista,1,catalogo_personas,
p.1873,David Blackwood,agente,persona,,,,,artista,1,catalogo_personas,
p.1874,David Consuegra,agente,persona,,,,,artista,5,catalogo_personas,
p.1875,David Dowler,agente,persona,,,,,artista,1,catalogo_personas,
p.1876,David Hammons,agente,persona,,,,,artista,1,catalogo_personas,
p.1877,David Hare,agente,persona,,,,,artista,1,catalogo_personas,
p.1878,David Hockney,agente,persona,,,,,artista,2,catalogo_personas,
p.1879,David Laplantz,agente,persona,,,,,artista,1,catalogo_personas,
p.1880,David Tisdale,agente,persona,,,,,artista,1,catalogo_personas,
p.1881,David Urso,agente,persona,,,,,artista,1,catalogo_personas,
p.1882,David Walsh,agente,persona,,,,,artista,1,catalogo_personas,
p.1883,Darío Jiménez,agente,persona,,,,,artista,1,catalogo_personas,
p.1884,Darío Sierra,agente,persona,,,,,artista,1,catalogo_personas,
p.1885,Darío Suro,agente,persona,,,,,artista,1,catalogo_personas,
p.1886,Darío Villalba,agente,persona,,,,,artista,1,catalogo_personas,
p.1887,Darel Valenca,agente,persona,,,,,apoyo|artista,3,catalogo_personas,
p.1889,Daniele Fuller,agente,persona,,,,,artista,1,catalogo_personas,
p.1890,Daniel Angulo,agente,persona,,,,,artista,1,catalogo_personas,
p.1891,Daniel Fleckenstein,agente,persona,,,,,artista,1,catalogo_personas,
p.1892,Daniel Maigné,agente,persona,,,,,artista,1,catalogo_personas,
p.1893,Daniel Osorio,agente,persona,,,,,artista,1,catalogo_personas,
p.1894,Daniel Scheimberg,agente,persona,,,,,artista,1,catalogo_personas,
p.1895,Daniel Vittet,agente,persona,,,,,artista,1,catalogo_personas,
p.1896,Dana Atchley,agente,persona,,,,,artista,1,catalogo_personas,
p.1897,Dan Quest,agente,persona,,,,,artista,1,catalogo_personas,
p.1898,Dan Rizzie,agente,persona,,,,,artista,1,catalogo_personas,
p.1899,Damaso Ogaz,agente,persona,,,,,artista,1,catalogo_personas,
p.1900,Dalia  Cugat,agente,persona,,,,,artista,1,catalogo_personas,
p.1901,Dagoberto Marcelo,agente,persona,,,,,artista,1,catalogo_personas,
p.1903,Cuando Bermúdez,agente,persona,,,,,artista,1,catalogo_personas,
p.1904,Cristian Staub,agente,persona,,,,,artista,1,catalogo_personas,
p.1905,Costa Leite,agente,persona,,,,,artista,1,catalogo_personas,
p.1906,Consuelo Barbosa,agente,persona,,,,,artista,1,catalogo_personas,
p.1907,Consuelo Lago,agente,persona,,,,,artista,1,catalogo_personas,
p.1908,Constanza Aguirre,agente,persona,,,,,artista,1,catalogo_personas,
p.1909,Constanza Medina,agente,persona,,,,,artista,1,catalogo_personas,
p.1910,Constantito Nivola,agente,persona,,,,,artista,1,catalogo_personas,
p.1911,Conrad,agente,persona,,,,,artista,1,catalogo_personas,
p.1913,Conchetto Pozzati,agente,persona,,,,,artista,1,catalogo_personas,
p.1914,Collin-Thibault,agente,persona,,,,,artista,1,catalogo_personas,
p.1915,Clorindo Testa,agente,persona,,,,,artista,2,catalogo_personas,
p.1916,Clinton Adams,agente,persona,,,,,artista,1,catalogo_personas,
p.1917,Clifford Ellis,agente,persona,,,,,artista,1,catalogo_personas,
p.1918,Clever Machado,agente,persona,,,,,artista,1,catalogo_personas,
p.1919,Clemencia Echeverri,agente,persona,,,,,artista,2,catalogo_personas,
p.1920,Clemencia Lucena,agente,persona,,,,,artista,2,catalogo_personas,
p.1921,Clayton Pond,agente,persona,,,,,artista,1,catalogo_personas,
p.1922,Claudio Arango,agente,persona,,,,,artista,1,catalogo_personas,
p.1923,Claudio Colucci,agente,persona,,,,,artista,1,catalogo_personas,
p.1924,Claudio Juárez,agente,persona,,,,,artista,2,catalogo_personas,
p.1925,Claudio Tozzi,agente,persona,,,,,artista,1,catalogo_personas,
p.1926,Claudia Arango,agente,persona,,,,,artista,1,catalogo_personas,
p.1927,Claudia Ebling,agente,persona,,,,,artista,1,catalogo_personas,
p.1928,Claudia Gil,agente,persona,,,,,artista,1,catalogo_personas,
p.1930,Claudia Hernández,agente,persona,,,,,artista,1,catalogo_personas,
p.1931,Claudia Ortiz,agente,persona,,,,,artista,1,catalogo_personas,
p.1932,Claudia Sandoval,agente,persona,,,,,artista,1,catalogo_personas,
p.1933,Claudia Victoria,agente,persona,,,,,artista,1,catalogo_personas,
p.1934,Claude Dieterich,agente,persona,,,,,artista,1,catalogo_personas,
p.1935,Claude Sandoz,agente,persona,,,,,artista,1,catalogo_personas,
p.1936,Claude Tousignant,agente,persona,,,,,artista,1,catalogo_personas,
p.1938,Clark Richard,agente,persona,,,,,artista,1,catalogo_personas,
p.1939,Clare Romano,agente,persona,,,,,artista,1,catalogo_personas,
p.1940,Clara Hurtado,agente,persona,,,,,artista,1,catalogo_personas,
p.1941,Clara Piedrahita,agente,persona,,,,,artista,1,catalogo_personas,
p.1942,Claire Doebeli,agente,persona,,,,,artista,1,catalogo_personas,
p.1943,Ciro Palacios,agente,persona,,,,,artista,1,catalogo_personas,
p.1944,Cinda Sparling,agente,persona,,,,,artista,1,catalogo_personas,
p.1945,Christo,agente,persona,,,,,artista,1,catalogo_personas,
p.1946,Christian Vogt,agente,persona,,,,,artista,1,catalogo_personas,
p.1947,Charles-André Habib,agente,persona,,,,,artista,1,catalogo_personas,
p.1948,Charles Coiner,agente,persona,,,,,artista,2,catalogo_personas,
p.1949,Charles Durheim,agente,persona,,,,,artista,1,catalogo_personas,
p.1950,Charles Klabunde,agente,persona,,,,,artista,1,catalogo_personas,
p.1951,Charles White,agente,persona,,,,,artista,1,catalogo_personas,
p.1952,César García,agente,persona,,,,,artista,1,catalogo_personas,
p.1953,César Leal,agente,persona,,,,,artista,1,catalogo_personas,
p.1954,César Padilla,agente,persona,,,,,artista,1,catalogo_personas,
p.1955,César Paternosto,agente,persona,,,,,artista,2,catalogo_personas,
p.1956,Ceri Richards,agente,persona,,,,,artista,1,catalogo_personas,
p.1957,Celia Birbragher,agente,persona,,,,,artista,1,catalogo_personas,
p.1958,Cecilia Mejía,agente,persona,,,,,artista,1,catalogo_personas,
p.1959,Cecilia Porras,agente,persona,,,,,artista,2,catalogo_personas,
p.1960,Cecilia Silva,agente,persona,,,,,artista,1,catalogo_personas,
p.1961,Ceballos,agente,persona,,,,,artista,1,catalogo_personas,
p.1962,Cathy Berse,agente,persona,,,,,artista,1,catalogo_personas,
p.1963,Catalina Parra,agente,persona,,,,,artista,1,catalogo_personas,
p.1964,Carolina Franco,agente,persona,,,,,artista,3,catalogo_personas,
p.1965,Carolina Llano,agente,persona,,,,,artista,1,catalogo_personas,
p.1966,Carole Ceborowski,agente,persona,,,,,artista,1,catalogo_personas,
p.1967,Cárol Reina,agente,persona,,,,,artista,1,catalogo_personas,
p.1968,Carmenza Ángel,agente,persona,,,,,artista,1,catalogo_personas,
p.1969,Carmenza Estrada,agente,persona,,,,,artista,2,catalogo_personas,
p.1970,Carmen Espinosa,agente,persona,,,,,artista,1,catalogo_personas,
p.1971,Carmen Mazariegos,agente,persona,,,,,artista,1,catalogo_personas,
p.1972,Carmen Rey,agente,persona,,,,,artista,1,catalogo_personas,
p.1973,Carmelo Carra,agente,persona,,,,,artista,1,catalogo_personas,
p.1974,Carmela Gross,agente,persona,,,,,artista,1,catalogo_personas,
p.1975,Carlota Bentham,agente,persona,,,,,artista,1,catalogo_personas,
p.1976,Carlos Altamirano,agente,persona,,,,,artista,1,catalogo_personas,
p.1977,Carlos Avendaño,agente,persona,,,,,artista,1,catalogo_personas,
p.1978,Carlos Blanco,agente,persona,,,,,artista,1,catalogo_personas,
p.1979,Carlos Caicedo,agente,persona,,,,,artista,1,catalogo_personas,
p.1980,Carlos Cañas,agente,persona,,,,,artista,1,catalogo_personas,
p.1981,Carlos Capelán,agente,persona,,,,,artista,1,catalogo_personas,
p.1982,Carlos Contramaestre,agente,persona,,,,,artista,2,catalogo_personas,
p.1983,Carlos Dávila,agente,persona,,,,,artista,1,catalogo_personas,
p.1984,Carlos Delgado,agente,persona,,,,,artista,1,catalogo_personas,
p.1985,Carlos Duque,agente,persona,,,,,artista,8,catalogo_personas,
p.1986,Carlos Echeverry,agente,persona,,,,,artista,1,catalogo_personas,
p.1987,Carlos Gallardo,agente,persona,,,,,artista,1,catalogo_personas,
p.1988,Carlos Gorriarena,agente,persona,,,,,artista,1,catalogo_personas,
p.1989,Carlos Irrizarry,agente,persona,,,,,artista,1,catalogo_personas,
p.1990,Carlos Laos-Brache,agente,persona,,,,,artista,1,catalogo_personas,
p.1991,Carlos Leppe,agente,persona,,,,,artista,1,catalogo_personas,
p.1992,Carlos Martins,agente,persona,,,,,apoyo|artista,3,catalogo_personas,
p.1994,Carlos Pinilla,agente,persona,,,,,artista,1,catalogo_personas,
p.1995,Carlos Poveda,agente,persona,,,,,artista,2,catalogo_personas,
p.1996,Carlos Quintana,agente,persona,,,,,artista,1,catalogo_personas,
p.1997,Carlos Ruiz,agente,persona,,,,,artista,2,catalogo_personas,
p.1998,Carlos Sessano,agente,persona,,,,,artista,1,catalogo_personas,
p.1999,Carlos Summers,agente,persona,,,,,artista,1,catalogo_personas,
p.2000,Carlos Vergara,agente,persona,,,,,artista,1,catalogo_personas,
p.2001,Carlos Zúñiga,agente,persona,,,,,artista,1,catalogo_personas,
p.2002,Carl-August Koch,agente,persona,,,,,artista,1,catalogo_personas,
p.2003,Candida Hofer,agente,persona,,,,,artista,1,catalogo_personas,
p.2004,Candid Lang,agente,persona,,,,,artista,1,catalogo_personas,
p.2005,Candace Loheed,agente,persona,,,,,artista,1,catalogo_personas,
p.2006,Camilo Lleras,agente,persona,,,,,artista,2,catalogo_personas,
p.2007,Camilo Pineda,agente,persona,,,,,artista,1,catalogo_personas,
p.2008,Camille Billops,agente,persona,,,,,artista,1,catalogo_personas,
p.2009,Bruno Barbey,agente,persona,,,,,artista,1,catalogo_personas,
p.2010,Bruno Bruni,agente,persona,,,,,artista,1,catalogo_personas,
p.2011,Bruno Munari,agente,persona,,,,,artista,2,catalogo_personas,
p.2012,Bruetschy,agente,persona,,,,,artista,1,catalogo_personas,
p.2013,Bruce Beck,agente,persona,,,,,artista,1,catalogo_personas,
p.2014,Bruce McCombs,agente,persona,,,,,artista,1,catalogo_personas,
p.2015,Bruce Metcalf,agente,persona,,,,,artista,1,catalogo_personas,
p.2016,Brigid O´Hanrahan,agente,persona,,,,,artista,1,catalogo_personas,
p.2017,Brent Kington,agente,persona,,,,,artista,1,catalogo_personas,
p.2018,Brassai,agente,persona,,,,,artista,1,catalogo_personas,
p.2019,Boro,agente,persona,,,,,artista,1,catalogo_personas,
p.2020,Boris Jesih,agente,persona,,,,,artista,1,catalogo_personas,
p.2021,Boo Poulin,agente,persona,,,,,artista,1,catalogo_personas,
p.2022,Bobert McBryde,agente,persona,,,,,artista,1,catalogo_personas,
p.2023,Bob Natalini,agente,persona,,,,,artista,1,catalogo_personas,
p.2024,Bjorn Lindroos,agente,persona,,,,,artista,1,catalogo_personas,
p.2025,Binicio Horta,agente,persona,,,,,artista,1,catalogo_personas,
p.2026,Billy Escobar,agente,persona,,,,,artista,1,catalogo_personas,
p.2027,Bill Harris,agente,persona,,,,,artista,1,catalogo_personas,
p.2028,Bignia Corradini,agente,persona,,,,,artista,1,catalogo_personas,
p.2030,Betty Goodwin,agente,persona,,,,,artista,1,catalogo_personas,
p.2031,Bertrand,agente,persona,,,,,artista,1,catalogo_personas,
p.2032,Bernhard Moosbrugger,agente,persona,,,,,artista,1,catalogo_personas,
p.2033,Bernd Becher,agente,persona,,,,,artista,1,catalogo_personas,
p.2034,Bernd Volkle,agente,persona,,,,,artista,1,catalogo_personas,
p.2035,Bernardo Krasnianski,agente,persona,,,,,artista,1,catalogo_personas,
p.2036,Bernardo Ortiz,agente,persona,,,,,artista|curador,3,catalogo_personas,
p.2037,Bernard Dreyfus,agente,persona,,,,,artista,1,catalogo_personas,
p.2038,Bernard Meadows,agente,persona,,,,,artista,1,catalogo_personas,
p.2039,Bernard Schultze,agente,persona,,,,,artista,1,catalogo_personas,
p.2040,Bernanrdo Salcedo,agente,persona,,,,,artista,1,catalogo_personas,
p.2041,Bernal Ponce,agente,persona,,,,,artista,1,catalogo_personas,
p.2042,Bernado Salcedo,agente,persona,,,,,artista,1,catalogo_personas,
p.2043,Benjamín Farbiarz,agente,persona,,,,,artista,1,catalogo_personas,
p.2044,Benjamín Villegas,agente,persona,,,,,artista,1,catalogo_personas,
p.2045,Benito Rojo,agente,persona,,,,,artista,2,catalogo_personas,
p.2046,Benhur Sánchez,agente,persona,,,,,artista,1,catalogo_personas,
p.2047,Ben,agente,persona,,,,,artista,1,catalogo_personas,
p.2048,Ben Sakoguchi,agente,persona,,,,,artista,1,catalogo_personas,
p.2049,Ben Shahn,agente,persona,,,,,artista,2,catalogo_personas,
p.2050,Beltrán Obregón,agente,persona,,,,,artista,1,catalogo_personas,
p.2051,Belle Kuhn,agente,persona,,,,,artista,1,catalogo_personas,
p.2052,Beggardtaff Brothers,agente,persona,,,,,artista,1,catalogo_personas,
p.2053,Beatriz Echeverry,agente,persona,,,,,artista,1,catalogo_personas,
p.2054,Beatriz Grau,agente,persona,,,,,artista,3,catalogo_personas,
p.2055,Beatriz Jaramillo,agente,persona,,,,,artista,3,catalogo_personas,
p.2056,Beatriz Montana,agente,persona,,,,,artista,1,catalogo_personas,
p.2057,Beatriz Torres,agente,persona,,,,,artista,1,catalogo_personas,
p.2058,Bass Pression,agente,persona,,,,,artista,1,catalogo_personas,
p.2059,Barbara Hepworth,agente,persona,,,,,artista,1,catalogo_personas,
p.2060,Barbara Jones,agente,persona,,,,,artista,2,catalogo_personas,
p.2061,Balthasar Burkhard,agente,persona,,,,,artista,1,catalogo_personas,
p.2062,B.P.,agente,persona,,,,,artista,1,catalogo_personas,
p.2063,Axel Knopp,agente,persona,,,,,artista,1,catalogo_personas,
p.2064,Aurora Brown,agente,persona,,,,,artista,1,catalogo_personas,
p.2065,Astrid Campo,agente,persona,,,,,artista,1,catalogo_personas,
p.2066,Asdrúbal Medina,agente,persona,,,,,artista,1,catalogo_personas,
p.2067,Arturo Aguilar,agente,persona,,,,,artista,1,catalogo_personas,
p.2068,Art Kane,agente,persona,,,,,artista,1,catalogo_personas,
p.2069,Art Rongger,agente,persona,,,,,artista,1,catalogo_personas,
p.2070,Arquiestudio,agente,persona,,,,,artista,1,catalogo_personas,
p.2071,Arnold Belkin,agente,persona,,,,,artista,3,catalogo_personas,
p.2072,Arnold Leissler,agente,persona,,,,,artista,1,catalogo_personas,
p.2073,Arnold Saks,agente,persona,,,,,artista,1,catalogo_personas,
p.2074,Arnal Ballester,agente,persona,,,,,artista,1,catalogo_personas,
p.2075,Armleder,agente,persona,,,,,artista,1,catalogo_personas,
p.2076,Armando Montoya,agente,persona,,,,,artista,1,catalogo_personas,
p.2077,Armando Morales,agente,persona,,,,,artista,3,catalogo_personas,
p.2078,Armando Rearte,agente,persona,,,,,artista,2,catalogo_personas,
p.2079,Armando Rosales,agente,persona,,,,,artista,1,catalogo_personas,
p.2080,Armando Villegas,agente,persona,,,,,artista,5,catalogo_personas,
p.2081,Arline Fisch,agente,persona,,,,,artista,1,catalogo_personas,
p.2082,Aristides Coen,agente,persona,,,,,artista,1,catalogo_personas,
p.2083,Aristides Mateos,agente,persona,,,,,artista,1,catalogo_personas,
p.2084,Argemiro Vélez,agente,persona,,,,,artista,1,catalogo_personas,
p.2085,Arbey Arce,agente,persona,,,,,artista,1,catalogo_personas,
p.2086,Antonio Amaral,agente,persona,,,,,artista,1,catalogo_personas,
p.2087,Antonio Lazo,agente,persona,,,,,artista,2,catalogo_personas,
p.2088,Antonio Pérez,agente,persona,,,,,artista,1,catalogo_personas,
p.2089,Antonio Ramírez,agente,persona,,,,,artista,1,catalogo_personas,
p.2090,Antonio Varela,agente,persona,,,,,artista,1,catalogo_personas,
p.2091,Antonieta Zacarelli,agente,persona,,,,,artista,1,catalogo_personas,
p.2092,Anton Bruhin,agente,persona,,,,,artista,1,catalogo_personas,
p.2093,Annemarie Meier,agente,persona,,,,,artista,1,catalogo_personas,
p.2094,Annelies Feige,agente,persona,,,,,artista,1,catalogo_personas,
p.2096,Anita Durán,agente,persona,,,,,artista,1,catalogo_personas,
p.2097,Aníbal Villacís,agente,persona,,,,,artista,1,catalogo_personas,
p.2098,Angélica Caporaso,agente,persona,,,,,artista,1,catalogo_personas,
p.2099,Ángela Echeverri,agente,persona,,,,,artista,1,catalogo_personas,
p.2101,Ángel Reyes,agente,persona,,,,,artista,1,catalogo_personas,
p.2102,Andrew Garn,agente,persona,,,,,artista,1,catalogo_personas,
p.2103,Andrés Fresneda,agente,persona,,,,,artista|curador,3,catalogo_personas,
p.2104,Andrés Villa,agente,persona,,,,,artista,1,catalogo_personas,
p.2105,Andréas Aas,agente,persona,,,,,artista,1,catalogo_personas,
p.2106,Andreas Wolfensberger,agente,persona,,,,,artista,1,catalogo_personas,
p.2107,Andrea Gursky,agente,persona,,,,,artista,1,catalogo_personas,
p.2108,Andrea Valencia,agente,persona,,,,,artista,2,catalogo_personas,
p.2109,Andre Derain,agente,persona,,,,,artista,1,catalogo_personas,
p.2110,Ana Eckell,agente,persona,,,,,artista,2,catalogo_personas,
p.2111,Amy Davison,agente,persona,,,,,artista,1,catalogo_personas,
p.2112,Amparo Restrepo,agente,persona,,,,,artista,1,catalogo_personas,
p.2113,Américo Castilla,agente,persona,,,,,artista,3,catalogo_personas,
p.2114,Amelia Cajigas,agente,persona,,,,,artista,1,catalogo_personas,
p.2115,Amelia Peláez,agente,persona,,,,,artista,1,catalogo_personas,
p.2116,Álvaron Sierra,agente,persona,,,,,artista,1,catalogo_personas,
p.2117,Álvaro Carmenes,agente,persona,,,,,artista,1,catalogo_personas,
p.2118,Álvaro Díaz,agente,persona,,,,,artista,1,catalogo_personas,
p.2120,Álvaro Henao,agente,persona,,,,,artista,1,catalogo_personas,
p.2121,Álvaro Herazo,agente,persona,,,,,artista,3,catalogo_personas,
p.2122,Álvaro Medina,agente,persona,,,,,artista|curador,2,catalogo_personas,
p.2123,Álvaro Ricardo Herrera,agente,persona,,,,,artista,1,catalogo_personas,
p.2124,Álvaro Sánchez,agente,persona,,,,,artista,1,catalogo_personas,
p.2125,Álvaro Sotillo,agente,persona,,,,,artista,1,catalogo_personas,
p.2126,Alselmo Carrera Rojas,agente,persona,,,,,artista,1,catalogo_personas,
p.2127,Alredo Sosabravo,agente,persona,,,,,artista,1,catalogo_personas,
p.2128,Alphons-María Mucha,agente,persona,,,,,artista,1,catalogo_personas,
p.2129,Aloysio Magalhaes,agente,persona,,,,,artista,1,catalogo_personas,
p.2130,Alonso Ocampo,agente,persona,,,,,artista,1,catalogo_personas,
p.2131,Alonso Quijano,agente,persona,,,,,artista,1,catalogo_personas,
p.2132,Aloísio Magalhaes,agente,persona,,,,,artista,1,catalogo_personas,
p.2133,Alo Zanetta,agente,persona,,,,,artista,1,catalogo_personas,
p.2134,Alnfonso Quijano,agente,persona,,,,,artista,1,catalogo_personas,
p.2135,Allin Braund,agente,persona,,,,,artista,1,catalogo_personas,
p.2136,Allan Edmunds,agente,persona,,,,,artista,1,catalogo_personas,
p.2137,Alirio Rodríguez,agente,persona,,,,,artista,2,catalogo_personas,
p.2138,Alipio Jaramillo,agente,persona,,,,,artista,2,catalogo_personas,
p.2139,Alicia Carletti,agente,persona,,,,,artista,1,catalogo_personas,
p.2140,Alicia Tafur,agente,persona,,,,,artista,1,catalogo_personas,
p.2141,Alicia Vega,agente,persona,,,,,artista,1,catalogo_personas,
p.2142,Alice H. Klein,agente,persona,,,,,artista,1,catalogo_personas,
p.2143,Alfredo da Silva,agente,persona,,,,,artista,1,catalogo_personas,
p.2144,Alfredo de Vicenzo,agente,persona,,,,,artista,1,catalogo_personas,
p.2145,Alfredo Gamonal,agente,persona,,,,,artista,1,catalogo_personas,
p.2146,Alfredo González Rostgaard,agente,persona,,,,,artista,1,catalogo_personas,
p.2147,Alfredo Izquierdo,agente,persona,,,,,artista,2,catalogo_personas,
p.2148,Alfredo López,agente,persona,,,,,artista,1,catalogo_personas,
p.2149,Alfredo Núñez Booth,agente,persona,,,,,artista,1,catalogo_personas,
p.2150,Alfredo Prior,agente,persona,,,,,artista,1,catalogo_personas,
p.2151,Alfredo Sosabravo,agente,persona,,,,,artista,1,catalogo_personas,
p.2153,Alfred Otto Wolfgang Schulze,agente,persona,,,,,artista,1,catalogo_personas,
p.2154,Alfonso Álvarez,agente,persona,,,,,artista,1,catalogo_personas,
p.2155,Alfonso Fraile,agente,persona,,,,,artista,1,catalogo_personas,
p.2156,Alfonso Suárez,agente,persona,,,,,artista,1,catalogo_personas,
p.2157,Alfonso Vinasco,agente,persona,,,,,artista,1,catalogo_personas,
p.2158,Alexis Tricoire,agente,persona,,,,,artista,1,catalogo_personas,
p.2159,Alexandre Wollner,agente,persona,,,,,artista,1,catalogo_personas,
p.2160,Alexandra Rodríguez,agente,persona,,,,,artista,1,catalogo_personas,
p.2161,Alexander Wollner,agente,persona,,,,,artista,1,catalogo_personas,
p.2162,Alex Hutte,agente,persona,,,,,artista,1,catalogo_personas,
p.2163,Alex Janvier,agente,persona,,,,,artista,1,catalogo_personas,
p.2164,Alex Silber,agente,persona,,,,,artista,1,catalogo_personas,
p.2165,Alekos,agente,persona,,,,,artista,1,catalogo_personas,
p.2166,Alejandro Ardila,agente,persona,,,,,artista,1,catalogo_personas,
p.2167,Alejandro Colunga,agente,persona,,,,,artista,1,catalogo_personas,
p.2168,Alejandro Gutiérrez,agente,persona,,,,,artista,1,catalogo_personas,
p.2169,Alejandro Hernández,agente,persona,,,,,artista,1,catalogo_personas,
p.2170,Alejandro Miranda,agente,persona,,,,,artista,1,catalogo_personas,
p.2171,Alejandro Nieto,agente,persona,,,,,artista,1,catalogo_personas,
p.2172,Alejandro Puente,agente,persona,,,,,artista,3,catalogo_personas,
p.2173,Aldo Soler,agente,persona,,,,,artista,1,catalogo_personas,
p.2174,Albino Fernández,agente,persona,,,,,artista,1,catalogo_personas,
p.2175,Alberto Baraya,agente,persona,,,,,artista,3,catalogo_personas,
p.2176,Alberto Betancourt,agente,persona,,,,,artista,1,catalogo_personas,
p.2177,Alberto Cedrón,agente,persona,,,,,artista,1,catalogo_personas,
p.2178,Alberto Gómez Cabal,agente,persona,,,,,artista,1,catalogo_personas,
p.2179,Alberto Iriarte,agente,persona,,,,,artista,1,catalogo_personas,
p.2180,Alberto Saldarriaga,agente,persona,,,,,artista,1,catalogo_personas,
p.2181,Alberto Sierra Maya,agente,persona,,,,,artista,2,catalogo_personas,
p.2182,Alberto Soto,agente,persona,,,,,artista,1,catalogo_personas,
p.2183,Alberto Uribe,agente,persona,,,,,artista,2,catalogo_personas,
p.2184,Albert Rafols Casamada,agente,persona,,,,,artista,1,catalogo_personas,
p.2185,Alberola,agente,persona,,,,,artista,1,catalogo_personas,
p.2186,Albeiro Sarria,agente,persona,,,,,artista,1,catalogo_personas,
p.2187,Alba Silva,agente,persona,,,,,artista,1,catalogo_personas,
p.2188,Alan Burton Thompson,agente,persona,,,,,artista,1,catalogo_personas,
p.2189,Alain Jacquet,agente,persona,,,,,artista,1,catalogo_personas,
p.2190,Aída Caraballo,agente,persona,,,,,artista,1,catalogo_personas,
p.2191,Agusto Rivera,agente,persona,,,,,artista,1,catalogo_personas,
p.2192,Agustín Alamán,agente,persona,,,,,artista,1,catalogo_personas,
p.2193,Agustín Drake,agente,persona,,,,,artista,1,catalogo_personas,
p.2194,Aguedo Alonso,agente,persona,,,,,artista,1,catalogo_personas,
p.2195,Agnes Denes,agente,persona,,,,,artista,1,catalogo_personas,
p.2196,Agim Salihu,agente,persona,,,,,artista,1,catalogo_personas,
p.2197,Adrien Gardere,agente,persona,,,,,artista,1,catalogo_personas,
p.2198,Adriana Verejao,agente,persona,,,,,artista,1,catalogo_personas,
p.2199,Adolfo Cifuentes,agente,persona,,,,,artista,1,catalogo_personas,
p.2200,Adolf Huppi,agente,persona,,,,,artista,1,catalogo_personas,
p.2201,Adigio Benítez,agente,persona,,,,,artista,1,catalogo_personas,
p.2202,Adam Jorg,agente,persona,,,,,artista,1,catalogo_personas,
p.2203,Adalberto Jiménez,agente,persona,,,,,artista,1,catalogo_personas,
p.2204,Ada Balcacer,agente,persona,,,,,artista,1,catalogo_personas,
p.2205,Abraham Palatnik,agente,persona,,,,,artista,1,catalogo_personas,
p.2206,Abraham Rattner,agente,persona,,,,,artista,1,catalogo_personas,
p.2207,Abraam James,agente,persona,,,,,artista,1,catalogo_personas,
p.2208,Abdu Eljaiek,agente,persona,,,,,artista,1,catalogo_personas,
p.2209,A. M. Cassandre,agente,persona,,,,,artista,1,catalogo_personas,
p.2210,A33,agente,persona,,,,,artista,1,catalogo_personas,
p.2211,Ana Bella Geiger,agente,persona,,,,,artista,1,catalogo_personas,
p.2212,Ana Claudia Múnera,agente,persona,,,,,artista,3,catalogo_personas,
p.2213,Ana de Durán,agente,persona,,,,,artista,1,catalogo_personas,
p.2214,Ana de Gamboa,agente,persona,,,,,artista,1,catalogo_personas,
p.2215,Ana Letycia Quadros,agente,persona,,,,,apoyo|artista,4,catalogo_personas,
p.2216,Ana María Bonilla,agente,persona,,,,,artista,1,catalogo_personas,
p.2217,Ana María Gantes,agente,persona,,,,,artista,1,catalogo_personas,
p.2218,Ana María Millán,agente,persona,,,,,artista,9,catalogo_personas,
p.2219,Ana María Moncalvo,agente,persona,,,,,artista,2,catalogo_personas,
p.2220,Ana María Velasco,agente,persona,,,,,artista,1,catalogo_personas,
p.2221,Andrée Van Nuys,agente,persona,,,,,artista,1,catalogo_personas,
p.2222,Andrés de Santa María,agente,persona,,,,,artista,4,catalogo_personas,
p.2223,Ángela María Bena,agente,persona,,,,,artista,1,catalogo_personas,
p.2224,Ángelino Osvaldo Lauvivi,agente,persona,,,,,artista,1,catalogo_personas,
p.2225,Anita de Uribe,agente,persona,,,,,artista,1,catalogo_personas,
p.2226,Anka Buric-Djurdjeva,agente,persona,,,,,artista,1,catalogo_personas,
p.2227,Anna María Maiolino,agente,persona,,,,,artista,1,catalogo_personas,
p.2228,Anna Nella Greiger,agente,persona,,,,,artista,1,catalogo_personas,
p.2229,Antonio Enrique Amaral,agente,persona,,,,,artista,1,catalogo_personas,
p.2230,Antonio Ponce García,agente,persona,,,,,artista,1,catalogo_personas,
p.2231,Antonio Torres Martino,agente,persona,,,,,artista,1,catalogo_personas,
p.2232,Arlindo Daibert Amaral,agente,persona,,,,,artista,1,catalogo_personas,
p.2233,Auguste de Jongh,agente,persona,,,,,artista,1,catalogo_personas,
p.2234,Barry Ian Laughlin,agente,persona,,,,,artista,1,catalogo_personas,
p.2235,Betty Len Lau,agente,persona,,,,,artista,1,catalogo_personas,
p.2236,Billy Al Bengstons,agente,persona,,,,,artista,1,catalogo_personas,
p.2237,Boris Marlon Galvis,agente,persona,,,,,artista,2,catalogo_personas,
p.2238,Boris Zaplatil,agente,persona,,,,,artista,1,catalogo_personas,
p.2239,Carlos Alberto Caicedo,agente,persona,,,,,artista,2,catalogo_personas,
p.2240,Carlos Alberto González,agente,persona,,,,,artista,2,catalogo_personas,
p.2241,Carlos Alberto Peters,agente,persona,,,,,artista,1,catalogo_personas,
p.2242,Carlos Andrés Cruz,agente,persona,,,,,artista,1,catalogo_personas,
p.2243,Carlos Cruz Boix,agente,persona,,,,,artista,1,catalogo_personas,
p.2244,Carlos Eduardo Santa,agente,persona,,,,,artista,1,catalogo_personas,
p.2245,Carlos Enrique Hoyos,agente,persona,,,,,artista,1,catalogo_personas,
p.2246,Carlos Evandro Jardim,agente,persona,,,,,artista,1,catalogo_personas,
p.2247,Carlos Fernando Gómez,agente,persona,,,,,artista,1,catalogo_personas,
p.2248,Carlos Fernando Quintero,agente,persona,,,,,artista,1,catalogo_personas,
p.2249,Carlos José Alfonzo,agente,persona,,,,,artista,1,catalogo_personas,
p.2251,Carol Shannon Hsu,agente,persona,,,,,artista,1,catalogo_personas,
p.2252,Caroline M Byard,agente,persona,,,,,artista,1,catalogo_personas,
p.2253,Charmion Von Weigand,agente,persona,,,,,artista,1,catalogo_personas,
p.2254,Chasper Otto Melcher,agente,persona,,,,,artista,1,catalogo_personas,
p.2255,Chen Chi Kwan,agente,persona,,,,,artista,1,catalogo_personas,
p.2256,Christian de Portzamparc,agente,persona,,,,,artista,1,catalogo_personas,
p.2258,Claudia Patricia Sarria,agente,persona,,,,,artista,2,catalogo_personas,
p.2259,Daniel Romero Lozano,agente,persona,,,,,artista,1,catalogo_personas,
p.2261,Delia del Carril,agente,persona,,,,,artista,1,catalogo_personas,
p.2262,Diana Galindo Giraldo,agente,persona,,,,,artista,1,catalogo_personas,
p.2264,Diego Fernando Morales,agente,persona,,,,,artista,1,catalogo_personas,
p.2265,Dino Di Rosa,agente,persona,,,,,artista,1,catalogo_personas,
p.2266,Domingo Moreno Otero,agente,persona,,,,,artista,1,catalogo_personas,
p.2268,Edouard de Jongh,agente,persona,,,,,artista,1,catalogo_personas,
p.2269,Eduardo Martínez Bachs,agente,persona,,,,,artista,1,catalogo_personas,
p.2270,Eduardo Muñoz Bachs,agente,persona,,,,,artista,2,catalogo_personas,
p.2271,Edward de Large,agente,persona,,,,,artista,1,catalogo_personas,
p.2272,Roberto Rosario,agente,persona,,,,,artista,1,catalogo_personas,
p.2273,Elda Di Malio,agente,persona,,,,,artista,1,catalogo_personas,
p.2274,Elisa Elvira Zuloaga,agente,persona,,,,,artista,1,catalogo_personas,
p.2275,Enrique Pérez Triana,agente,persona,,,,,artista,1,catalogo_personas,
p.2276,Ernest Ludwing Kirchner,agente,persona,,,,,artista,1,catalogo_personas,
p.2277,Ernesto García Peña,agente,persona,,,,,artista,1,catalogo_personas,
p.2278,Ernesto González Puig,agente,persona,,,,,artista,2,catalogo_personas,
p.2279,Erwin Guillermo de León,agente,persona,,,,,artista,1,catalogo_personas,
p.2280,Fabio Antonio Ramírez,agente,persona,,,,,artista,2,catalogo_personas,
p.2281,Fernando Martínez Orozco,agente,persona,,,,,artista,1,catalogo_personas,
p.2282,Fernando Martínez Sanabria,agente,persona,,,,,artista,1,catalogo_personas,
p.2283,Florencia de Amesti,agente,persona,,,,,artista,1,catalogo_personas,
p.2284,Francis de Jongh,agente,persona,,,,,artista,1,catalogo_personas,
p.2285,Francisco Antonio Cano,agente,persona,,,,,artista,2,catalogo_personas,
p.2286,Francisco Antonio Roda Zea,agente,persona,,,,,artista,1,catalogo_personas,
p.2287,Francisco de Goya,agente,persona,,,,,artista,1,catalogo_personas,
p.2288,Francisco J. Gámez,agente,persona,,,,,artista,1,catalogo_personas,
p.2289,Francisco Javier Smythe,agente,persona,,,,,artista,2,catalogo_personas,
p.2290,Gabriel Fernández Ledesma,agente,persona,,,,,artista,1,catalogo_personas,
p.2291,Gabriel Suárez Bayona,agente,persona,,,,,artista,1,catalogo_personas,
p.2292,Gabrio Tosti Di Valminuta,agente,persona,,,,,artista,1,catalogo_personas,
p.2293,Georg Karl Pfahier,agente,persona,,,,,artista,1,catalogo_personas,
p.2294,Gerardo González Álvarez,agente,persona,,,,,artista,1,catalogo_personas,
p.2295,Giorgio de Chirico,agente,persona,,,,,artista,1,catalogo_personas,
p.2296,Giovanna De Sanctis,agente,persona,,,,,artista,1,catalogo_personas,
p.2297,Gloria Cecilia Matallana,agente,persona,,,,,artista,1,catalogo_personas,
p.2298,Gloria de Arellano,agente,persona,,,,,artista,1,catalogo_personas,
p.2299,Gloria Estela Arriaga,agente,persona,,,,,artista,1,catalogo_personas,
p.2300,Gloria Isabel Arango,agente,persona,,,,,artista,1,catalogo_personas,
p.2301,González Ruiz & Asoc.,agente,persona,,,,,artista,1,catalogo_personas,
p.2302,Graciela Samper de Bermúdez,agente,persona,,,,,artista,2,catalogo_personas,
p.2303,Gregorio Vásquez de Arce,agente,persona,,,,,artista,1,catalogo_personas,
p.2304,Guillermo Pérez Villalta,agente,persona,,,,,artista,1,catalogo_personas,
p.2305,Gustavo Adolfo González,agente,persona,,,,,artista,1,catalogo_personas,
p.2306,Gustavo Gómez Casallas,agente,persona,,,,,artista,2,catalogo_personas,
p.2307,Gustavo López Armentía,agente,persona,,,,,artista,1,catalogo_personas,
p.2308,Héctor Contte Pau,agente,persona,,,,,artista,1,catalogo_personas,
p.2309,Héctor Fabio Oviedo,agente,persona,,,,,artista,2,catalogo_personas,
p.2310,Héctor Martínez Cala,agente,persona,,,,,artista,1,catalogo_personas,
p.2311,Heloisa María Pini,agente,persona,,,,,artista,1,catalogo_personas,
p.2312,Henrique Leo Fuhro,agente,persona,,,,,artista,2,catalogo_personas,
p.2313,Henry Saúl Gil,agente,persona,,,,,artista,1,catalogo_personas,
p.2314,Hermana Mary Corita,agente,persona,,,,,artista,1,catalogo_personas,
p.2315,Hernán Darío Correa,agente,persona,,,,,artista,1,catalogo_personas,
p.2316,Hernán Darío Santos,agente,persona,,,,,artista,1,catalogo_personas,
p.2317,Hiroko Stato Pijanowski,agente,persona,,,,,artista,1,catalogo_personas,
p.2318,Hosrt Egon Kalinowski,agente,persona,,,,,artista,1,catalogo_personas,
p.2319,Hugo Andrade Londoño,agente,persona,,,,,artista,1,catalogo_personas,
p.2320,Hugo de Marziani,agente,persona,,,,,artista,1,catalogo_personas,
p.2321,Isabel Cuervo Casabianca,agente,persona,,,,,artista,1,catalogo_personas,
p.2322,Iván Darío Roldán,agente,persona,,,,,artista,1,catalogo_personas,
p.2323,J. Wolfgang Beck,agente,persona,,,,,artista,1,catalogo_personas,
p.2324,Jaime López Correa,agente,persona,,,,,artista,2,catalogo_personas,
p.2325,James E. Newton,agente,persona,,,,,artista,1,catalogo_personas,
p.2326,Jan Van Leeuwen,agente,persona,,,,,artista,1,catalogo_personas,
p.2327,Jaune Quick-To-See Smith,agente,persona,,,,,artista,1,catalogo_personas,
p.2328,Javier de María Campos,agente,persona,,,,,artista,1,catalogo_personas,
p.2329,Javier Iván Barrios,agente,persona,,,,,artista,1,catalogo_personas,
p.2330,Jean Rene Jerome,agente,persona,,,,,artista,1,catalogo_personas,
p.2331,Jesus María Espinoza,agente,persona,,,,,artista,1,catalogo_personas,
p.2332,Jesús Ruiz Durán,agente,persona,,,,,artista,1,catalogo_personas,
p.2333,Joan Fraerman Binkley,agente,persona,,,,,artista,1,catalogo_personas,
p.2334,Joan Hernández Pijuán,agente,persona,,,,,artista,1,catalogo_personas,
p.2335,Joao Camara Filho,agente,persona,,,,,artista,1,catalogo_personas,
p.2336,Joao de Barros,agente,persona,,,,,artista,1,catalogo_personas,
p.2337,Joao Roberto Nascimento,agente,persona,,,,,artista,1,catalogo_personas,
p.2338,Johann Baptiste Isenring,agente,persona,,,,,artista,1,catalogo_personas,
p.2339,John Edward González,agente,persona,,,,,artista,2,catalogo_personas,
p.2341,John Michael Armleder,agente,persona,,,,,artista,1,catalogo_personas,
p.2342,John Thomas Biggers,agente,persona,,,,,artista,1,catalogo_personas,
p.2343,Joke Van Ommen,agente,persona,,,,,artista,1,catalogo_personas,
p.2344,Jorge Elías Triana,agente,persona,,,,,artista,2,catalogo_personas,
p.2345,Jorge Enrique Madriñán,agente,persona,,,,,artista,2,catalogo_personas,
p.2346,Jorge Luis de la Vega,agente,persona,,,,,artista,1,catalogo_personas,
p.2347,Jorge Mario Gómez,agente,persona,,,,,artista,2,catalogo_personas,
p.2348,Jorge Mario Múnera,agente,persona,,,,,artista,1,catalogo_personas,
p.2349,José Alejandro Restrepo,agente,persona,,,,,artista|curador,3,catalogo_personas,
p.2350,José Antonio Díaz,agente,persona,,,,,artista,1,catalogo_personas,
p.2351,José Antonio Franco,agente,persona,,,,,artista,1,catalogo_personas,
p.2353,José Antonio Torres,agente,persona,,,,,artista,2,catalogo_personas,
p.2354,José Clemente Rodríguez,agente,persona,,,,,artista,1,catalogo_personas,
p.2355,José Contino,agente,persona,,,,,artista,1,catalogo_personas,
p.2356,José de Rokha,agente,persona,,,,,artista,1,catalogo_personas,
p.2357,José Domingo Rodríguez,agente,persona,,,,,artista,1,catalogo_personas,
p.2358,José Fernando García,agente,persona,,,,,artista,1,catalogo_personas,
p.2359,José Gómez Fresquet,agente,persona,,,,,artista,1,catalogo_personas,
p.2360,José Luis de Figueroa,agente,persona,,,,,artista,2,catalogo_personas,
p.2361,José Luis Posada,agente,persona,,,,,artista,1,catalogo_personas,
p.2362,José Luis Rochet,agente,persona,,,,,artista,2,catalogo_personas,
p.2363,José Luis Vicent,agente,persona,,,,,artista,1,catalogo_personas,
p.2364,José Luis Yturralde,agente,persona,,,,,artista,1,catalogo_personas,
p.2365,José Manuel Groot,agente,persona,,,,,artista,1,catalogo_personas,
p.2366,José María Vidal,agente,persona,,,,,artista,1,catalogo_personas,
p.2367,José Monjales Soler,agente,persona,,,,,artista,1,catalogo_personas,
p.2368,José Nazario Clároz,agente,persona,,,,,artista,1,catalogo_personas,
p.2369,José Orlando Salgado,agente,persona,,,,,artista,1,catalogo_personas,
p.2370,José R. Alicea,agente,persona,,,,,artista,1,catalogo_personas,
p.2371,Joseph Ross Jr.,agente,persona,,,,,artista,1,catalogo_personas,
p.2372,Juan Alberto Bordalejo,agente,persona,,,,,artista,1,catalogo_personas,
p.2374,Juan Blanco López,agente,persona,,,,,artista,1,catalogo_personas,
p.2375,Juan Carlos Cuadros,agente,persona,,,,,artista,1,catalogo_personas,
p.2376,Juan Carlos Franco,agente,persona,,,,,artista,1,catalogo_personas,
p.2377,Juan Carlos Gómez,agente,persona,,,,,artista,1,catalogo_personas,
p.2378,Juan Carlos Rodríguez,agente,persona,,,,,artista,1,catalogo_personas,
p.2379,Juan Cristóbal Aguilar,agente,persona,,,,,artista,1,catalogo_personas,
p.2380,Juan David Giraldo,agente,persona,,,,,artista,1,catalogo_personas,
p.2381,Juan David Medina,agente,persona,,,,,artista,3,catalogo_personas,
p.2382,Juan Fernando Ordóñez,agente,persona,,,,,artista,1,catalogo_personas,
p.2383,Juan Gómez Quiroz,agente,persona,,,,,artista,2,catalogo_personas,
p.2384,Juan Manuel Caneja,agente,persona,,,,,artista,1,catalogo_personas,
p.2385,Juan Manuel Colombia,agente,persona,,,,,artista,1,catalogo_personas,
p.2386,Juan Manuel Salcedo,agente,persona,,,,,artista,1,catalogo_personas,
p.2387,Juan Miguel Figueroa,agente,persona,,,,,artista,1,catalogo_personas,
p.2388,Juan Pablo Fajardo,agente,persona,,,,,artista|curador,3,catalogo_personas,
p.2389,Juan Pablo Renzi,agente,persona,,,,,artista,1,catalogo_personas,
p.2390,Juan Ramón Giraldo,agente,persona,,,,,artista,1,catalogo_personas,
p.2391,Juan Ramón Velásquez,agente,persona,,,,,artista,2,catalogo_personas,
p.2392,Juan Vázquez Martin,agente,persona,,,,,artista,1,catalogo_personas,
p.2393,Julia de Quintero,agente,persona,,,,,artista,1,catalogo_personas,
p.2394,Julián Eduardo Posada,agente,persona,,,,,artista,1,catalogo_personas,
p.2395,Julio Abel Sánchez,agente,persona,,,,,artista,1,catalogo_personas,
p.2396,Julio Micheli Lebrón,agente,persona,,,,,artista,1,catalogo_personas,
p.2397,Keith Alan Lewis,agente,persona,,,,,artista,1,catalogo_personas,
p.2398,Klaus Peter Brehmer,agente,persona,,,,,artista,1,catalogo_personas,
p.2399,Lambert María Wintersberger,agente,persona,,,,,artista,1,catalogo_personas,
p.2400,Lee N. Smith III,agente,persona,,,,,artista,1,catalogo_personas,
p.2401,Lino Eneas Spilinbergo,agente,persona,,,,,artista,1,catalogo_personas,
p.2402,Luis Alberto Acuña,agente,persona,,,,,artista,2,catalogo_personas,
p.2403,Luis Eduardo Garzón Flórez,agente,persona,,,,,artista,2,catalogo_personas,
p.2404,Luis Eduardo Mondragón,agente,persona,,,,,artista,4,catalogo_personas,
p.2405,Luis Eduardo Ricaurte,agente,persona,,,,,artista,1,catalogo_personas,
p.2406,Luis F. Benedit,agente,persona,,,,,artista,1,catalogo_personas,
p.2407,Luis F. Noé,agente,persona,,,,,artista,1,catalogo_personas,
p.2408,Luis Fernando García,agente,persona,,,,,artista,1,catalogo_personas,
p.2409,Luis Fernando Mejía,agente,persona,,,,,artista,1,catalogo_personas,
p.2410,Luis Fernando Puerta,agente,persona,,,,,artista,1,catalogo_personas,
p.2411,Luis Fernando Rodríguez,agente,persona,,,,,artista,1,catalogo_personas,
p.2412,Luis Fernando Sepúlveda,agente,persona,,,,,artista,1,catalogo_personas,
p.2413,Luis Fernando Uribe,agente,persona,,,,,artista,1,catalogo_personas,
p.2414,Luis Fernando Valencia,agente,persona,,,,,artista,3,catalogo_personas,
p.2415,Luis J. Gutiérrez,agente,persona,,,,,artista,1,catalogo_personas,
p.2416,Luis Miguel Valdés,agente,persona,,,,,artista,2,catalogo_personas,
p.2417,Luis Núñez Borda,agente,persona,,,,,artista,1,catalogo_personas,
p.2418,Luiz Aquila da Rocha,agente,persona,,,,,artista,1,catalogo_personas,
p.2419,Luz Ángela Echeverri,agente,persona,,,,,artista,1,catalogo_personas,
p.2420,Lydia Mabel Rubli,agente,persona,,,,,artista,1,catalogo_personas,
p.2421,Maia Lúcia Luz,agente,persona,,,,,artista,1,catalogo_personas,
p.2422,Manuel Cardona Bolaños,agente,persona,,,,,artista,1,catalogo_personas,
p.2423,Manuel de los Ríos,agente,persona,,,,,artista,1,catalogo_personas,
p.2424,Manuel Guillermo Cantor,agente,persona,,,,,artista,2,catalogo_personas,
p.2425,Manuel López Oliva,agente,persona,,,,,artista,1,catalogo_personas,
p.2426,Manuel Mora Molina,agente,persona,,,,,artista,1,catalogo_personas,
p.2427,Marc David Levine,agente,persona,,,,,artista,1,catalogo_personas,
p.2428,Márcia Barrozo do Amaral,agente,persona,,,,,artista,2,catalogo_personas,
p.2429,Margarita Lozano Ortiz,agente,persona,,,,,artista,1,catalogo_personas,
p.2430,María Ángela Guzman,agente,persona,,,,,artista,1,catalogo_personas,
p.2432,María Cristina Aragón,agente,persona,,,,,artista,1,catalogo_personas,
p.2433,María Cristina Franco,agente,persona,,,,,artista,2,catalogo_personas,
p.2434,María Cristina Gómez,agente,persona,,,,,artista,1,catalogo_personas,
p.2435,María Cristina Hernández,agente,persona,,,,,artista,1,catalogo_personas,
p.2436,María Cristina Rodríguez,agente,persona,,,,,artista,1,catalogo_personas,
p.2437,María Cristina Silva,agente,persona,,,,,artista,1,catalogo_personas,
p.2438,María del Carmen Espinoza,agente,persona,,,,,artista,2,catalogo_personas,
p.2439,María del Pilar Rodríguez,agente,persona,,,,,artista,1,catalogo_personas,
p.2440,María do Carmo Secco,agente,persona,,,,,artista,1,catalogo_personas,
p.2441,María Dolores Garcés,agente,persona,,,,,artista,1,catalogo_personas,
p.2442,María Elena Bernal,agente,persona,,,,,artista,3,catalogo_personas,
p.2443,María Elena Molinari,agente,persona,,,,,artista,1,catalogo_personas,
p.2444,María Eugenia Duque,agente,persona,,,,,artista,2,catalogo_personas,
p.2445,María Eugenia Somoza,agente,persona,,,,,artista,1,catalogo_personas,
p.2446,María Fernanda Cardoso,agente,persona,,,,,artista,4,catalogo_personas,
p.2447,María Gabriela Borrero,agente,persona,,,,,artista,1,catalogo_personas,
p.2448,María Isabel Rueda,agente,persona,,,,,artista,2,catalogo_personas,
p.2449,María Luisa Andino,agente,persona,,,,,artista,3,catalogo_personas,
p.2450,María Luisa Pacheco,agente,persona,,,,,artista,2,catalogo_personas,
p.2451,María Mercedes Ángel,agente,persona,,,,,artista,1,catalogo_personas,
p.2452,María Teresa Cano,agente,persona,,,,,artista,4,catalogo_personas,
p.2453,María Teresa de Patiño,agente,persona,,,,,artista,1,catalogo_personas,
p.2454,María Teresa Pardo,agente,persona,,,,,artista,1,catalogo_personas,
p.2455,María Tomaselli Cirne,agente,persona,,,,,artista,2,catalogo_personas,
p.2457,María Victoria Durán,agente,persona,,,,,artista,2,catalogo_personas,
p.2458,María Vitoria Porras,agente,persona,,,,,artista,1,catalogo_personas,
p.2459,Maríana de Prieto,agente,persona,,,,,artista,1,catalogo_personas,
p.2460,Maríanne Eigenheer,agente,persona,,,,,artista,1,catalogo_personas,
p.2461,Marie Jose Gardere,agente,persona,,,,,artista,1,catalogo_personas,
p.2462,Marino Santa María,agente,persona,,,,,artista,1,catalogo_personas,
p.2463,Marry Lee Hu,agente,persona,,,,,artista,1,catalogo_personas,
p.2464,Martha Elena Vélez,agente,persona,,,,,artista,1,catalogo_personas,
p.2465,Maruja de Rengifo,agente,persona,,,,,artista,1,catalogo_personas,
p.2467,Mary Ann Scherr,agente,persona,,,,,artista,1,catalogo_personas,
p.2468,Mary Anne Vaughan,agente,persona,,,,,artista,1,catalogo_personas,
p.2469,Max Eugen Mathys,agente,persona,,,,,artista,1,catalogo_personas,
p.2470,Mercedes Amelia Escobar,agente,persona,,,,,artista,1,catalogo_personas,
p.2471,Michel Vandame Blond,agente,persona,,,,,artista,1,catalogo_personas,
p.2472,Miguel Ángel Espinoza,agente,persona,,,,,artista,1,catalogo_personas,
p.2473,Miguel Antonio Castillo,agente,persona,,,,,artista,1,catalogo_personas,
p.2474,Miguel Ángel Cardenas,agente,persona,,,,,artista,1,catalogo_personas,
p.2475,Miguel Torres Méndez,agente,persona,,,,,artista,1,catalogo_personas,
p.2476,Modesto Braulio Flórez,agente,persona,,,,,artista,1,catalogo_personas,
p.2477,Mohan B. Samant,agente,persona,,,,,artista,1,catalogo_personas,
p.2479,Noemí de Greiff,agente,persona,,,,,artista,1,catalogo_personas,
p.2480,Norman La Liberte,agente,persona,,,,,artista,1,catalogo_personas,
p.2481,Olga de Amaral,agente,persona,,,,,artista,10,catalogo_personas,
p.2482,Olga Lucia Garcia,agente,persona,,,,,artista,1,catalogo_personas,
p.2483,Óscar Andrés Becerra,agente,persona,,,,,artista,1,catalogo_personas,
p.2484,Óscar Dante Larroca,agente,persona,,,,,artista,1,catalogo_personas,
p.2485,Pat Martin Bates,agente,persona,,,,,artista,1,catalogo_personas,
p.2487,Patricio Reig Isaacs,agente,persona,,,,,artista,1,catalogo_personas,
p.2488,Paulo Guilherme Paes,agente,persona,,,,,artista,1,catalogo_personas,
p.2489,Paulo Roberto Leal,agente,persona,,,,,artista,2,catalogo_personas,
p.2490,Paulo Tibirica de Andrade,agente,persona,,,,,artista,1,catalogo_personas,
p.2491,Pedro Millar Mardones,agente,persona,,,,,artista,1,catalogo_personas,
p.2492,Peter W. Milton,agente,persona,,,,,artista,1,catalogo_personas,
p.2493,Piry de Patiño,agente,persona,,,,,artista,2,catalogo_personas,
p.2494,Pucci de Rossi,agente,persona,,,,,artista,1,catalogo_personas,
p.2495,Quesniaux,agente,persona,,,,,artista,1,catalogo_personas,
p.2496,Rafael Rivera Rosa,agente,persona,,,,,artista,1,catalogo_personas,
p.2497,Raúl Santos Serpa,agente,persona,,,,,artista,1,catalogo_personas,
p.2498,Raúl Sotelo Sotomayor,agente,persona,,,,,artista,1,catalogo_personas,
p.2499,René Azcuy Cárdenas,agente,persona,,,,,artista,1,catalogo_personas,
p.2500,René de la Nuez,agente,persona,,,,,artista,2,catalogo_personas,
p.2501,René Valdes Cedeño,agente,persona,,,,,artista,1,catalogo_personas,
p.2502,Ricardo Raúl Ceville,agente,persona,,,,,artista,1,catalogo_personas,
p.2504,Robert Lee Morris,agente,persona,,,,,artista,1,catalogo_personas,
p.2505,Robert Wayne Eastcott,agente,persona,,,,,artista,1,catalogo_personas,
p.2506,Rodrigo Valencia Quijano,agente,persona,,,,,artista,1,catalogo_personas,
p.2507,Rogelio López Marín,agente,persona,,,,,artista,1,catalogo_personas,
p.2508,Rogelio Rodríguez Cobas,agente,persona,,,,,artista,1,catalogo_personas,
p.2509,Roger von Gunten,agente,persona,,,,,artista,2,catalogo_personas,
p.2510,Rolando López de Uribe,agente,persona,,,,,artista,1,catalogo_personas,
p.2511,Rómulo Polo Flórez,agente,persona,,,,,artista,4,catalogo_personas,
p.2512,Rosa de Viterbo,agente,persona,,,,,artista,1,catalogo_personas,
p.2513,Roy De Forest,agente,persona,,,,,artista,1,catalogo_personas,
p.2514,Rubem Campos Grillo,agente,persona,,,,,artista,1,catalogo_personas,
p.2515,Rusell K. Leong,agente,persona,,,,,artista,1,catalogo_personas,
p.2516,Sandra de González,agente,persona,,,,,artista,1,catalogo_personas,
p.2517,Sandra Parmer Zilker,agente,persona,,,,,artista,1,catalogo_personas,
p.2518,Sarah Valerie Gersovitz,agente,persona,,,,,artista,1,catalogo_personas,
p.2519,Sebastían Antonio Matta,agente,persona,,,,,artista,1,catalogo_personas,
p.2520,Sergio de Campos Mello,agente,persona,,,,,artista,1,catalogo_personas,
p.2521,Sergio González Tornero,agente,persona,,,,,artista,3,catalogo_personas,
p.2522,Sergio Trujillo Dávila,agente,persona,,,,,artista,1,catalogo_personas,
p.2523,Sergio Trujillo Jaramillo,agente,persona,,,,,artista|curador,3,catalogo_personas,
p.2524,Sergio Trujillo Magnenat,agente,persona,,,,,artista,1,catalogo_personas,
p.2525,Setephan Charles Allendort,agente,persona,,,,,artista,1,catalogo_personas,
p.2526,Sheilla de Breteville,agente,persona,,,,,artista,1,catalogo_personas,
p.2527,Sherry De Leon,agente,persona,,,,,artista,1,catalogo_personas,
p.2528,Sonia de Zúñiga,agente,persona,,,,,artista,1,catalogo_personas,
p.2530,Stephanie E. Pogue,agente,persona,,,,,artista,1,catalogo_personas,
p.2531,Susan Webster Lowry,agente,persona,,,,,artista,1,catalogo_personas,
p.2532,Teófilo do Espiritu Santo,agente,persona,,,,,artista,1,catalogo_personas,
p.2533,Tsai Wen Yin,agente,persona,,,,,artista,1,catalogo_personas,
p.2534,Urs Joaquín Schmid,agente,persona,,,,,artista,1,catalogo_personas,
p.2535,Uzuelle de Morais,agente,persona,,,,,artista,1,catalogo_personas,
p.2536,Vera Chaves Barcellos,agente,persona,,,,,artista,1,catalogo_personas,
p.2537,W. Lee Savage,agente,persona,,,,,artista,1,catalogo_personas,
p.2538,Walter de María,agente,persona,,,,,artista,1,catalogo_personas,
p.2539,Washigton Eduardo Iza,agente,persona,,,,,artista,1,catalogo_personas,
p.2540,William John Laing,agente,persona,,,,,artista,1,catalogo_personas,
p.2541,Zaida del Río,agente,persona,,,,,artista,1,catalogo_personas,
p.2542,Zipacná de León,agente,persona,,,,,artista,1,catalogo_personas,
p.2544,Emilio Antonio Nejem,agente,persona,,,,,apoyo,1,catalogo_personas,
p.2545,Mario Laserna,agente,persona,,,,,apoyo,1,catalogo_personas,
p.2546,Ruly Vargas,agente,persona,,,,,apoyo,1,catalogo_personas,
p.2547,Soffy Arboleda de Vega,agente,persona,,,,,apoyo|curador,2,catalogo_personas,
p.2548,Sofía de Urdinola,agente,persona,,,,,apoyo,1,catalogo_personas,
p.2549,Luis Eduardo Tobón,agente,persona,,,,,artista,1,catalogo_personas,
p.2550,María Sol Barón,agente,persona,,,,,curador,1,catalogo_personas,
p.2551,Camilo Ordóñez Robayo,agente,persona,,,,,curador,1,catalogo_personas,
p.2552,3 Libras,agente,persona,,,,,artista,1,catalogo_personas,
p.2553,Alex Rodríguez,agente,persona,,,,,artista,4,catalogo_personas,
p.2554,Abraham Games,agente,persona,,,,,artista,1,catalogo_personas,
p.2555,Aceneiba Sanches,agente,persona,,,,,artista,1,catalogo_personas,
p.2556,Adalberto  Ceballos,agente,persona,,,,,artista,1,catalogo_personas,
p.2557,Adele Röder,agente,persona,,,,,artista,1,catalogo_personas,
p.2558,Adolfo Riestra,agente,persona,,,,,artista,1,catalogo_personas,
p.2559,Adrián Gaitán,agente,persona,,,,,artista,4,catalogo_personas,
p.2560,Adriana Martínez,agente,persona,,,,,artista,1,catalogo_personas,
p.2561,Adriana Pérez,agente,persona,,,,,artista,1,catalogo_personas,
p.2562,Adriana Salazar,agente,persona,,,,,artista,1,catalogo_personas,
p.2563,Adriano Moreno,agente,persona,,,,,artista,1,catalogo_personas,
p.2565,Alberto Cogno,agente,persona,,,,,artista,1,catalogo_personas,
p.2566,Alberto De Michele,agente,persona,,,,,artista,1,catalogo_personas,
p.2567,Alberto Lezaca,agente,persona,,,,,artista,1,catalogo_personas,
p.2568,Alejandra Gutiérrez,agente,persona,,,,,artista,2,catalogo_personas,
p.2569,Alejandra Rincón,agente,persona,,,,,artista,1,catalogo_personas,
p.2570,Alejandro Mancera,agente,persona,,,,,artista,1,catalogo_personas,
p.2571,Alejandro Vasquez,agente,persona,,,,,artista,1,catalogo_personas,
p.2572,Alfonso Castillo,agente,persona,,,,,artista,1,catalogo_personas,
p.2573,Alfonso Mateus,agente,persona,,,,,artista,1,catalogo_personas,
p.2574,Allen Jones,agente,persona,,,,,artista,1,catalogo_personas,
p.2575,Almeida Gilberto,agente,persona,,,,,artista,1,catalogo_personas,
p.2576,Almir Mavignier,agente,persona,,,,,artista,1,catalogo_personas,
p.2577,Alvaro Hurtado,agente,persona,,,,,artista,1,catalogo_personas,
p.2578,Alvaro Vanegas,agente,persona,,,,,artista,1,catalogo_personas,
p.2579,Ámbar Aboharb,agente,persona,,,,,artista,1,catalogo_personas,
p.2580,Amy Franceschini,agente,persona,,,,,artista,1,catalogo_personas,
p.2581,Ana María Villate,agente,persona,,,,,artista,1,catalogo_personas,
p.2582,Ana Salas,agente,persona,,,,,artista,1,catalogo_personas,
p.2583,Andrade C. V.,agente,persona,,,,,artista,1,catalogo_personas,
p.2584,André Parente,agente,persona,,,,,artista,1,catalogo_personas,
p.2585,Andrea Acosta,agente,persona,,,,,artista,1,catalogo_personas,
p.2586,Andrea Echeverri,agente,persona,,,,,artista,1,catalogo_personas,
p.2587,Andrea Rey,agente,persona,,,,,artista,3,catalogo_personas,
p.2588,Andrea Said Camargo,agente,persona,,,,,artista,1,catalogo_personas,
p.2589,Andreas Dress,agente,persona,,,,,artista,1,catalogo_personas,
p.2590,Andrés Felipe Uribe,agente,persona,,,,,artista,1,catalogo_personas,
p.2591,Ángel Beccassino,agente,persona,,,,,artista,1,catalogo_personas,
p.2592,Ángel Ricardo,agente,persona,,,,,artista,1,catalogo_personas,
p.2593,Angela Baena,agente,persona,,,,,artista,2,catalogo_personas,
p.2594,Ángela María Ramirez,agente,persona,,,,,artista,1,catalogo_personas,
p.2595,Angeles Fabri,agente,persona,,,,,artista,1,catalogo_personas,
p.2596,Angélica Castro,agente,persona,,,,,artista,2,catalogo_personas,
p.2597,Angélica María Ramírez,agente,persona,,,,,artista,1,catalogo_personas,
p.2598,Anna María Botero,agente,persona,,,,,artista,1,catalogo_personas,
p.2599,Annette Kelm,agente,persona,,,,,artista,1,catalogo_personas,
p.2601,Antje Majewski,agente,persona,,,,,artista,1,catalogo_personas,
p.2602,Antonio Roda,agente,persona,,,,,artista,1,catalogo_personas,
p.2603,Antonio Saggese,agente,persona,,,,,artista,1,catalogo_personas,
p.2604,Antonio Ungar,agente,persona,,,,,artista,1,catalogo_personas,
p.2605,Antonio Yemail,agente,persona,,,,,artista,1,catalogo_personas,
p.2606,Arley Fernando Fernández Ortiz,agente,persona,,,,,artista,1,catalogo_personas,
p.2607,Armin Hoffmann,agente,persona,,,,,artista,1,catalogo_personas,
p.2608,Armin Linke,agente,persona,,,,,artista,1,catalogo_personas,
p.2609,Arno Mohr,agente,persona,,,,,artista,1,catalogo_personas,
p.2610,Arno Rink,agente,persona,,,,,artista,1,catalogo_personas,
p.2611,Arturo Arcila Uribe,agente,persona,,,,,artista,1,catalogo_personas,
p.2612,Arturo García Bustos,agente,persona,,,,,artista,1,catalogo_personas,
p.2613,Aubrey Beardsley,agente,persona,,,,,artista,1,catalogo_personas,
p.2614,Avi Mograbi,agente,persona,,,,,artista,1,catalogo_personas,
p.2615,Bernard Cohen,agente,persona,,,,,artista,1,catalogo_personas,
p.2616,Bernhard Heisig,agente,persona,,,,,artista,1,catalogo_personas,
p.2617,Betsabé Romero,agente,persona,,,,,artista,1,catalogo_personas,
p.2618,Boada,agente,persona,,,,,artista,1,catalogo_personas,
p.2619,Boris Pérez,agente,persona,,,,,artista,2,catalogo_personas,
p.2620,Boris Viskin,agente,persona,,,,,artista,1,catalogo_personas,
p.2621,Breyner Huertas,agente,persona,,,,,artista|curador,4,catalogo_personas,
p.2622,Bridget Riley,agente,persona,,,,,artista,1,catalogo_personas,
p.2623,Bruno Serralongue,agente,persona,,,,,artista,1,catalogo_personas,
p.2624,Bruno Zeppilli,agente,persona,,,,,artista,1,catalogo_personas,
p.2625,Bustamante,agente,persona,,,,,artista,1,catalogo_personas,
p.2626,Camila Echevarría & Michael Gavish,agente,persona,,,,,artista,1,catalogo_personas,
p.2627,Camila Rodríguez,agente,persona,,,,,artista,2,catalogo_personas,
p.2628,Camilo Aguilera,agente,persona,,,,,artista,1,catalogo_personas,
p.2629,Camilo Aguirre,agente,persona,,,,,artista,1,catalogo_personas,
p.2630,Camilo Restrepo,agente,persona,,,,,artista,2,catalogo_personas,
p.2631,Camilo Velásquez,agente,persona,,,,,artista,1,catalogo_personas,
p.2632,Carla Rippey,agente,persona,,,,,artista,1,catalogo_personas,
p.2633,Carlos Arturo Zuñiga,agente,persona,,,,,artista,1,catalogo_personas,
p.2634,Carlos Augusto Arcila Castillo,agente,persona,,,,,artista,1,catalogo_personas,
p.2635,Carlos Castro,agente,persona,,,,,artista,1,catalogo_personas,
p.2636,Carlos Fadon,agente,persona,,,,,artista,1,catalogo_personas,
p.2637,Carlos Jacanamijoy,agente,persona,,,,,artista,1,catalogo_personas,
p.2638,Carlos Motta,agente,persona,,,,,artista,2,catalogo_personas,
p.2639,Carlos Ortega,agente,persona,,,,,artista,1,catalogo_personas,
p.2640,Carlos Pineda,agente,persona,,,,,artista,1,catalogo_personas,
p.2641,Carlos Tamayo,agente,persona,,,,,artista|curador,2,catalogo_personas,
p.2642,Carmen Sofia Reyes,agente,persona,,,,,artista,1,catalogo_personas,
p.2643,Carolina Ángel Idrobo,agente,persona,,,,,artista,1,catalogo_personas,
p.2644,Carolina Caicedo,agente,persona,,,,,artista,1,catalogo_personas,
p.2645,Carolina Ruiz,agente,persona,,,,,artista,2,catalogo_personas,
p.2647,Catálina Toro,agente,persona,,,,,artista,1,catalogo_personas,
p.2648,Ceballo J.,agente,persona,,,,,artista,1,catalogo_personas,
p.2649,Cecile Hartmann,agente,persona,,,,,artista,1,catalogo_personas,
p.2650,César Del Valle,agente,persona,,,,,artista,1,catalogo_personas,
p.2651,César Torres,agente,persona,,,,,artista,1,catalogo_personas,
p.2652,Charlie Dubbe,agente,persona,,,,,artista,1,catalogo_personas,
p.2653,Cisco Jiménez,agente,persona,,,,,artista,1,catalogo_personas,
p.2654,Clarisse Hahn,agente,persona,,,,,artista,1,catalogo_personas,
p.2655,Clemencia Poveda,agente,persona,,,,,artista,1,catalogo_personas,
p.2656,Clemens von Wedemeyer,agente,persona,,,,,artista,1,catalogo_personas,
p.2657,Cluck Close,agente,persona,,,,,artista,1,catalogo_personas,
p.2658,Coco Fusco,agente,persona,,,,,artista,1,catalogo_personas,
p.2659,Coello F.,agente,persona,,,,,artista,1,catalogo_personas,
p.2660,Colectivo Autoart,agente,persona,,,,,artista,1,catalogo_personas,
p.2661,Colectivo Incinerante,agente,persona,,,,,artista,1,catalogo_personas,
p.2662,Colectivo LTTR,agente,persona,,,,,artista,1,catalogo_personas,
p.2663,Colectivo NN,agente,persona,,,,,artista,1,catalogo_personas,
p.2664,Colectivo Producciones Invisibles,agente,persona,,,,,artista,1,catalogo_personas,
p.2665,Colectivo Sector Reforma,agente,persona,,,,,artista,1,catalogo_personas,
p.2666,Colin Self,agente,persona,,,,,artista,1,catalogo_personas,
p.2667,Comando Libre S-II,agente,persona,,,,,artista,1,catalogo_personas,
p.2668,Cortéz G.,agente,persona,,,,,artista,1,catalogo_personas,
p.2669,Cristiam Fajardo,agente,persona,,,,,artista,1,catalogo_personas,
p.2670,Cynthia Capriata,agente,persona,,,,,artista,1,catalogo_personas,
p.2671,Cyprien Gaillard,agente,persona,,,,,artista,1,catalogo_personas,
p.2672,Danh Vo,agente,persona,,,,,artista,1,catalogo_personas,
p.2673,Dani Gal,agente,persona,,,,,artista,1,catalogo_personas,
p.2674,Daniel Escobar,agente,persona,,,,,artista,1,catalogo_personas,
p.2675,Danilo Di Preti,agente,persona,,,,,artista,1,catalogo_personas,
p.2677,Dash Shaw,agente,persona,,,,,artista,1,catalogo_personas,
p.2678,Dash/Lab,agente,persona,,,,,artista,1,catalogo_personas,
p.2679,David Morán,agente,persona,,,,,artista,1,catalogo_personas,
p.2680,Dayhana Muñoz,agente,persona,,,,,artista,1,catalogo_personas,
p.2681,Dayro Carrasquilla,agente,persona,,,,,artista,1,catalogo_personas,
p.2682,Delo Lindo,agente,persona,,,,,artista,1,catalogo_personas,
p.2683,Diana Cristina Flores Reina,agente,persona,,,,,artista,1,catalogo_personas,
p.2684,Diana Lasso,agente,persona,,,,,artista,2,catalogo_personas,
p.2685,Diana Saldarriaga,agente,persona,,,,,artista,1,catalogo_personas,
p.2686,Díaz R.,agente,persona,,,,,artista,1,catalogo_personas,
p.2687,Diego Hernández,agente,persona,,,,,artista,3,catalogo_personas,
p.2688,Diego León Hoyos,agente,persona,,,,,artista,1,catalogo_personas,
p.2689,Diego Morales,agente,persona,,,,,artista,1,catalogo_personas,
p.2690,Diego Sarmiento,agente,persona,,,,,artista,1,catalogo_personas,
p.2691,Dulce María Núñez,agente,persona,,,,,artista,1,catalogo_personas,
p.2692,E. Goemann,agente,persona,,,,,artista,1,catalogo_personas,
p.2693,E. McKnight Kauffer,agente,persona,,,,,artista,1,catalogo_personas,
p.2695,Edinson Quiñones,agente,persona,,,,,artista,1,catalogo_personas,
p.2696,Eduardo Motato,agente,persona,,,,,artista,1,catalogo_personas,
p.2697,Eduardo Paolozzi,agente,persona,,,,,artista,1,catalogo_personas,
p.2698,Eduardo Terrazas & Lance Wyman,agente,persona,,,,,artista,1,catalogo_personas,
p.2699,Eduardo Tokeshi,agente,persona,,,,,artista,1,catalogo_personas,
p.2700,Edwin Monsalve,agente,persona,,,,,artista,1,catalogo_personas,
p.2701,Ejti Stih,agente,persona,,,,,artista,1,catalogo_personas,
p.2702,Ela Spalding,agente,persona,,,,,artista,1,catalogo_personas,
p.2703,Eleonora Carrington,agente,persona,,,,,artista,1,catalogo_personas,
p.2704,Elisa Gomez,agente,persona,,,,,artista,1,catalogo_personas,
p.2705,Emilia Uribe de Mejía,agente,persona,,,,,artista,1,catalogo_personas,
p.2706,Endara Joaquín,agente,persona,,,,,artista,1,catalogo_personas,
p.2707,Epifanio Garay,agente,persona,,,,,artista,1,catalogo_personas,
p.2708,Éricka Flórez,agente,persona,,,,,artista|curador,5,catalogo_personas,
p.2709,Erik Nitsche,agente,persona,,,,,artista,1,catalogo_personas,
p.2710,Erling Ericsson,agente,persona,,,,,artista,1,catalogo_personas,
p.2711,Ernesto Bertani,agente,persona,,,,,artista,1,catalogo_personas,
p.2712,Ernesto Recuero,agente,persona,,,,,artista,1,catalogo_personas,
p.2713,Esteban López,agente,persona,,,,,artista,2,catalogo_personas,
p.2714,Esteban Peña,agente,persona,,,,,artista,2,catalogo_personas,
p.2715,Esteban Rivera,agente,persona,,,,,artista,1,catalogo_personas,
p.2716,Eva Vent,agente,persona,,,,,artista,1,catalogo_personas,
p.2717,Evandro Teixeira,agente,persona,,,,,artista,1,catalogo_personas,
p.2718,Evelyn Soto Gabino,agente,persona,,,,,artista,1,catalogo_personas,
p.2719,Eyder Wilson Ul Ascue,agente,persona,,,,,artista,1,catalogo_personas,
p.2720,F. H. K. Henrion,agente,persona,,,,,artista,1,catalogo_personas,
p.2721,Fabio Melecio Palacios,agente,persona,,,,,artista,2,catalogo_personas,
p.2722,Fabio Rodriguez Amaya,agente,persona,,,,,artista,1,catalogo_personas,
p.2723,Falko Behrendt,agente,persona,,,,,artista,1,catalogo_personas,
p.2724,Federico Guzmán,agente,persona,,,,,artista,1,catalogo_personas,
p.2725,Felipe Paz,agente,persona,,,,,artista,1,catalogo_personas,
p.2726,Fernando Casto Pacheco,agente,persona,,,,,artista,1,catalogo_personas,
p.2727,Fernando Olivella,agente,persona,,,,,artista,2,catalogo_personas,
p.2728,Fernando Pareja & Leidy Chávez,agente,persona,,,,,artista,2,catalogo_personas,
p.2729,Fernando Pertuz,agente,persona,,,,,artista,2,catalogo_personas,
p.2730,Fernando Salazar,agente,persona,,,,,artista,1,catalogo_personas,
p.2732,Figueroa J.,agente,persona,,,,,artista,1,catalogo_personas,
p.2734,Francisco Camacho,agente,persona,,,,,artista,1,catalogo_personas,
p.2735,Francisco J. Jaramillo,agente,persona,,,,,artista,1,catalogo_personas,
p.2736,Francisco Liu,agente,persona,,,,,artista,1,catalogo_personas,
p.2737,Francisco Ospina Bernal,agente,persona,,,,,artista,1,catalogo_personas,
p.2739,Francisco Todó,agente,persona,,,,,artista,1,catalogo_personas,
p.2740,Francisco Toquica,agente,persona,,,,,artista,1,catalogo_personas,
p.2741,François Bucher,agente,persona,,,,,artista,2,catalogo_personas,
p.2743,Freddy Barbosa,agente,persona,,,,,artista,1,catalogo_personas,
p.2744,Frederic Chastro,agente,persona,,,,,artista,1,catalogo_personas,
p.2745,Fredy Quinayas,agente,persona,,,,,artista,1,catalogo_personas,
p.2746,Fritz Cremer,agente,persona,,,,,artista,1,catalogo_personas,
p.2747,Fritz Seifert,agente,persona,,,,,artista,1,catalogo_personas,
p.2748,Froylán Ruiz,agente,persona,,,,,artista,1,catalogo_personas,
p.2749,Fundación dos mundos,agente,persona,,,,,artista,1,catalogo_personas,
p.2750,Future Farmers,agente,persona,,,,,artista,1,catalogo_personas,
p.2751,G. A. Garrrido,agente,persona,,,,,artista,1,catalogo_personas,
p.2752,Gabriel de la Mora,agente,persona,,,,,artista,1,catalogo_personas,
p.2753,Gabriel Ossa,agente,persona,,,,,artista,1,catalogo_personas,
p.2754,García Alex,agente,persona,,,,,artista,1,catalogo_personas,
p.2755,Gaston Ugalde,agente,persona,,,,,artista,1,catalogo_personas,
p.2756,Georges Braque,agente,persona,,,,,artista,1,catalogo_personas,
p.2757,Gertrudis Goldschmidt,agente,persona,,,,,artista,1,catalogo_personas,
p.2758,Gil Ibarra L.,agente,persona,,,,,artista,1,catalogo_personas,
p.2759,Gilberto Aceves Navarro,agente,persona,,,,,artista,1,catalogo_personas,
p.2760,Gilda Mantilla,agente,persona,,,,,artista,1,catalogo_personas,
p.2761,Giles Saussier,agente,persona,,,,,artista,1,catalogo_personas,
p.2762,Gillian Ayres,agente,persona,,,,,artista,1,catalogo_personas,
p.2763,Gilma Suárez,agente,persona,,,,,artista,1,catalogo_personas,
p.2764,Gina Arizpe,agente,persona,,,,,artista,1,catalogo_personas,
p.2765,Glauco Rodriguez,agente,persona,,,,,artista,1,catalogo_personas,
p.2766,Gloria Martinez,agente,persona,,,,,artista,1,catalogo_personas,
p.2767,Gómez de la Torre,agente,persona,,,,,artista,1,catalogo_personas,
p.2768,Gordon House,agente,persona,,,,,artista,1,catalogo_personas,
p.2769,Graciela Iturbode,agente,persona,,,,,artista,1,catalogo_personas,
p.2770,Gregorio Vázquez y Ceballos,agente,persona,,,,,artista,1,catalogo_personas,
p.2771,Grupo Nómada,agente,persona,,,,,artista,1,catalogo_personas,
p.2772,Guayasamin Oswaldo,agente,persona,,,,,artista,1,catalogo_personas,
p.2773,Guillermo Calzadilla,agente,persona,,,,,artista,1,catalogo_personas,
p.2774,Guillermo Gómez Peña,agente,persona,,,,,artista,1,catalogo_personas,
p.2775,Guilles Charalambos,agente,persona,,,,,artista,1,catalogo_personas,
p.2776,Gustav Henri Jossot,agente,persona,,,,,artista,1,catalogo_personas,
p.2777,Gustavo Niño,agente,persona,,,,,artista,1,catalogo_personas,
p.2778,Gustavo Toro,agente,persona,,,,,artista,1,catalogo_personas,
p.2779,Harold Cohen,agente,persona,,,,,artista,1,catalogo_personas,
p.2780,Harold Orlando Rodriguez,agente,persona,,,,,artista,1,catalogo_personas,
p.2781,Héctor de Anda,agente,persona,,,,,artista,1,catalogo_personas,
p.2782,Hector Ulloque,agente,persona,,,,,artista,1,catalogo_personas,
p.2783,Héctor Wiesner García,agente,persona,,,,,artista,1,catalogo_personas,
p.2784,Helmut Federle,agente,persona,,,,,artista,1,catalogo_personas,
p.2785,Henri de Toulouse-Lautrec,agente,persona,,,,,artista,1,catalogo_personas,
p.2786,Henrik Olesen,agente,persona,,,,,artista,1,catalogo_personas,
p.2787,Henry Salazar,agente,persona,,,,,artista,2,catalogo_personas,
p.2788,Herbert Leupin,agente,persona,,,,,artista,1,catalogo_personas,
p.2789,Herbert Sandberg,agente,persona,,,,,artista,1,catalogo_personas,
p.2790,Herlyng Ferla,agente,persona,,,,,artista|curador,5,catalogo_personas,
p.2791,Hermann Yusty,agente,persona,,,,,artista|curador,3,catalogo_personas,
p.2792,Hernán Barón,agente,persona,,,,,artista,1,catalogo_personas,
p.2793,Hernán Braum-Vega,agente,persona,,,,,artista,1,catalogo_personas,
p.2794,Hugo Denizart,agente,persona,,,,,artista,1,catalogo_personas,
p.2795,Humberto Junca,agente,persona,,,,,artista,1,catalogo_personas,
p.2796,Humberto Polar,agente,persona,,,,,artista,1,catalogo_personas,
p.2797,Ignacio Espla,agente,persona,,,,,artista,1,catalogo_personas,
p.2798,Ilva Posse de Gomez,agente,persona,,,,,artista,1,catalogo_personas,
p.2799,Imana Garrón,agente,persona,,,,,artista,1,catalogo_personas,
p.2800,Inés Gaitán,agente,persona,,,,,artista,1,catalogo_personas,
p.2801,Inu Waters,agente,persona,,,,,artista,1,catalogo_personas,
p.2802,Irene Balas,agente,persona,,,,,artista,1,catalogo_personas,
p.2803,Irene Fuga,agente,persona,,,,,artista,1,catalogo_personas,
p.2804,Irma Constanzo,agente,persona,,,,,artista,1,catalogo_personas,
p.2805,Isabel Moreno,agente,persona,,,,,artista,1,catalogo_personas,
p.2806,Isabella Suárez,agente,persona,,,,,artista,1,catalogo_personas,
p.2807,Isable de Obaldia,agente,persona,,,,,artista,1,catalogo_personas,
p.2808,Iván Argote,agente,persona,,,,,artista,1,catalogo_personas,
p.2809,Ivan Chermayeff & Thomas Geismar,agente,persona,,,,,artista,1,catalogo_personas,
p.2810,Iván Morales,agente,persona,,,,,artista,1,catalogo_personas,
p.2811,Iván Tovar,agente,persona,,,,,artista|curador,2,catalogo_personas,
p.2812,Jaime Ávila Ferrer,agente,persona,,,,,artista,1,catalogo_personas,
p.2813,Jaime Romero,agente,persona,,,,,artista,1,catalogo_personas,
p.2814,Jairo Pinilla,agente,persona,,,,,artista,1,catalogo_personas,
p.2815,Jairo Téllez,agente,persona,,,,,artista,1,catalogo_personas,
p.2816,James Montgomery Flagg,agente,persona,,,,,artista,1,catalogo_personas,
p.2817,Jan Lenica,agente,persona,,,,,artista,1,catalogo_personas,
p.2818,Javier Arévalo,agente,persona,,,,,artista,1,catalogo_personas,
p.2819,Javier de la Garza,agente,persona,,,,,artista,1,catalogo_personas,
p.2820,Javier Humberto Cruz Góngora,agente,persona,,,,,artista,1,catalogo_personas,
p.2821,Javier Marín,agente,persona,,,,,artista,1,catalogo_personas,
p.2822,Javier Morales,agente,persona,,,,,artista,1,catalogo_personas,
p.2823,Jean Dubuffet,agente,persona,,,,,artista,1,catalogo_personas,
p.2824,Jean Luc Moulene,agente,persona,,,,,artista,1,catalogo_personas,
p.2825,Jean-Marc Bustamante,agente,persona,,,,,artista,1,catalogo_personas,
p.2826,Jennifer Allora,agente,persona,,,,,artista,1,catalogo_personas,
p.2827,Jennifer Peñaloza Dulcey,agente,persona,,,,,artista,1,catalogo_personas,
p.2828,Jenny Jaramillo,agente,persona,,,,,artista,1,catalogo_personas,
p.2829,Jesús Abad Colorado,agente,persona,,,,,artista,2,catalogo_personas,
p.2830,Jesús Urbieta,agente,persona,,,,,artista,1,catalogo_personas,
p.2831,Jhon Freddy Cardona,agente,persona,,,,,artista,1,catalogo_personas,
p.2832,Jim Pluk,agente,persona,,,,,artista,1,catalogo_personas,
p.2833,Jim Stoten,agente,persona,,,,,artista,1,catalogo_personas,
p.2834,Joachim Jansong,agente,persona,,,,,artista,1,catalogo_personas,
p.2835,Joachim John,agente,persona,,,,,artista,1,catalogo_personas,
p.2836,Joaquín Gutiérrez,agente,persona,,,,,artista,1,catalogo_personas,
p.2837,Joe Tilson,agente,persona,,,,,artista,1,catalogo_personas,
p.2838,Jonathan Zabriskie,agente,persona,,,,,artista,1,catalogo_personas,
p.2839,Joni B,agente,persona,,,,,artista,1,catalogo_personas,
p.2840,Jorge Caballero,agente,persona,,,,,artista,1,catalogo_personas,
p.2841,Jorge Echeverry,agente,persona,,,,,artista,1,catalogo_personas,
p.2842,Jorge Hernan González,agente,persona,,,,,artista,1,catalogo_personas,
p.2844,Jorge Mora,agente,persona,,,,,artista,1,catalogo_personas,
p.2846,Jorge R. Nuñez,agente,persona,,,,,artista,1,catalogo_personas,
p.2847,José Antonio Dorado,agente,persona,,,,,artista,1,catalogo_personas,
p.2848,José Antonio Quintero,agente,persona,,,,,artista,1,catalogo_personas,
p.2851,José Leonilson,agente,persona,,,,,artista,1,catalogo_personas,
p.2853,José Reyes Meza,agente,persona,,,,,artista,1,catalogo_personas,
p.2854,Josefina de Hoyos,agente,persona,,,,,artista,1,catalogo_personas,
p.2855,Juan Andrés Posada Jaramillo,agente,persona,,,,,artista,1,catalogo_personas,
p.2856,Juan Carlos Distéfano & Rubén Fontana & Carlos Soler,agente,persona,,,,,artista,1,catalogo_personas,
p.2857,Juan David Velásquez,agente,persona,,,,,artista,1,catalogo_personas,
p.2858,Juan Fernando Herrán,agente,persona,,,,,artista,1,catalogo_personas,
p.2859,Juan Fernando Toro,agente,persona,,,,,artista,2,catalogo_personas,
p.2860,Juan Guillermo Restrepo,agente,persona,,,,,artista,1,catalogo_personas,
p.2861,Juan Guillermo Tamayo,agente,persona,,,,,artista,2,catalogo_personas,
p.2862,Juan Martín Rico,agente,persona,,,,,artista,1,catalogo_personas,
p.2863,Juan Pablo Marín,agente,persona,,,,,artista,1,catalogo_personas,
p.2864,Juan Pablo Ríos,agente,persona,,,,,artista,1,catalogo_personas,
p.2865,Juan Peláez,agente,persona,,,,,artista,1,catalogo_personas,
p.2866,Juan Raúl Hoyos,agente,persona,,,,,artista,1,catalogo_personas,
p.2867,Juan Zamora,agente,persona,,,,,artista,1,catalogo_personas,
p.2868,Juca Martins,agente,persona,,,,,artista,1,catalogo_personas,
p.2869,Judi Werthein,agente,persona,,,,,artista,1,catalogo_personas,
p.2870,Juergen Schieferdecker,agente,persona,,,,,artista,1,catalogo_personas,
p.2871,Jules Cheret,agente,persona,,,,,artista,1,catalogo_personas,
p.2873,Juliana Guevara,agente,persona,,,,,artista,1,catalogo_personas,
p.2874,Juliano Ventura,agente,persona,,,,,artista,1,catalogo_personas,
p.2875,Julien Creuzet,agente,persona,,,,,artista,1,catalogo_personas,
p.2876,Jutta Koether,agente,persona,,,,,artista,1,catalogo_personas,
p.2877,Kabaret Machine,agente,persona,,,,,artista,1,catalogo_personas,
p.2878,Kara Walker,agente,persona,,,,,artista,1,catalogo_personas,
p.2879,Karl Gerstner,agente,persona,,,,,artista,1,catalogo_personas,
p.2880,Karl-Georg Hirsch,agente,persona,,,,,artista,1,catalogo_personas,
p.2881,Katherin Gómez,agente,persona,,,,,artista,1,catalogo_personas,
p.2882,Katia Maciel,agente,persona,,,,,artista,1,catalogo_personas,
p.2883,Kerstin Brätsch,agente,persona,,,,,artista,1,catalogo_personas,
p.2884,Kevin Mancera,agente,persona,,,,,artista,1,catalogo_personas,
p.2885,Kim Manresa,agente,persona,,,,,artista,1,catalogo_personas,
p.2886,Kingmann Eduardo,agente,persona,,,,,artista,1,catalogo_personas,
p.2887,Kristian Gavoille,agente,persona,,,,,artista,1,catalogo_personas,
p.2888,La Silueta,agente,persona,,,,,artista,1,catalogo_personas,
p.2889,La virgen del milagro producciones,agente,persona,,,,,artista,1,catalogo_personas,
p.2890,Laagencia,agente,persona,,,,,artista,1,catalogo_personas,
p.2891,Laboratorio artístico Chocó,agente,persona,,,,,artista,1,catalogo_personas,
p.2892,Las Malas Amistades,agente,persona,,,,,artista,1,catalogo_personas,
p.2893,Laura Lucía Peña Escobar,agente,persona,,,,,artista,1,catalogo_personas,
p.2894,Leandra Plaza,agente,persona,,,,,artista,2,catalogo_personas,
p.2895,Leo Lionni,agente,persona,,,,,artista,1,catalogo_personas,
p.2896,Leon Trujillo,agente,persona,,,,,artista,1,catalogo_personas,
p.2897,Leonardo Amador,agente,persona,,,,,artista,1,catalogo_personas,
p.2898,Leonardo López,agente,persona,,,,,artista,1,catalogo_personas,
p.2899,Leonor Alvarez,agente,persona,,,,,artista,1,catalogo_personas,
p.2900,Leonor Barrero de Garcia.,agente,persona,,,,,artista,1,catalogo_personas,
p.2901,Lester Beall,agente,persona,,,,,artista,1,catalogo_personas,
p.2902,Lilia Yepes,agente,persona,,,,,artista,1,catalogo_personas,
p.2903,Liliana Angulo,agente,persona,,,,,artista,1,catalogo_personas,
p.2904,Liliana Cabrera,agente,persona,,,,,artista,1,catalogo_personas,
p.2905,Liliana Díaz,agente,persona,,,,,artista,1,catalogo_personas,
p.2906,Liliana Estrada,agente,persona,,,,,artista,1,catalogo_personas,
p.2907,Liliana Sánchez,agente,persona,,,,,artista,1,catalogo_personas,
p.2908,Lina Sánchez Calderón,agente,persona,,,,,artista,1,catalogo_personas,
p.2909,Lisseth Balcázar,agente,persona,,,,,artista,1,catalogo_personas,
p.2910,Lizeth Fernanda Figueroa Cruz,agente,persona,,,,,artista,1,catalogo_personas,
p.2911,lngo Arnold,agente,persona,,,,,artista,1,catalogo_personas,
p.2912,Loan Nguyen,agente,persona,,,,,artista,1,catalogo_personas,
p.2913,Lorena Espitia,agente,persona,,,,,artista,2,catalogo_personas,
p.2914,Lorena Marín,agente,persona,,,,,artista,1,catalogo_personas,
p.2915,Los Lichis,agente,persona,,,,,artista,1,catalogo_personas,
p.2917,Luis Carlos Barrios,agente,persona,,,,,artista,1,catalogo_personas,
p.2918,Luis Carlos Felizardo,agente,persona,,,,,artista,1,catalogo_personas,
p.2919,Luis E. Cruz,agente,persona,,,,,artista,1,catalogo_personas,
p.2920,Luis Echavarría,agente,persona,,,,,artista,1,catalogo_personas,
p.2921,Luis Fernando López,agente,persona,,,,,artista,1,catalogo_personas,
p.2922,Luis Molina-Pantin,agente,persona,,,,,artista,1,catalogo_personas,
p.2923,Luis Nichizawa,agente,persona,,,,,artista,1,catalogo_personas,
p.2924,Luis Ricaurte,agente,persona,,,,,artista|curador,2,catalogo_personas,
p.2926,Luisa Sossa,agente,persona,,,,,artista,1,catalogo_personas,
p.2927,M. M. Mosquera,agente,persona,,,,,artista,1,catalogo_personas,
p.2928,Magola Arango Mejia,agente,persona,,,,,artista,1,catalogo_personas,
p.2929,Manuel Guerrero,agente,persona,,,,,artista,1,catalogo_personas,
p.2931,Manuel Romero,agente,persona,,,,,artista,1,catalogo_personas,
p.2932,Manuel Ruiz Montealegre,agente,persona,,,,,artista,1,catalogo_personas,
p.2933,Marc Vaux,agente,persona,,,,,artista,1,catalogo_personas,
p.2934,Marcela Gómez,agente,persona,,,,,artista,3,catalogo_personas,
p.2935,Marcela Quiroga,agente,persona,,,,,artista,1,catalogo_personas,
p.2936,Marcelo Aguirre,agente,persona,,,,,artista,1,catalogo_personas,
p.2937,Marcia Valladares,agente,persona,,,,,artista,1,catalogo_personas,
p.2938,Margarita Betancourt,agente,persona,,,,,artista,1,catalogo_personas,
p.2939,María Angélica Madero,agente,persona,,,,,artista,1,catalogo_personas,
p.2940,Maria Cristina Pavia,agente,persona,,,,,artista,1,catalogo_personas,
p.2941,María Juliana Soto,agente,persona,,,,,artista,1,catalogo_personas,
p.2942,María Mercedes Salgado,agente,persona,,,,,artista,1,catalogo_personas,
p.2943,María Paola Sánchez,agente,persona,,,,,artista,1,catalogo_personas,
p.2944,Maria Teresa Guerrero,agente,persona,,,,,artista|curador,2,catalogo_personas,
p.2945,María Thereza de patiño,agente,persona,,,,,artista,1,catalogo_personas,
p.2946,María Victoria Salcedo,agente,persona,,,,,artista,1,catalogo_personas,
p.2947,Mariana Castillo Deball,agente,persona,,,,,artista,1,catalogo_personas,
p.2948,Mariana Murcia,agente,persona,,,,,artista,1,catalogo_personas,
p.2949,Marilaura Cajar,agente,persona,,,,,artista,1,catalogo_personas,
p.2950,Mario Carvo Neto,agente,persona,,,,,artista,1,catalogo_personas,
p.2951,Mario Fernando Camargo Gómez,agente,persona,,,,,artista,1,catalogo_personas,
p.2952,Mario Machado,agente,persona,,,,,artista,1,catalogo_personas,
p.2953,Maritza López,agente,persona,,,,,artista,1,catalogo_personas,
p.2954,Mark Lancaster,agente,persona,,,,,artista,1,catalogo_personas,
p.2955,Marta Plazas,agente,persona,,,,,artista,1,catalogo_personas,
p.2956,Martha Combariza,agente,persona,,,,,artista,1,catalogo_personas,
p.2957,Martha Jamín Giraldo Castaño,agente,persona,,,,,artista,1,catalogo_personas,
p.2958,Massimo Vignelli & Heinz Waibl,agente,persona,,,,,artista,1,catalogo_personas,
p.2959,Matali Crasset,agente,persona,,,,,artista,1,catalogo_personas,
p.2960,Mateo Rivano,agente,persona,,,,,artista,1,catalogo_personas,
p.2962,Matthieu Laurette,agente,persona,,,,,artista,1,catalogo_personas,
p.2963,Mauricio Carmona,agente,persona,,,,,artista,1,catalogo_personas,
p.2964,Mauricio Corradini,agente,persona,,,,,artista,1,catalogo_personas,
p.2965,Mauro Colombo,agente,persona,,,,,artista,1,catalogo_personas,
p.2966,Melisa Saavedra Gil,agente,persona,,,,,artista,1,catalogo_personas,
p.2967,Memo Bejarano,agente,persona,,,,,artista,1,catalogo_personas,
p.2968,Mguel Ángel Rojas,agente,persona,,,,,artista,1,catalogo_personas,
p.2969,Michael Meyer,agente,persona,,,,,artista,1,catalogo_personas,
p.2970,Michelle Szejner,agente,persona,,,,,artista,1,catalogo_personas,
p.2971,Miguel Antonio Lozano,agente,persona,,,,,artista,1,catalogo_personas,
p.2973,Miguel Castro Leñero,agente,persona,,,,,artista,1,catalogo_personas,
p.2974,Miguel Rio Barco,agente,persona,,,,,artista,1,catalogo_personas,
p.2975,Miguel Tejada,agente,persona,,,,,artista,1,catalogo_personas,
p.2976,Miky Calero,agente,persona,,,,,artista,1,catalogo_personas,
p.2977,Milton Glaser & Seymour Chwast,agente,persona,,,,,artista,1,catalogo_personas,
p.2978,Modern Mamboys,agente,persona,,,,,artista,1,catalogo_personas,
p.2979,Mónica Calderón,agente,persona,,,,,artista,1,catalogo_personas,
p.2980,Mónica de Llano,agente,persona,,,,,artista,1,catalogo_personas,
p.2982,More'H,agente,persona,,,,,artista,1,catalogo_personas,
p.2983,Nadia Granados,agente,persona,,,,,artista,1,catalogo_personas,
p.2984,Nahúm B. Zenil,agente,persona,,,,,artista,1,catalogo_personas,
p.2985,Nair Benedicto,agente,persona,,,,,artista,1,catalogo_personas,
p.2986,Nairy Baghramian,agente,persona,,,,,artista,1,catalogo_personas,
p.2987,Nan Goldin,agente,persona,,,,,artista,1,catalogo_personas,
p.2988,Nancy Wilson Pajic,agente,persona,,,,,artista,1,catalogo_personas,
p.2989,Nasan Tur,agente,persona,,,,,artista,1,catalogo_personas,
p.2990,Natalia Castañeda,agente,persona,,,,,artista,1,catalogo_personas,
p.2991,Natalia Correa,agente,persona,,,,,artista,1,catalogo_personas,
p.2992,Natalia Pipicano,agente,persona,,,,,artista,1,catalogo_personas,
p.2993,Natalia Santa,agente,persona,,,,,artista,1,catalogo_personas,
p.2994,Nathalie Spitia,agente,persona,,,,,artista,1,catalogo_personas,
p.2995,Nelson Guzmán,agente,persona,,,,,artista,1,catalogo_personas,
p.2996,Nestor Franco aka Bagual,agente,persona,,,,,artista,1,catalogo_personas,
p.2997,Nestor Gutiérrez,agente,persona,,,,,artista,1,catalogo_personas,
p.2999,Nicolás Cadavid,agente,persona,,,,,artista,1,catalogo_personas,
p.3000,Nicolás González,agente,persona,,,,,artista,1,catalogo_personas,
p.3001,Nicolás Leguizamón,agente,persona,,,,,artista,1,catalogo_personas,
p.3002,Nicolás Moreno,agente,persona,,,,,artista,1,catalogo_personas,
p.3003,Nini Bautista,agente,persona,,,,,artista,2,catalogo_personas,
p.3004,Nini Johana,agente,persona,,,,,artista,1,catalogo_personas,
p.3005,Nora Schultz,agente,persona,,,,,artista,1,catalogo_personas,
p.3006,NU,agente,persona,,,,,artista,1,catalogo_personas,
p.3007,Nuria Quevedo,agente,persona,,,,,artista,1,catalogo_personas,
p.3008,Omaira Abadía,agente,persona,,,,,artista,1,catalogo_personas,
p.3010,Orgun Wagua,agente,persona,,,,,artista,1,catalogo_personas,
p.3011,Orlando Rojas,agente,persona,,,,,artista,1,catalogo_personas,
p.3012,Óscar Castellanos,agente,persona,,,,,artista,1,catalogo_personas,
p.3013,Óscar Leone,agente,persona,,,,,artista,1,catalogo_personas,
p.3014,Oscar Narvaez,agente,persona,,,,,artista,1,catalogo_personas,
p.3015,Oscar Salzar,agente,persona,,,,,artista,1,catalogo_personas,
p.3016,Oskar Kokoschka,agente,persona,,,,,artista,1,catalogo_personas,
p.3017,Pablo Besse,agente,persona,,,,,artista,1,catalogo_personas,
p.3018,Paola Tafur,agente,persona,,,,,artista,2,catalogo_personas,
p.3019,Parménides Meneses Anganoy,agente,persona,,,,,artista,1,catalogo_personas,
p.3020,Pastaza León,agente,persona,,,,,artista,1,catalogo_personas,
p.3021,Patricia Ayala,agente,persona,,,,,artista,1,catalogo_personas,
p.3022,Patricia Mariaca,agente,persona,,,,,artista,1,catalogo_personas,
p.3023,Patricia Vega,agente,persona,,,,,artista,1,catalogo_personas,
p.3024,Patricia Verón,agente,persona,,,,,artista,1,catalogo_personas,
p.3025,Patrick Caulfield,agente,persona,,,,,artista,1,catalogo_personas,
p.3026,Patty Elvira,agente,persona,,,,,artista,1,catalogo_personas,
p.3027,Paul Arias Silvia,agente,persona,,,,,artista,1,catalogo_personas,
p.3028,Paulo Licona,agente,persona,,,,,artista,1,catalogo_personas,
p.3029,Pedro Rivera,agente,persona,,,,,artista,1,catalogo_personas,
p.3030,Peter Gee,agente,persona,,,,,artista,1,catalogo_personas,
p.3031,Peter Max,agente,persona,,,,,artista,1,catalogo_personas,
p.3032,Peter Phillips,agente,persona,,,,,artista,1,catalogo_personas,
p.3033,Peter Sedgley,agente,persona,,,,,artista,1,catalogo_personas,
p.3034,Philippe Starck,agente,persona,,,,,artista,1,catalogo_personas,
p.3035,Pierre Pinoncelli,agente,persona,,,,,artista,1,catalogo_personas,
p.3036,Pilar Flores,agente,persona,,,,,artista,1,catalogo_personas,
p.3038,Powerpaola,agente,persona,,,,,artista,3,catalogo_personas,
p.3039,Precarius Tecnológicus,agente,persona,,,,,artista,1,catalogo_personas,
p.3040,Prins Martjin,agente,persona,,,,,artista,1,catalogo_personas,
p.3041,Proyecto Dies,agente,persona,,,,,artista,1,catalogo_personas,
p.3042,Proyecto Medusa,agente,persona,,,,,artista,1,catalogo_personas,
p.3043,Radi,agente,persona,,,,,artista,1,catalogo_personas,
p.3044,Rafael Alvarez Salas,agente,persona,,,,,artista,1,catalogo_personas,
p.3045,Rafael Borrero Vergara,agente,persona,,,,,artista,1,catalogo_personas,
p.3046,Raimond Chaves,agente,persona,,,,,artista,1,catalogo_personas,
p.3047,Rainer Herold,agente,persona,,,,,artista,1,catalogo_personas,
p.3048,Raúl Anguiano,agente,persona,,,,,artista,1,catalogo_personas,
p.3049,Raúl Fernández Calleja,agente,persona,,,,,artista,1,catalogo_personas,
p.3050,Rembrandt,agente,persona,,,,,artista,1,catalogo_personas,
p.3051,Rened Varona,agente,persona,,,,,artista,1,catalogo_personas,
p.3052,Ricardo Acevedo Bernal,agente,persona,,,,,artista,1,catalogo_personas,
p.3053,Ricardo Antonio Ruiz,agente,persona,,,,,artista,1,catalogo_personas,
p.3054,Ricardo Martínez,agente,persona,,,,,artista,1,catalogo_personas,
p.3055,Richard Bravo,agente,persona,,,,,artista,1,catalogo_personas,
p.3056,Richard Hamilton,agente,persona,,,,,artista,1,catalogo_personas,
p.3057,Richard Linder,agente,persona,,,,,artista,1,catalogo_personas,
p.3058,Richard P. Lohse & Marlene Bruber,agente,persona,,,,,artista,1,catalogo_personas,
p.3059,Rina Lazo,agente,persona,,,,,artista,1,catalogo_personas,
p.3060,Robert Friedmann,agente,persona,,,,,artista,1,catalogo_personas,
p.3061,Robert Gretczko & Charles Zimmerman,agente,persona,,,,,artista,1,catalogo_personas,
p.3062,Roberto Valcarcel,agente,persona,,,,,artista,1,catalogo_personas,
p.3063,Robyn Denny,agente,persona,,,,,artista,1,catalogo_personas,
p.3064,Rodolfo Morales,agente,persona,,,,,artista,1,catalogo_personas,
p.3065,Rogelio Salmona,agente,persona,,,,,artista,2,catalogo_personas,
p.3066,Rolf Muenzner,agente,persona,,,,,artista,1,catalogo_personas,
p.3067,Roman Cieslewicz,agente,persona,,,,,artista,1,catalogo_personas,
p.3068,Rosa Sanin Sader,agente,persona,,,,,artista,1,catalogo_personas,
p.3069,Rosario López,agente,persona,,,,,artista,1,catalogo_personas,
p.3070,Rosemarie Gleiser,agente,persona,,,,,artista,1,catalogo_personas,
p.3071,Rubén Mendoza,agente,persona,,,,,artista,1,catalogo_personas,
p.3072,Ruth Bessoudo,agente,persona,,,,,artista,1,catalogo_personas,
p.3073,Samuel Bohórquez,agente,persona,,,,,artista,1,catalogo_personas,
p.3074,Sandra Patricia Navia,agente,persona,,,,,artista,1,catalogo_personas,
p.3075,Santiago Caicedo,agente,persona,,,,,artista,1,catalogo_personas,
p.3076,Santiago Escobar,agente,persona,,,,,artista,1,catalogo_personas,
p.3077,Santiago Harker,agente,persona,,,,,artista,1,catalogo_personas,
p.3078,Santiago Leal,agente,persona,,,,,artista,1,catalogo_personas,
p.3079,Santiago Osorio Medina,agente,persona,,,,,artista,1,catalogo_personas,
p.3080,Santiago Rebolledo,agente,persona,,,,,artista,1,catalogo_personas,
p.3082,Saul Bass,agente,persona,,,,,artista,3,catalogo_personas,
p.3084,Schulz-Neudamm,agente,persona,,,,,artista,1,catalogo_personas,
p.3085,Sebastián,agente,persona,,,,,artista,1,catalogo_personas,
p.3086,Sebastián Fierro,agente,persona,,,,,artista,2,catalogo_personas,
p.3087,Sebastián Martínez,agente,persona,,,,,artista,1,catalogo_personas,
p.3088,Sergio Andrés Zapata,agente,persona,,,,,artista,1,catalogo_personas,
p.3089,Sergio Bartelsman,agente,persona,,,,,artista,1,catalogo_personas,
p.3090,Sergio Hernández,agente,persona,,,,,artista,1,catalogo_personas,
p.3091,Sergio Luis Cerón Muñoz,agente,persona,,,,,artista,1,catalogo_personas,
p.3092,Sergio Vélez,agente,persona,,,,,artista,1,catalogo_personas,
p.3093,Sergio Zapata,agente,persona,,,,,artista,1,catalogo_personas,
p.3094,Silvie Boutiq,agente,persona,,,,,artista,1,catalogo_personas,
p.3095,Simón Hernandez,agente,persona,,,,,artista,1,catalogo_personas,
p.3096,Stephanie López,agente,persona,,,,,artista,1,catalogo_personas,
p.3097,Steven Andrés Ruiz Bello.,agente,persona,,,,,artista,1,catalogo_personas,
p.3098,Stinkfish,agente,persona,,,,,artista,1,catalogo_personas,
p.3099,Susana Casarin,agente,persona,,,,,artista,1,catalogo_personas,
p.3100,Tabara R.,agente,persona,,,,,artista,1,catalogo_personas,
p.3101,Taco F.,agente,persona,,,,,artista,1,catalogo_personas,
p.3102,Tadanori Yokoo.,agente,persona,,,,,artista,1,catalogo_personas,
p.3103,Tatiana Acevedo,agente,persona,,,,,artista,1,catalogo_personas,
p.3104,Tatiana Montoya,agente,persona,,,,,artista,1,catalogo_personas,
p.3105,Tess Jaray,agente,persona,,,,,artista,1,catalogo_personas,
p.3106,Theophile Steinlen,agente,persona,,,,,artista,1,catalogo_personas,
p.3107,Tino Sehgal,agente,persona,,,,,artista,1,catalogo_personas,
p.3108,Tomás López Rocha Ulises Licea,agente,persona,,,,,artista,1,catalogo_personas,
p.3109,Trueba Arenas,agente,persona,,,,,artista,1,catalogo_personas,
p.3110,Tupac Cruz,agente,persona,,,,,artista,1,catalogo_personas,
p.3111,Typozon,agente,persona,,,,,artista,1,catalogo_personas,
p.3112,Valencia J.,agente,persona,,,,,artista,1,catalogo_personas,
p.3113,Vanessa Sandoval,agente,persona,,,,,artista,1,catalogo_personas,
p.3115,Verónica Lehner,agente,persona,,,,,artista,1,catalogo_personas,
p.3117,Victor Albarracín,agente,persona,,,,,artista,1,catalogo_personas,
p.3118,Victor Gaviria,agente,persona,,,,,artista,1,catalogo_personas,
p.3119,Víctor Rodriguez,agente,persona,,,,,artista,1,catalogo_personas,
p.3120,Violeta Ospina,agente,persona,,,,,artista,1,catalogo_personas,
p.3121,Viteri Oswaldo,agente,persona,,,,,artista,1,catalogo_personas,
p.3122,Volker Stelzmann,agente,persona,,,,,artista,1,catalogo_personas,
p.3123,Walter Dexel,agente,persona,,,,,artista,1,catalogo_personas,
p.3124,Wi llem DE Kooning,agente,persona,,,,,artista,1,catalogo_personas,
p.3125,Wilger Sotelo,agente,persona,,,,,artista,1,catalogo_personas,
p.3126,Wilhelm Rudolph,agente,persona,,,,,artista,1,catalogo_personas,
p.3127,Willi Sitte,agente,persona,,,,,artista,1,catalogo_personas,
p.3128,William Bahos,agente,persona,,,,,artista,3,catalogo_personas,
p.3129,William Narváez,agente,persona,,,,,artista,1,catalogo_personas,
p.3130,Wilson Díaz & Juan Mejía,agente,persona,,,,,artista,1,catalogo_personas,
p.3131,Wim Crouwel,agente,persona,,,,,artista,1,catalogo_personas,
p.3132,Wolfgang Mattheuer,agente,persona,,,,,artista,1,catalogo_personas,
p.3133,Ximena Díaz,agente,persona,,,,,artista,1,catalogo_personas,
p.3134,Yang Fudong,agente,persona,,,,,artista,2,catalogo_personas,
p.3135,Yeison Riascos,agente,persona,,,,,artista,1,catalogo_personas,
p.3136,Yezid Campos,agente,persona,,,,,artista,1,catalogo_personas,
p.3137,Yolanda Andrade,agente,persona,,,,,artista,1,catalogo_personas,
p.3138,Yolanda Chois,agente,persona,,,,,artista|curador,2,catalogo_personas,
p.3139,Yorgos Sapountzis,agente,persona,,,,,artista,1,catalogo_personas,
p.3140,Yuki Onodéra,agente,persona,,,,,artista,1,catalogo_personas,
p.3141,Yuri Forero,agente,persona,,,,,artista,2,catalogo_personas,
p.3142,Yury Hernando Forero,agente,persona,,,,,artista,1,catalogo_personas,
p.3143,Yuya González del Real.,agente,persona,,,,,artista,1,catalogo_personas,
p.3144,yuyanapaq,agente,persona,,,,,artista,1,catalogo_personas,
p.3145,Circular presents :Daniel Tejada & Sergio Zapata & David León & Adrián Gaitán,agente,persona,,,,,curador,1,catalogo_personas,
p.3146,Helena Producciones,agente,persona,,,,,curador,1,catalogo_personas,
p.3147,Un Lugar de la Plastica,agente,persona,,,,,curador,5,catalogo_personas,
p.3148,Abraham Restrepo,agente,persona,,,,,curador,1,catalogo_personas,
p.3149,Acklyn Lynch,agente,persona,,,,,curador,1,catalogo_personas,
p.3150,Alberto Moreno,agente,persona,,,,,curador,1,catalogo_personas,
p.3151,Alberto Pérez,agente,persona,,,,,curador,1,catalogo_personas,
p.3152,Alberto Quiroga,agente,persona,,,,,curador,1,catalogo_personas,
p.3153,Alejandro Martín Maldonado,agente,persona,,,,,curador,12,catalogo_personas,
p.3154,Ana María Lozano,agente,persona,,,,,curador,1,catalogo_personas,
p.3155,Ana Sokoloff,agente,persona,,,,,curador,1,catalogo_personas,
p.3156,Andrés Casanova,agente,persona,,,,,curador,1,catalogo_personas,
p.3157,Andrés Pardo,agente,persona,,,,,curador,1,catalogo_personas,
p.3158,Ángela Gómez Cely,agente,persona,,,,,curador,1,catalogo_personas,
p.3159,Ángela Osorio,agente,persona,,,,,curador,2,catalogo_personas,
p.3160,Angelika Stepken,agente,persona,,,,,curador,1,catalogo_personas,
p.3161,Bélgica Rodríguez,agente,persona,,,,,curador,1,catalogo_personas,
p.3162,Bengt Oldenburg,agente,persona,,,,,curador,1,catalogo_personas,
p.3163,Carlos Arturo Fernández,agente,persona,,,,,curador,1,catalogo_personas,
p.3164,Carlos Betancourt,agente,persona,,,,,curador,2,catalogo_personas,
p.3165,Carlos Botero,agente,persona,,,,,curador,1,catalogo_personas,
p.3166,Carlos Jiménez,agente,persona,,,,,curador,2,catalogo_personas,
p.3167,Carlos Niño Murcia,agente,persona,,,,,curador,1,catalogo_personas,
p.3168,Carlos Quintero,agente,persona,,,,,curador,1,catalogo_personas,
p.3169,Carolina Ponce de León,agente,persona,,,,,curador,2,catalogo_personas,
p.3170,Carolina Vanegas,agente,persona,,,,,curador,1,catalogo_personas,
p.3171,Cristo Hoyos,agente,persona,,,,,curador,1,catalogo_personas,
p.3172,Darío Ruiz,agente,persona,,,,,curador,1,catalogo_personas,
p.3173,Diego L. Arango G.,agente,persona,,,,,curador,1,catalogo_personas,
p.3174,Ed Love,agente,persona,,,,,curador,1,catalogo_personas,
p.3175,Eduardo Serrano,agente,persona,,,,,curador,5,catalogo_personas,
p.3176,Elkin Calderón,agente,persona,,,,,curador,1,catalogo_personas,
p.3177,Eugenio Jaramillo,agente,persona,,,,,curador,1,catalogo_personas,
p.3178,Federico Morais,agente,persona,,,,,curador,1,catalogo_personas,
p.3179,Fiorella Gómez-Silva,agente,persona,,,,,curador,1,catalogo_personas,
p.3180,Francisco Ramírez Potes,agente,persona,,,,,curador,4,catalogo_personas,
p.3181,Franz Bader,agente,persona,,,,,curador,1,catalogo_personas,
p.3182,George Smiths,agente,persona,,,,,curador,1,catalogo_personas,
p.3183,Gérard Georges,agente,persona,,,,,curador,1,catalogo_personas,
p.3184,Gerhnard Schack,agente,persona,,,,,curador,1,catalogo_personas,
p.3185,Germán García,agente,persona,,,,,curador,1,catalogo_personas,
p.3186,German Patiño,agente,persona,,,,,curador,1,catalogo_personas,
p.3187,Germán Rubiano Caballero,agente,persona,,,,,curador,2,catalogo_personas,
p.3188,Giancarlo Parodi,agente,persona,,,,,curador,1,catalogo_personas,
p.3189,Gloria Delgado Restrepo,agente,persona,,,,,curador,1,catalogo_personas,
p.3190,Guillermo Vanegas,agente,persona,,,,,curador,2,catalogo_personas,
p.3191,Isabelle de Montfumat,agente,persona,,,,,curador,1,catalogo_personas,
p.3192,Jaime Cerón,agente,persona,,,,,curador,1,catalogo_personas,
p.3193,Jaime Tamayo,agente,persona,,,,,curador,1,catalogo_personas,
p.3194,Javier Gil,agente,persona,,,,,curador,1,catalogo_personas,
p.3195,Javier Mejía,agente,persona,,,,,curador,1,catalogo_personas,
p.3196,Jenny Vilá,agente,persona,,,,,curador,1,catalogo_personas,
p.3197,John Philips,agente,persona,,,,,curador,1,catalogo_personas,
p.3198,Jorge Glusberg,agente,persona,,,,,curador,1,catalogo_personas,
p.3199,Jorge Jaramillo,agente,persona,,,,,curador,2,catalogo_personas,
p.3200,José Roca,agente,persona,,,,,curador,2,catalogo_personas,
p.3201,José Ruiz,agente,persona,,,,,curador,1,catalogo_personas,
p.3202,Juan Alberto Gaviria,agente,persona,,,,,curador,1,catalogo_personas,
p.3203,Juan Rodríguez Varón,agente,persona,,,,,curador,1,catalogo_personas,
p.3204,Juan Sebastián Ramirez,agente,persona,,,,,curador,6,catalogo_personas,
p.3205,Laura Jiménez,agente,persona,,,,,curador,1,catalogo_personas,
p.3206,Laura Puerta,agente,persona,,,,,curador,1,catalogo_personas,
p.3207,Luis Ángel Parra,agente,persona,,,,,curador,1,catalogo_personas,
p.3208,Marc Berkowitz,agente,persona,,,,,curador,1,catalogo_personas,
p.3209,Marc Sagaert,agente,persona,,,,,curador,1,catalogo_personas,
p.3210,María Claudia Parias,agente,persona,,,,,curador,1,catalogo_personas,
p.3211,María Elvira Iriarte,agente,persona,,,,,curador,1,catalogo_personas,
p.3212,María Fernanda Domínguez,agente,persona,,,,,curador,1,catalogo_personas,
p.3213,María Inés Rodríguez,agente,persona,,,,,curador,1,catalogo_personas,
p.3214,María Iovino,agente,persona,,,,,curador,1,catalogo_personas,
p.3215,María Margarita Jiménez,agente,persona,,,,,curador,1,catalogo_personas,
p.3217,María Wills,agente,persona,,,,,curador,3,catalogo_personas,
p.3218,Marta Traba,agente,persona,,,,,curador,1,catalogo_personas,
p.3219,Miguel González,agente,persona,,,,,curador,189,catalogo_personas,
p.3220,Monica Castillo,agente,persona,,,,,curador,1,catalogo_personas,
p.3221,Nancy A. Corwing,agente,persona,,,,,curador,1,catalogo_personas,
p.3222,Nathalia Azuero,agente,persona,,,,,curador,1,catalogo_personas,
p.3223,Oscar Roldán-Alzate,agente,persona,,,,,curador,2,catalogo_personas,
p.3224,Pablo Neruda,agente,persona,,,,,curador,1,catalogo_personas,
p.3225,Philipp Ziegler,agente,persona,,,,,curador,1,catalogo_personas,
p.3226,Piedad Casas de Ballesteros,agente,persona,,,,,curador,1,catalogo_personas,
p.3227,Pierre Courcelles,agente,persona,,,,,curador,1,catalogo_personas,
p.3228,Pieter Bos,agente,persona,,,,,curador,1,catalogo_personas,
p.3229,Rafael Pérez y Pérez,agente,persona,,,,,curador,1,catalogo_personas,
p.3230,Riccardo Giacconi,agente,persona,,,,,curador,3,catalogo_personas,
p.3231,Rosa Perales Piqueres,agente,persona,,,,,curador,1,catalogo_personas,
p.3232,Santiago Samper Trainer,agente,persona,,,,,curador,1,catalogo_personas,
p.3234,Sylvan Cole,agente,persona,,,,,curador,1,catalogo_personas,
p.3235,Talila Greenberg,agente,persona,,,,,curador,1,catalogo_personas,
p.3236,Verónica Wiman,agente,persona,,,,,curador,6,catalogo_personas,
p.3237,Víctor Alcalde,agente,persona,,,,,curador,1,catalogo_personas,
p.3238,Victoria Noorthoorn,agente,persona,,,,,curador,1,catalogo_personas,
p.3239,Waldemar Sommer,agente,persona,,,,,curador,1,catalogo_personas,
p.3240,William Contreras Alfonso,agente,persona,,,,,curador,1,catalogo_personas,
p.3241,Willim Harris,agente,persona,,,,,curador,1,catalogo_personas,
p.3242,Winston Kennedy,agente,persona,,,,,curador,1,catalogo_personas,
p.3243,Yohanna Roa,agente,persona,,,,,curador,2,catalogo_personas,
p.3244,Hacia el Litoral,agente,persona,,,,,apoyo,1,catalogo_personas,
p.3245,Byron López,agente,persona,,,,,apoyo,1,catalogo_personas,
p.3247,Carmen Vargas,agente,persona,,,,,apoyo,1,catalogo_personas,
p.3248,Coleccionistas privados,agente,persona,,,,,apoyo,1,catalogo_personas,
p.3249,Jaime Upegui,agente,persona,,,,,apoyo,1,catalogo_personas,
p.3250,Morgan Marinetti,agente,persona,,,,,apoyo,1,catalogo_personas,
p.3251,Óscar Darío Morales,agente,persona,,,,,apoyo,11,catalogo_personas,
p.3253,Jaime Soto,agente,persona,,,,,presentador,1,catalogo_personas,
p.3254,Alfonso Bonilla Aragón,agente,persona,,,,,presentador,1,catalogo_personas,
p.3255,Emma Alder de Gamboa,agente,persona,,,,,presentador,1,catalogo_personas,
p.3256,José Gers,agente,persona,,,,,presentador,1,catalogo_personas,
p.3257,Octavio Gamboa,agente,persona,,,,,presentador,1,catalogo_personas,
p.3259,Gustavo Camargo,agente,persona,,,,,presentador,1,catalogo_personas,
p.3260,Néstor Sanclemente,agente,persona,,,,,presentador,2,catalogo_personas,
p.3261,José María Capdevila,agente,persona,,,,,presentador,1,catalogo_personas,
p.3262,Óscar Gerardo Ramos,agente,persona,,,,,presentador,2,catalogo_personas,
p.3263,Carlos Garcés Córdoba,agente,persona,,,,,presentador,2,catalogo_personas,
p.3264,José María Vivas Balcázar,agente,persona,,,,,presentador,2,catalogo_personas,
p.3265,Alba Inés Vivas,agente,persona,,,,,presentador,1,catalogo_personas,
p.3266,Lucy Morales,agente,persona,,,,,presentador,1,catalogo_personas,
p.3268,Nicolás Buenaventura,agente,persona,,,,,artista|presentador,2,catalogo_personas,
p.3269,Jaime Correa,agente,persona,,,,,presentador,1,catalogo_personas,
p.3270,Álvaro Navia Monedero,agente,persona,,,,,presentador,1,catalogo_personas,
p.3271,Manuel M. Bendaño,agente,persona,,,,,presentador,1,catalogo_personas,
p.3272,Sacerdote Sendoya,agente,persona,,,,,presentador,1,catalogo_personas,
p.3273,Libardo Lozano G.,agente,persona,,,,,presentador,1,catalogo_personas,
p.3274,Dr. Carlos León,agente,persona,,,,,presentador,1,catalogo_personas,
p.3275,Juan Mathé,agente,persona,,,,,presentador,1,catalogo_personas,
p.3276,Darío Ruíz Gómez,agente,persona,,,,,presentador,1,catalogo_personas,
p.3277,Oscar Niemeyer,agente,persona,,,,,presentador,1,catalogo_personas,
p.3278,Juan Carlos Botero,agente,persona,,,,,presentador,1,catalogo_personas,
p.3282,Katia González,agente,persona,,,,,curador,1,catalogo_personas,
p.3283,Carlos Mayolo,agente,persona,,,,,artista,2,catalogo_personas,
o.1,Asociación Francesa de Acción Artística,agente,organizacion,,,,,apoyo|curador,8,catalogo_organizaciones,
o.2,Cinemateca de Berlín,agente,organizacion,,,,,curador,1,catalogo_organizaciones,
o.3,Departamento de Artes Visuales del Ministerio de Cultura,agente,organizacion,,,,,curador,1,catalogo_organizaciones,
o.4,Dirección de Patrimonio del Ministerio de Cultura,agente,organizacion,,,,,curador,1,catalogo_organizaciones,
o.5,Doc Desing,agente,organizacion,,,,,curador,1,catalogo_organizaciones,
o.6,Escuela Especial de Arquitectura/ESAP,agente,organizacion,,,,,curador,1,catalogo_organizaciones,
o.7,Exposición realizada en el marco de PhotoCali 2007,agente,organizacion,,,,,curador,1,catalogo_organizaciones,
o.8,Fundación MAPFRE,agente,organizacion,,,,,apoyo|curador,4,catalogo_organizaciones,
o.9,Fundación Rogelio Salmona,agente,organizacion,,,,,apoyo|curador,2,catalogo_organizaciones,
o.10,Galería de Francony de París,agente,organizacion,,,,,curador,1,catalogo_organizaciones,
o.11,Galería Deimos de Bogotá,agente,organizacion,,,,,apoyo|curador,2,catalogo_organizaciones,
o.12,Instituto de Cultura Puertoriqueño,agente,organizacion,,,,,curador,1,catalogo_organizaciones,
o.13,Instituto Tamarind de EE.UU.,agente,organizacion,,,,,apoyo|curador,2,catalogo_organizaciones,
o.14,Intituto Smithsonian de EE.UU.,agente,organizacion,,,,,apoyo|curador,2,catalogo_organizaciones,
o.15,Museo Beth Hatefutsoth,agente,organizacion,,,,,curador,1,catalogo_organizaciones,
o.16,Museo de Francia,agente,organizacion,,,,,curador,1,catalogo_organizaciones,
o.17,Museo Nacional de Ciencia y Tecnología de Canadá,agente,organizacion,,,,,curador,1,catalogo_organizaciones,
o.18,Museo Nacional de Colombia,agente,organizacion,,,,,apoyo|curador,5,catalogo_organizaciones,
o.19,Propal S.A.,agente,organizacion,,,,,apoyo|curador,5,catalogo_organizaciones,
o.20,13ª Feria del Libro del Pacífico,agente,organizacion,,,,,apoyo,1,catalogo_organizaciones,
o.21,14 Salones regionales,agente,organizacion,,,,,apoyo,1,catalogo_organizaciones,
o.22,15 Salones Regionales de Artistas –Zona Pacífico–,agente,organizacion,,,,,apoyo,3,catalogo_organizaciones,
o.23,7 Festival de Performance de Cali,agente,organizacion,,,,,apoyo,1,catalogo_organizaciones,
o.24,Art's events,agente,organizacion,,,,,apoyo,1,catalogo_organizaciones,
o.25,Becas Bloc,agente,organizacion,,,,,apoyo,1,catalogo_organizaciones,
o.26,Bloc 2014,agente,organizacion,,,,,apoyo,1,catalogo_organizaciones,
o.27,Expo-marca Latinoamericana,agente,organizacion,,,,,apoyo,1,catalogo_organizaciones,
o.28,Festival Internacional de Arte,agente,organizacion,,,,,apoyo,1,catalogo_organizaciones,
o.29,Festival Internacional de Arte de Cali,agente,organizacion,,,,,apoyo,2,catalogo_organizaciones,
o.30,Festival Nacional de Arte,agente,organizacion,,,,,apoyo,1,catalogo_organizaciones,
o.31,Juegos del Pacífico,agente,organizacion,,,,,apoyo,2,catalogo_organizaciones,
o.32,la trayectoria de una imágen,agente,organizacion,,,,,apoyo,1,catalogo_organizaciones,
o.33,ACODRES,agente,organizacion,,,,,apoyo,1,catalogo_organizaciones,
o.34,Aerolíneas Tampa,agente,organizacion,,,,,apoyo,1,catalogo_organizaciones,
o.35,AFEX,agente,organizacion,,,,,apoyo,1,catalogo_organizaciones,
o.36,Agencia de Comunicación Internacional de los Estados Unidos,agente,organizacion,,,,,apoyo,1,catalogo_organizaciones,
o.37,Agencia Española de Cooperación Internacional,agente,organizacion,,,,,apoyo,1,catalogo_organizaciones,
o.38,Air France,agente,organizacion,,,,,apoyo,4,catalogo_organizaciones,
o.39,Alcaldía de Cali,agente,organizacion,,,,,apoyo,84,catalogo_organizaciones,
o.40,Alcaldía Mayor de Bogotá,agente,organizacion,,,,,apoyo,1,catalogo_organizaciones,
o.41,Alianza Colombo-Francesa,agente,organizacion,,,,,apoyo,13,catalogo_organizaciones,
o.42,Alianza Colombo-Francesa de Bogotá,agente,organizacion,,,,,apoyo,1,catalogo_organizaciones,
o.43,Alianza Colombo-Francesa de Cali,agente,organizacion,,,,,apoyo,2,catalogo_organizaciones,
o.44,Alianza Fiduciaria,agente,organizacion,,,,,apoyo,9,catalogo_organizaciones,
o.45,Alianza Francesa,agente,organizacion,,,,,apoyo,1,catalogo_organizaciones,
o.46,Allers S.A.,agente,organizacion,,,,,apoyo,1,catalogo_organizaciones,
o.47,Almanaque Azul,agente,organizacion,,,,,apoyo,1,catalogo_organizaciones,
o.48,Aluminio Munal,agente,organizacion,,,,,apoyo,1,catalogo_organizaciones,
o.49,Amigos de las Américas,agente,organizacion,,,,,apoyo,1,catalogo_organizaciones,
o.50,ANDI,agente,organizacion,,,,,apoyo,1,catalogo_organizaciones,
o.51,Artemo Franco Mejía y Cia,agente,organizacion,,,,,apoyo,1,catalogo_organizaciones,
o.52,Ashe y Cia.,agente,organizacion,,,,,apoyo,1,catalogo_organizaciones,
o.53,Asocaña,agente,organizacion,,,,,apoyo,4,catalogo_organizaciones,
o.54,Asociación colombiana de farmacología,agente,organizacion,,,,,apoyo,1,catalogo_organizaciones,
o.55,Asociación de Amigos del Museo Nacional de Colombia,agente,organizacion,,,,,apoyo,3,catalogo_organizaciones,
o.57,Atila de Colombia,agente,organizacion,,,,,apoyo,1,catalogo_organizaciones,
o.58,Atlas,agente,organizacion,,,,,apoyo,37,catalogo_organizaciones,
o.59,ATMA,agente,organizacion,,,,,apoyo,4,catalogo_organizaciones,
o.60,Avianca,agente,organizacion,,,,,apoyo,9,catalogo_organizaciones,
o.61,Aviatur,agente,organizacion,,,,,apoyo,3,catalogo_organizaciones,
o.62,Bahareave,agente,organizacion,,,,,apoyo,1,catalogo_organizaciones,
o.63,Banco Cafetero,agente,organizacion,,,,,apoyo,2,catalogo_organizaciones,
o.64,Banco Comercial Antioqueño,agente,organizacion,,,,,apoyo,1,catalogo_organizaciones,
o.65,Banco de Archivos Digitales de Arte,agente,organizacion,,,,,apoyo,1,catalogo_organizaciones,
o.66,Banco de Colombia,agente,organizacion,,,,,apoyo,6,catalogo_organizaciones,
o.67,Banco de la República,agente,organizacion,,,,,apoyo,11,catalogo_organizaciones,
o.68,Banco de Occidente,agente,organizacion,,,,,apoyo,37,catalogo_organizaciones,
o.69,Bancolombia,agente,organizacion,,,,,apoyo,34,catalogo_organizaciones,
o.70,Baterías Mac,agente,organizacion,,,,,apoyo,33,catalogo_organizaciones,
o.71,Bavaria,agente,organizacion,,,,,apoyo,1,catalogo_organizaciones,
o.72,BBVA,agente,organizacion,,,,,apoyo,2,catalogo_organizaciones,
o.73,Belart,agente,organizacion,,,,,apoyo,1,catalogo_organizaciones,
o.74,Bellsouth,agente,organizacion,,,,,apoyo,1,catalogo_organizaciones,
o.75,Beneficencia del Valle,agente,organizacion,,,,,apoyo,1,catalogo_organizaciones,
o.76,Biblioteca Departamental David Martínez de Monteria,agente,organizacion,,,,,apoyo,1,catalogo_organizaciones,
o.77,Biblioteca Departamental Jorge Garces Borrero,agente,organizacion,,,,,apoyo,2,catalogo_organizaciones,
o.78,Biblioteca Luis Ángel Arango,agente,organizacion,,,,,apoyo,8,catalogo_organizaciones,
o.79,Braniff International,agente,organizacion,,,,,apoyo,1,catalogo_organizaciones,
o.80,Cali Cultural,agente,organizacion,,,,,apoyo,1,catalogo_organizaciones,
o.81,caliescali.com,agente,organizacion,,,,,apoyo,1,catalogo_organizaciones,
o.82,CaliKart,agente,organizacion,,,,,apoyo,1,catalogo_organizaciones,
o.83,Cámara de Comercio de Cali,agente,organizacion,,,,,apoyo,17,catalogo_organizaciones,
o.84,Camina al Río,agente,organizacion,,,,,apoyo,2,catalogo_organizaciones,
o.85,Canada Dry,agente,organizacion,,,,,apoyo,1,catalogo_organizaciones,
o.86,Canal U,agente,organizacion,,,,,apoyo,1,catalogo_organizaciones,
o.87,Carambolo,agente,organizacion,,,,,apoyo,1,catalogo_organizaciones,
o.88,Cartón de Colombia S.A.,agente,organizacion,,,,,apoyo,13,catalogo_organizaciones,
o.89,Carvajal,agente,organizacion,,,,,apoyo,35,catalogo_organizaciones,
o.90,Casa Color,agente,organizacion,,,,,apoyo,1,catalogo_organizaciones,
o.91,Casa Negret,agente,organizacion,,,,,apoyo,1,catalogo_organizaciones,
o.92,Casa-museo Ricardo Gómez Campuzano,agente,organizacion,,,,,apoyo,1,catalogo_organizaciones,
o.93,Ceat General,agente,organizacion,,,,,apoyo,1,catalogo_organizaciones,
o.94,Celanese de Colombia,agente,organizacion,,,,,apoyo,1,catalogo_organizaciones,
o.95,Celsia,agente,organizacion,,,,,apoyo,31,catalogo_organizaciones,
o.96,Central Castilla,agente,organizacion,,,,,apoyo,1,catalogo_organizaciones,
o.97,Central de Anchicayá,agente,organizacion,,,,,apoyo,1,catalogo_organizaciones,
o.98,Centro Ático,agente,organizacion,,,,,apoyo,1,catalogo_organizaciones,
o.99,Centro Colombo-americano de Baranquilla,agente,organizacion,,,,,apoyo,1,catalogo_organizaciones,
o.100,Centro Colombo-americano de Bogotá,agente,organizacion,,,,,apoyo,2,catalogo_organizaciones,
o.101,Centro Colombo-americano de Cali,agente,organizacion,,,,,apoyo,3,catalogo_organizaciones,
o.102,Centro Colombo-americano de Manizalez,agente,organizacion,,,,,apoyo,1,catalogo_organizaciones,
o.103,Centro Colombo-americano de Medellín,agente,organizacion,,,,,apoyo,4,catalogo_organizaciones,
o.104,Centro Cultural Colombo-americano,agente,organizacion,,,,,apoyo,1,catalogo_organizaciones,
o.105,Centro Cultural Comfandi,agente,organizacion,,,,,apoyo,2,catalogo_organizaciones,
o.106,Centro de Arte Actual,agente,organizacion,,,,,apoyo,1,catalogo_organizaciones,
o.107,Centro de Arte y Comunicación de Buenos Aires,agente,organizacion,,,,,apoyo,1,catalogo_organizaciones,
o.108,Centro de Relaciones Interamericanas,agente,organizacion,,,,,apoyo,1,catalogo_organizaciones,
o.109,Centro para la Ciencia la Cultura y la Educación-CECCE,agente,organizacion,,,,,apoyo,1,catalogo_organizaciones,
o.110,CERLAC,agente,organizacion,,,,,apoyo,1,catalogo_organizaciones,
o.111,Chiclets Ice,agente,organizacion,,,,,apoyo,1,catalogo_organizaciones,
o.112,CICOLAC,agente,organizacion,,,,,apoyo,1,catalogo_organizaciones,
o.113,Cochones Éxtasis,agente,organizacion,,,,,apoyo,1,catalogo_organizaciones,
o.114,CODEMACO,agente,organizacion,,,,,apoyo,1,catalogo_organizaciones,
o.115,Coéxito,agente,organizacion,,,,,apoyo,35,catalogo_organizaciones,
o.116,Colcultura,agente,organizacion,,,,,apoyo,37,catalogo_organizaciones,
o.117,Colgate Palmolive,agente,organizacion,,,,,apoyo,1,catalogo_organizaciones,
o.118,Colinversiones,agente,organizacion,,,,,apoyo,1,catalogo_organizaciones,
o.119,Colombia país diverso,agente,organizacion,,,,,apoyo,1,catalogo_organizaciones,
o.120,Colombiana de Esmaltes,agente,organizacion,,,,,apoyo,2,catalogo_organizaciones,
o.121,Colteger,agente,organizacion,,,,,apoyo,1,catalogo_organizaciones,
o.122,Comfandi,agente,organizacion,,,,,apoyo,43,catalogo_organizaciones,
o.123,Comfenalco,agente,organizacion,,,,,apoyo,2,catalogo_organizaciones,
o.124,Compañía Colombiana de Tabaco,agente,organizacion,,,,,apoyo,1,catalogo_organizaciones,
o.125,Compañía Nacional de Empaques Bates S.A.,agente,organizacion,,,,,apoyo,1,catalogo_organizaciones,
o.126,Compañías Tecnoquímicas,agente,organizacion,,,,,apoyo,1,catalogo_organizaciones,
o.127,Computadores espacio y tiempo Arquitectura,agente,organizacion,,,,,apoyo,1,catalogo_organizaciones,
o.128,Comunidad Judía de Cali,agente,organizacion,,,,,apoyo,1,catalogo_organizaciones,
o.129,Concejo Alemán de Bellas Artes,agente,organizacion,,,,,apoyo,1,catalogo_organizaciones,
o.130,Concejo Nacional de la Cultura de la República de Cuba,agente,organizacion,,,,,apoyo,1,catalogo_organizaciones,
o.131,Consejo Británico,agente,organizacion,,,,,apoyo,4,catalogo_organizaciones,
o.132,Consejo Nacional para la Cultura y las Artes de México,agente,organizacion,,,,,apoyo,1,catalogo_organizaciones,
o.133,Consulado en Cali,agente,organizacion,,,,,apoyo,1,catalogo_organizaciones,
o.134,Convenio Andrés Bello,agente,organizacion,,,,,apoyo,1,catalogo_organizaciones,
o.135,Coomeva,agente,organizacion,,,,,apoyo,1,catalogo_organizaciones,
o.136,Coomoepal,agente,organizacion,,,,,apoyo,1,catalogo_organizaciones,
o.137,Corporación Financiera del Valle,agente,organizacion,,,,,apoyo,1,catalogo_organizaciones,
o.138,Corporación para la Cultura de Cali,agente,organizacion,,,,,apoyo,9,catalogo_organizaciones,
o.139,Corporación Pro-gráfica de Cali,agente,organizacion,,,,,apoyo,1,catalogo_organizaciones,
o.140,Corpovalle,agente,organizacion,,,,,apoyo,10,catalogo_organizaciones,
o.141,Cosejo Internacional del Museo de Arte Moderno de New York,agente,organizacion,,,,,apoyo,1,catalogo_organizaciones,
o.142,Cuéllar Serrano Gómez,agente,organizacion,,,,,apoyo,1,catalogo_organizaciones,
o.143,CVC,agente,organizacion,,,,,apoyo,1,catalogo_organizaciones,
o.144,Decapack,agente,organizacion,,,,,apoyo,2,catalogo_organizaciones,
o.145,Deloitte,agente,organizacion,,,,,apoyo,13,catalogo_organizaciones,
o.146,Departamento de Arte Facultad de Artes y Humanidades de la Universidad de los Andes,agente,organizacion,,,,,apoyo,1,catalogo_organizaciones,
o.147,Departamento del Valle,agente,organizacion,,,,,apoyo,3,catalogo_organizaciones,
o.148,Departamento del Valle del Cauca,agente,organizacion,,,,,apoyo,11,catalogo_organizaciones,
o.149,Deprisa,agente,organizacion,,,,,apoyo,5,catalogo_organizaciones,
o.150,Desde el bienestar,agente,organizacion,,,,,apoyo,1,catalogo_organizaciones,
o.151,Despacho de la Primera Dama del Valle del Cauca,agente,organizacion,,,,,apoyo,1,catalogo_organizaciones,
o.152,Dirección de Arquitectura del Ministerio de Cultura y Comunicaciones de Francia,agente,organizacion,,,,,apoyo,1,catalogo_organizaciones,
o.153,Dirección de Bellas Artes y Extensión Cultural del Valle,agente,organizacion,,,,,apoyo,4,catalogo_organizaciones,
o.154,Dirección de Cultura de Cali,agente,organizacion,,,,,apoyo,40,catalogo_organizaciones,
o.155,El Clavo,agente,organizacion,,,,,apoyo,1,catalogo_organizaciones,
o.156,El País,agente,organizacion,,,,,apoyo,9,catalogo_organizaciones,
o.157,El Péndulo,agente,organizacion,,,,,apoyo,1,catalogo_organizaciones,
o.158,Embajada Británica,agente,organizacion,,,,,apoyo,1,catalogo_organizaciones,
o.159,Embajada de Alemania,agente,organizacion,,,,,apoyo,3,catalogo_organizaciones,
o.160,Embajada de Argentina,agente,organizacion,,,,,apoyo,3,catalogo_organizaciones,
o.161,Embajada de Brasil,agente,organizacion,,,,,apoyo,3,catalogo_organizaciones,
o.162,Embajada de Canadá,agente,organizacion,,,,,apoyo,3,catalogo_organizaciones,
o.163,Embajada de China,agente,organizacion,,,,,apoyo,1,catalogo_organizaciones,
o.164,Embajada de Colombia en Argentina,agente,organizacion,,,,,apoyo,1,catalogo_organizaciones,
o.165,Embajada de España,agente,organizacion,,,,,apoyo,3,catalogo_organizaciones,
o.166,Embajada de Francia,agente,organizacion,,,,,apoyo,8,catalogo_organizaciones,
o.167,Embajada de la República Democrática Alemana,agente,organizacion,,,,,apoyo,1,catalogo_organizaciones,
o.168,Embajada de la República Federal Alemana,agente,organizacion,,,,,apoyo,1,catalogo_organizaciones,
o.169,Embajada de la República Popular de China,agente,organizacion,,,,,apoyo,1,catalogo_organizaciones,
o.170,Embajada de los Estados Unidos,agente,organizacion,,,,,apoyo,1,catalogo_organizaciones,
o.171,Embajada de México,agente,organizacion,,,,,apoyo,2,catalogo_organizaciones,
o.172,Embajada de Perú,agente,organizacion,,,,,apoyo,2,catalogo_organizaciones,
o.173,Embajada de Suiza,agente,organizacion,,,,,apoyo,5,catalogo_organizaciones,
o.174,Embajada de Venezuela,agente,organizacion,,,,,apoyo,3,catalogo_organizaciones,
o.175,Embajada de Yugoslavia,agente,organizacion,,,,,apoyo,2,catalogo_organizaciones,
o.177,Emisora Planeta,agente,organizacion,,,,,apoyo,1,catalogo_organizaciones,
o.178,Empresas Municipales de Cali,agente,organizacion,,,,,apoyo,1,catalogo_organizaciones,
o.179,Empresas norteamericanas,agente,organizacion,,,,,apoyo,1,catalogo_organizaciones,
o.180,En el marco del XV Festival Internacional de Arte de Cali,agente,organizacion,,,,,apoyo,1,catalogo_organizaciones,
o.181,Epsa,agente,organizacion,,,,,apoyo,23,catalogo_organizaciones,
o.182,Escuela de Arquitectura de la Universidad del Valle,agente,organizacion,,,,,apoyo,1,catalogo_organizaciones,
o.183,Espacio Temporal Internacional Circuit México-Inglaterra-Argentina-Colombia,agente,organizacion,,,,,apoyo,1,catalogo_organizaciones,
o.184,España Acción Cultural Exterior,agente,organizacion,,,,,apoyo,1,catalogo_organizaciones,
o.185,Estación Digital,agente,organizacion,,,,,apoyo,1,catalogo_organizaciones,
o.186,Estudios Takeshima,agente,organizacion,,,,,apoyo,1,catalogo_organizaciones,
o.187,Eternit Pacífico,agente,organizacion,,,,,apoyo,1,catalogo_organizaciones,
o.188,Everest Medical,agente,organizacion,,,,,apoyo,1,catalogo_organizaciones,
o.189,Fantasías Femeninas,agente,organizacion,,,,,apoyo,1,catalogo_organizaciones,
o.190,Faró,agente,organizacion,,,,,apoyo,1,catalogo_organizaciones,
o.191,Federación Nacional de Cafeteros,agente,organizacion,,,,,apoyo,1,catalogo_organizaciones,
o.192,Feriva,agente,organizacion,,,,,apoyo,2,catalogo_organizaciones,
o.193,Ferretería Electra,agente,organizacion,,,,,apoyo,1,catalogo_organizaciones,
o.194,Ferrocarriles Nacionales,agente,organizacion,,,,,apoyo,1,catalogo_organizaciones,
o.195,FES,agente,organizacion,,,,,apoyo,2,catalogo_organizaciones,
o.196,First National City Bank,agente,organizacion,,,,,apoyo,1,catalogo_organizaciones,
o.197,Focus- analésico,agente,organizacion,,,,,apoyo,1,catalogo_organizaciones,
o.198,Fondo Cubano de Bienes Culturales,agente,organizacion,,,,,apoyo,1,catalogo_organizaciones,
o.199,Fondo Mixto,agente,organizacion,,,,,apoyo,3,catalogo_organizaciones,
o.200,Fondo Mixto para la promoción de la Cultura y las Artes,agente,organizacion,,,,,apoyo,1,catalogo_organizaciones,
o.201,Fondo Mixto para la Promoción de la Cultura y las Artes del Valle del Cauca,agente,organizacion,,,,,apoyo,6,catalogo_organizaciones,
o.202,Fondo Mixto para la promoción de la Cultura y las Artesde San Andrés y Providencia,agente,organizacion,,,,,apoyo,1,catalogo_organizaciones,
o.203,Foto-Estudio,agente,organizacion,,,,,apoyo,2,catalogo_organizaciones,
o.204,Foto-Museo de Bogotá,agente,organizacion,,,,,apoyo,1,catalogo_organizaciones,
o.205,Fundación Arteria,agente,organizacion,,,,,apoyo,1,catalogo_organizaciones,
o.206,Fundación ATMA,agente,organizacion,,,,,apoyo,5,catalogo_organizaciones,
o.207,Fundación Bolivar Davivienda,agente,organizacion,,,,,apoyo,11,catalogo_organizaciones,
o.208,Fundación Casa-museo Maestro Pedro Nel Gómez,agente,organizacion,,,,,apoyo,1,catalogo_organizaciones,
o.209,Fundación de la fotografía y la imagen,agente,organizacion,,,,,apoyo,1,catalogo_organizaciones,
o.210,Fundación Epsa,agente,organizacion,,,,,apoyo,2,catalogo_organizaciones,
o.211,Fundación Éxito,agente,organizacion,,,,,apoyo,1,catalogo_organizaciones,
o.212,Fundación Función Visible,agente,organizacion,,,,,apoyo,1,catalogo_organizaciones,
o.213,Fundación Gilberto Alzate Avendaño,agente,organizacion,,,,,apoyo,2,catalogo_organizaciones,
o.214,Fundación Harold Eder,agente,organizacion,,,,,apoyo,2,catalogo_organizaciones,
o.216,Fundación Misol,agente,organizacion,,,,,apoyo,1,catalogo_organizaciones,
o.217,Fundación Orbis,agente,organizacion,,,,,apoyo,7,catalogo_organizaciones,
o.218,Fundación para la Educación superior,agente,organizacion,,,,,apoyo,1,catalogo_organizaciones,
o.219,Fundación Puntos de Encuentro,agente,organizacion,,,,,apoyo,1,catalogo_organizaciones,
o.221,Fundación Santo Domingo,agente,organizacion,,,,,apoyo,1,catalogo_organizaciones,
o.222,Galería Arte Actual (Chile),agente,organizacion,,,,,apoyo,1,catalogo_organizaciones,
o.223,Galería Belarca,agente,organizacion,,,,,apoyo,1,catalogo_organizaciones,
o.224,Galería Carmen Waugh (Chile),agente,organizacion,,,,,apoyo,1,catalogo_organizaciones,
o.225,Galería de Arte Actual,agente,organizacion,,,,,apoyo,1,catalogo_organizaciones,
o.227,Galería Diners de Bogotá,agente,organizacion,,,,,apoyo,3,catalogo_organizaciones,
o.228,Galería El Museo,agente,organizacion,,,,,apoyo,1,catalogo_organizaciones,
o.229,Galería El Museo de Bogotá,agente,organizacion,,,,,apoyo,13,catalogo_organizaciones,
o.230,Galería El Museo de Cali,agente,organizacion,,,,,apoyo,1,catalogo_organizaciones,
o.231,Galería Época (Chile),agente,organizacion,,,,,apoyo,4,catalogo_organizaciones,
o.232,Galería Fernando Quintana de Bogotá,agente,organizacion,,,,,apoyo,1,catalogo_organizaciones,
o.233,Galería Francia de Medellin,agente,organizacion,,,,,apoyo,1,catalogo_organizaciones,
o.234,Galería Francony de París,agente,organizacion,,,,,apoyo,1,catalogo_organizaciones,
o.235,Galería Garcés Velásquez,agente,organizacion,,,,,apoyo,3,catalogo_organizaciones,
o.236,Galería Luis Pérez de Bogotá,agente,organizacion,,,,,apoyo,1,catalogo_organizaciones,
o.237,Galería Siglo XX de Quito,agente,organizacion,,,,,apoyo,2,catalogo_organizaciones,
o.238,Galería Tovar de Bogotá,agente,organizacion,,,,,apoyo,1,catalogo_organizaciones,
o.239,Gaseosas Postobón,agente,organizacion,,,,,apoyo,1,catalogo_organizaciones,
o.240,Gases de Occidente,agente,organizacion,,,,,apoyo,23,catalogo_organizaciones,
o.241,General Métalica Ltda,agente,organizacion,,,,,apoyo,1,catalogo_organizaciones,
o.242,General Metálicas,agente,organizacion,,,,,apoyo,1,catalogo_organizaciones,
o.243,Gerencia Cultural del Valle del Cauca,agente,organizacion,,,,,apoyo,30,catalogo_organizaciones,
o.244,Gobernación del departamento del Cesar,agente,organizacion,,,,,apoyo,1,catalogo_organizaciones,
o.245,Gobernación del Valle del Cauca,agente,organizacion,,,,,apoyo,13,catalogo_organizaciones,
o.246,Gobierno Estadounidense,agente,organizacion,,,,,apoyo,1,catalogo_organizaciones,
o.247,Goodyear,agente,organizacion,,,,,apoyo,1,catalogo_organizaciones,
o.248,Graphics Ltda.,agente,organizacion,,,,,apoyo,1,catalogo_organizaciones,
o.249,Grupo Atlas,agente,organizacion,,,,,apoyo,1,catalogo_organizaciones,
o.250,Grupo North,agente,organizacion,,,,,apoyo,1,catalogo_organizaciones,
o.251,Harinera del Valle,agente,organizacion,,,,,apoyo,13,catalogo_organizaciones,
o.252,Honda,agente,organizacion,,,,,apoyo,6,catalogo_organizaciones,
o.253,Hotel Casa Republicana,agente,organizacion,,,,,apoyo,1,catalogo_organizaciones,
o.254,Hoteles Royal,agente,organizacion,,,,,apoyo,1,catalogo_organizaciones,
o.255,Ifa,agente,organizacion,,,,,apoyo,1,catalogo_organizaciones,
o.256,Igenio Providencia,agente,organizacion,,,,,apoyo,1,catalogo_organizaciones,
o.257,Industria de Licores del Valle,agente,organizacion,,,,,apoyo,7,catalogo_organizaciones,
o.258,Ingenio Ingenio Manuelita,agente,organizacion,,,,,apoyo,1,catalogo_organizaciones,
o.259,Ingenio Manuelita,agente,organizacion,,,,,apoyo,36,catalogo_organizaciones,
o.260,Ingenio Mayagüez,agente,organizacion,,,,,apoyo,1,catalogo_organizaciones,
o.261,Ingenio Pichichi,agente,organizacion,,,,,apoyo,1,catalogo_organizaciones,
o.262,Ingenio Río Paila,agente,organizacion,,,,,apoyo,1,catalogo_organizaciones,
o.263,Insituto Goethe de Bogota,agente,organizacion,,,,,apoyo,1,catalogo_organizaciones,
o.264,Institut für Auslandsbeziehungen,agente,organizacion,,,,,apoyo,1,catalogo_organizaciones,
o.265,Instituto Alemán de Relaciones Exteriores con el Exterior,agente,organizacion,,,,,apoyo,1,catalogo_organizaciones,
o.266,Instituto Colombiano de Cultura,agente,organizacion,,,,,apoyo,3,catalogo_organizaciones,
o.267,Instituto Colombiano de Seguros Sociales,agente,organizacion,,,,,apoyo,1,catalogo_organizaciones,
o.268,Instituto de Crédito Territorial,agente,organizacion,,,,,apoyo,1,catalogo_organizaciones,
o.269,Instituto de Cultura Puertorriqueño,agente,organizacion,,,,,apoyo,2,catalogo_organizaciones,
o.270,Instituto de Relaciones Culturales Colombo-Israelí,agente,organizacion,,,,,apoyo,1,catalogo_organizaciones,
o.271,Instituto de Relaciones Exteriores de Alemania,agente,organizacion,,,,,apoyo,1,catalogo_organizaciones,
o.272,Instituto Departamental de Bellas Artes,agente,organizacion,,,,,apoyo,3,catalogo_organizaciones,
o.273,Instituto Distrital de Cultura y Turismo de Bogotá D.C.,agente,organizacion,,,,,apoyo,1,catalogo_organizaciones,
o.274,Instituto Goethe,agente,organizacion,,,,,apoyo,1,catalogo_organizaciones,
o.275,Instituto Goethe de Bogotá,agente,organizacion,,,,,apoyo,5,catalogo_organizaciones,
o.276,Instituto Nacional de Bellas Artes de México,agente,organizacion,,,,,apoyo,1,catalogo_organizaciones,
o.277,Instituto Nacional de Cultura y Bellas Artes,agente,organizacion,,,,,apoyo,1,catalogo_organizaciones,
o.278,Instituto Popular de Cultura,agente,organizacion,,,,,apoyo,1,catalogo_organizaciones,
o.280,Internacional Association for Hospice and Palliative care,agente,organizacion,,,,,apoyo,1,catalogo_organizaciones,
o.281,Internacional de Ediciones,agente,organizacion,,,,,apoyo,1,catalogo_organizaciones,
o.283,Inversiones Urdinola,agente,organizacion,,,,,apoyo,1,catalogo_organizaciones,
o.284,Inversiones Xicalina,agente,organizacion,,,,,apoyo,1,catalogo_organizaciones,
o.285,Johnnie Walker,agente,organizacion,,,,,apoyo,1,catalogo_organizaciones,
o.286,KLM,agente,organizacion,,,,,apoyo,1,catalogo_organizaciones,
o.287,Kool,agente,organizacion,,,,,apoyo,1,catalogo_organizaciones,
o.288,La 14,agente,organizacion,,,,,apoyo,1,catalogo_organizaciones,
o.289,La Cabaña,agente,organizacion,,,,,apoyo,8,catalogo_organizaciones,
o.290,La Galería de la Oficina,agente,organizacion,,,,,apoyo,1,catalogo_organizaciones,
o.291,La Garantía,agente,organizacion,,,,,apoyo,1,catalogo_organizaciones,
o.292,La Sucursal.clo,agente,organizacion,,,,,apoyo,2,catalogo_organizaciones,
o.293,Laboratorio Profesional,agente,organizacion,,,,,apoyo,1,catalogo_organizaciones,
o.294,Laboratorios Carlo Erba,agente,organizacion,,,,,apoyo,1,catalogo_organizaciones,
o.295,Laboratorios JGB,agente,organizacion,,,,,apoyo,1,catalogo_organizaciones,
o.296,Laboratorios Lafrancol,agente,organizacion,,,,,apoyo,1,catalogo_organizaciones,
o.297,Laboratorios Recamier,agente,organizacion,,,,,apoyo,1,catalogo_organizaciones,
o.298,Ladeco,agente,organizacion,,,,,apoyo,2,catalogo_organizaciones,
o.299,Lago y Sáenz,agente,organizacion,,,,,apoyo,13,catalogo_organizaciones,
o.300,Las Delicias de Will's,agente,organizacion,,,,,apoyo,1,catalogo_organizaciones,
o.301,Lomitos al Carbón,agente,organizacion,,,,,apoyo,1,catalogo_organizaciones,
o.302,Lugar a Dudas,agente,organizacion,,,,,apoyo,7,catalogo_organizaciones,
o.303,M.F. Publicidad,agente,organizacion,,,,,apoyo,1,catalogo_organizaciones,
o.304,Mairie de Paris,agente,organizacion,,,,,apoyo,1,catalogo_organizaciones,
o.305,Marañón,agente,organizacion,,,,,apoyo,1,catalogo_organizaciones,
o.306,Más arte más acción,agente,organizacion,,,,,apoyo,1,catalogo_organizaciones,
o.307,Ministerio de Asuntos Exteriores de España,agente,organizacion,,,,,apoyo,1,catalogo_organizaciones,
o.308,Ministerio de Cultura,agente,organizacion,,,,,apoyo,169,catalogo_organizaciones,
o.310,Ministerio de Relaciones Exteriores,agente,organizacion,,,,,apoyo,4,catalogo_organizaciones,
o.311,Ministerio de Relaciones Exteriores de Argentina,agente,organizacion,,,,,apoyo,1,catalogo_organizaciones,
o.312,Ministerio de Relaciones Exteriores del Brasil,agente,organizacion,,,,,apoyo,1,catalogo_organizaciones,
o.313,Misión Colombiana ante las Naciones Unidas,agente,organizacion,,,,,apoyo,1,catalogo_organizaciones,
o.314,Molinos Dagua,agente,organizacion,,,,,apoyo,1,catalogo_organizaciones,
o.315,Museo Arqueológico La Merced,agente,organizacion,,,,,apoyo,1,catalogo_organizaciones,
o.316,Museo Casa-estudio de Diego Rivera y Frida Khalo,agente,organizacion,,,,,apoyo,1,catalogo_organizaciones,
o.317,Museo concertado,agente,organizacion,,,,,apoyo,1,catalogo_organizaciones,
o.318,Museo de Antioquia,agente,organizacion,,,,,apoyo,3,catalogo_organizaciones,
o.319,Museo de Arte de Caldas,agente,organizacion,,,,,apoyo,1,catalogo_organizaciones,
o.320,Museo de arte de Pereira,agente,organizacion,,,,,apoyo,3,catalogo_organizaciones,
o.322,Museo de arte del Tólima,agente,organizacion,,,,,apoyo,1,catalogo_organizaciones,
o.323,Museo de Arte Erótico Americano,agente,organizacion,,,,,apoyo,1,catalogo_organizaciones,
o.324,Museo de Arte Erótico de Bogotá,agente,organizacion,,,,,apoyo,1,catalogo_organizaciones,
o.325,Museo de Arte Moderno de Bogota,agente,organizacion,,,,,apoyo,2,catalogo_organizaciones,
o.326,Museo de Arte Moderno de Cartagena,agente,organizacion,,,,,apoyo,1,catalogo_organizaciones,
o.327,Museo de Arte Moderno de Medellín,agente,organizacion,,,,,apoyo,6,catalogo_organizaciones,
o.328,Museo de Arte Moderno de Nueva York,agente,organizacion,,,,,apoyo,3,catalogo_organizaciones,
o.329,Museo de Arte Moderno de Pereira,agente,organizacion,,,,,apoyo,2,catalogo_organizaciones,
o.331,Museo de Arte Moderno La Tertulia,agente,organizacion,,,,,apoyo,3,catalogo_organizaciones,
o.332,Museo La Tertulia,agente,organizacion,,,,,apoyo|curador,4,catalogo_organizaciones,
o.334,Museo Rayo,agente,organizacion,,,,,apoyo,1,catalogo_organizaciones,
o.335,Nikos,agente,organizacion,,,,,apoyo,3,catalogo_organizaciones,
o.336,Noralba de Morales,agente,organizacion,,,,,apoyo,11,catalogo_organizaciones,
o.338,Oficina de Turismo del Valle del Cauca,agente,organizacion,,,,,apoyo,1,catalogo_organizaciones,
o.339,OP Gráficas,agente,organizacion,,,,,apoyo,1,catalogo_organizaciones,
o.340,OP gráficas ltda.,agente,organizacion,,,,,apoyo,1,catalogo_organizaciones,
o.341,Pagnamenta,agente,organizacion,,,,,apoyo,1,catalogo_organizaciones,
o.342,Panamerican World Airways,agente,organizacion,,,,,apoyo,1,catalogo_organizaciones,
o.343,Panturismo,agente,organizacion,,,,,apoyo,1,catalogo_organizaciones,
o.344,Parque Industria Cultural,agente,organizacion,,,,,apoyo,1,catalogo_organizaciones,
o.345,Parquesoft,agente,organizacion,,,,,apoyo,1,catalogo_organizaciones,
o.346,Periódico El Pueblo,agente,organizacion,,,,,apoyo,1,catalogo_organizaciones,
o.347,Pintuco,agente,organizacion,,,,,apoyo,7,catalogo_organizaciones,
o.348,Pisa,agente,organizacion,,,,,apoyo,2,catalogo_organizaciones,
o.349,Plaza de Toros de Cali,agente,organizacion,,,,,apoyo,1,catalogo_organizaciones,
o.350,Poker,agente,organizacion,,,,,apoyo,1,catalogo_organizaciones,
o.351,Pontificia Universidad Javeriana,agente,organizacion,,,,,apoyo,2,catalogo_organizaciones,
o.352,Presidencia de la República de Colombia,agente,organizacion,,,,,apoyo,2,catalogo_organizaciones,
o.353,Pro-Helevetia de Suiza,agente,organizacion,,,,,apoyo,1,catalogo_organizaciones,
o.354,Proartes,agente,organizacion,,,,,apoyo,27,catalogo_organizaciones,
o.355,Proimágenes Colombia,agente,organizacion,,,,,apoyo,1,catalogo_organizaciones,
o.356,Propal,agente,organizacion,,,,,apoyo,3,catalogo_organizaciones,
o.358,Propersa,agente,organizacion,,,,,apoyo,1,catalogo_organizaciones,
o.359,Pueblito Valluno,agente,organizacion,,,,,apoyo,1,catalogo_organizaciones,
o.360,Quaker,agente,organizacion,,,,,apoyo,1,catalogo_organizaciones,
o.361,Regional Valle de la Sociedad Colombiana de Arquitectos,agente,organizacion,,,,,apoyo,2,catalogo_organizaciones,
o.363,Ron Premium,agente,organizacion,,,,,apoyo,1,catalogo_organizaciones,
o.366,Sanamed Duo,agente,organizacion,,,,,apoyo,1,catalogo_organizaciones,
o.367,Santiago Eder,agente,organizacion,,,,,apoyo,8,catalogo_organizaciones,
o.368,Seccional Cali de la Sociedad Colombiana de Arquitectos,agente,organizacion,,,,,apoyo,1,catalogo_organizaciones,
o.369,Seccionales Bogotá y Cundinamarca de la Sociedad Colombiana de Arquitectos,agente,organizacion,,,,,apoyo,1,catalogo_organizaciones,
o.370,Secretaría de Cultura de Buenos Aires,agente,organizacion,,,,,apoyo,1,catalogo_organizaciones,
o.371,Secretaría de Cultura y Turismo de Cali,agente,organizacion,,,,,apoyo,33,catalogo_organizaciones,
o.372,Secretaría de Cultura y Turismo del Valle del Cauca,agente,organizacion,,,,,apoyo,2,catalogo_organizaciones,
o.373,Secretaría de Educación de Cali,agente,organizacion,,,,,apoyo,4,catalogo_organizaciones,
o.374,Secretaría de Educación del Valle del Cauca,agente,organizacion,,,,,apoyo,2,catalogo_organizaciones,
o.375,SENA,agente,organizacion,,,,,apoyo,1,catalogo_organizaciones,
o.376,Sidoc,agente,organizacion,,,,,apoyo,1,catalogo_organizaciones,
o.377,Silva Ltda,agente,organizacion,,,,,apoyo,1,catalogo_organizaciones,
o.378,Simón Parrilla,agente,organizacion,,,,,apoyo,1,catalogo_organizaciones,
o.379,Sociedad Colombiana de Arquitectos,agente,organizacion,,,,,apoyo,2,catalogo_organizaciones,
o.380,Sociedad Económica de Amigos El País,agente,organizacion,,,,,apoyo,1,catalogo_organizaciones,
o.381,Sociedad Portuaria Regional de Buenaventura,agente,organizacion,,,,,apoyo,1,catalogo_organizaciones,
o.382,Sura,agente,organizacion,,,,,apoyo,23,catalogo_organizaciones,
o.383,Suramericana,agente,organizacion,,,,,apoyo,20,catalogo_organizaciones,
o.384,Susana de Lima,agente,organizacion,,,,,apoyo,1,catalogo_organizaciones,
o.385,Teatro Jorge Isaacs,agente,organizacion,,,,,apoyo,2,catalogo_organizaciones,
o.386,Telepacífico,agente,organizacion,,,,,apoyo,1,catalogo_organizaciones,
o.387,Telesat,agente,organizacion,,,,,apoyo,1,catalogo_organizaciones,
o.388,Textiles El Cedro,agente,organizacion,,,,,apoyo,1,catalogo_organizaciones,
o.389,Tiempo de amor y erotismo 2011,agente,organizacion,,,,,apoyo,1,catalogo_organizaciones,
o.390,Titan Intercontinental,agente,organizacion,,,,,apoyo,1,catalogo_organizaciones,
o.391,Toot,agente,organizacion,,,,,apoyo,1,catalogo_organizaciones,
o.392,Tribeca Film Institute,agente,organizacion,,,,,apoyo,1,catalogo_organizaciones,
o.393,trilogía,agente,organizacion,,,,,apoyo,1,catalogo_organizaciones,
o.394,TV5MONDE,agente,organizacion,,,,,apoyo,1,catalogo_organizaciones,
o.395,Ultratex,agente,organizacion,,,,,apoyo,1,catalogo_organizaciones,
o.396,Unión Carbide,agente,organizacion,,,,,apoyo,1,catalogo_organizaciones,
o.397,Unión Cultural Israelita,agente,organizacion,,,,,apoyo,1,catalogo_organizaciones,
o.398,Universal fotográfica,agente,organizacion,,,,,apoyo,1,catalogo_organizaciones,
o.399,Universidad Autonoma,agente,organizacion,,,,,apoyo,1,catalogo_organizaciones,
o.400,Universidad Autónoma de Occidente,agente,organizacion,,,,,apoyo,2,catalogo_organizaciones,
o.401,Universidad de Antioquia,agente,organizacion,,,,,apoyo,1,catalogo_organizaciones,
o.402,Universidad de Puerto Rico,agente,organizacion,,,,,apoyo,1,catalogo_organizaciones,
o.403,Universidad del Valle,agente,organizacion,,,,,apoyo,5,catalogo_organizaciones,
o.404,Universidad Javeriana,agente,organizacion,,,,,apoyo,1,catalogo_organizaciones,
o.405,Universidad Javeriana Bogotá,agente,organizacion,,,,,apoyo,1,catalogo_organizaciones,
o.406,Urbanización Gran Limonar,agente,organizacion,,,,,apoyo,1,catalogo_organizaciones,
o.407,Videosónica,agente,organizacion,,,,,apoyo,1,catalogo_organizaciones,
o.408,VII Congreso colombiano de farmacología y terapeutica,agente,organizacion,,,,,apoyo,1,catalogo_organizaciones,
o.409,Vincorte,agente,organizacion,,,,,apoyo,1,catalogo_organizaciones,
o.410,Vivero Marinela,agente,organizacion,,,,,apoyo,1,catalogo_organizaciones,
o.411,Yemail Arquitectura,agente,organizacion,,,,,apoyo,1,catalogo_organizaciones,
o.412,Young & Rubicam,agente,organizacion,,,,,apoyo,14,catalogo_organizaciones,
n.1,Dirección de cultura del municipio de Cali,agente,sin_catalogar,,,,,apoyo,1,texto_exposiciones,
n.2,LIMA,agente,sin_catalogar,,,,,apoyo,1,texto_exposiciones,
n.3,De Appel,agente,sin_catalogar,,,,,apoyo,1,texto_exposiciones,
n.4,Benoit Pype,agente,sin_catalogar,,,,,artista,1,texto_exposiciones,
n.5,Bernardo Oritz,agente,sin_catalogar,,,,,artista,1,texto_exposiciones,
n.6,Fabien Giraud,agente,sin_catalogar,,,,,artista,1,texto_exposiciones,
n.7,Raphael Siboni,agente,sin_catalogar,,,,,artista,1,texto_exposiciones,
n.8,John Mario Ortiz,agente,sin_catalogar,,,,,artista,1,texto_exposiciones,
n.9,Julien Prévieux,agente,sin_catalogar,,,,,artista,1,texto_exposiciones,
n.10,Kader Attia,agente,sin_catalogar,,,,,artista,1,texto_exposiciones,
n.11,Laurent Grasso,agente,sin_catalogar,,,,,artista,1,texto_exposiciones,
n.12,Erick Beltrán,agente,sin_catalogar,,,,,artista,1,texto_exposiciones,
n.13,Lina López,agente,sin_catalogar,,,,,curador,1,texto_exposiciones,
n.14,Andrés Matute Echeverri,agente,sin_catalogar,,,,,curador,1,texto_exposiciones,
n.15,Barrilete,agente,sin_catalogar,,,,,apoyo,1,texto_exposiciones,
n.16,Mariángela Aponte,agente,sin_catalogar,,,,,artista,1,texto_exposiciones,
n.17,Carlos Amorales,agente,sin_catalogar,,,,,artista,1,texto_exposiciones,
n.18,Julio Giraldo,agente,sin_catalogar,,,,,artista,1,texto_exposiciones,
n.19,Lina Hincapié,agente,sin_catalogar,,,,,artista,1,texto_exposiciones,
n.20,Felipe Leal,agente,sin_catalogar,,,,,artista,1,texto_exposiciones,
n.21,Carolina Charry,agente,sin_catalogar,,,,,artista,3,texto_exposiciones,
n.22,Vanessa Ortiz,agente,sin_catalogar,,,,,artista,2,texto_exposiciones,
n.23,Carolina Torres,agente,sin_catalogar,,,,,artista,1,texto_exposiciones,
n.24,Carolina Navas,agente,sin_catalogar,,,,,artista,1,texto_exposiciones,
n.25,Nois Radio,agente,sin_catalogar,,,,,artista,1,texto_exposiciones,
n.26,Alberto Campuzano,agente,sin_catalogar,,,,,curador,1,texto_exposiciones,
n.27,Lorena Díez,agente,sin_catalogar,,,,,curador,1,texto_exposiciones,
n.28,Artesanal Tecnológica,agente,sin_catalogar,,,,,artista,1,texto_exposiciones,
n.29,Universidad Icesi,agente,sin_catalogar,,,,,apoyo,2,texto_exposiciones,
n.30,Sonnia Yepez,agente,sin_catalogar,,,,,artista,1,texto_exposiciones,
n.31,Adriana Ciudad,agente,sin_catalogar,,,,,artista,1,texto_exposiciones,
n.32,Nidia Góngora,agente,sin_catalogar,,,,,artista,1,texto_exposiciones,
n.33,C. S. Prince,agente,sin_catalogar,,,,,artista,1,texto_exposiciones,
n.34,Gráficas Molinari,agente,sin_catalogar,,,,,artista,1,texto_exposiciones,
n.35,Ximena Gama,agente,sin_catalogar,,,,,curador,2,texto_exposiciones,
n.36,World Press Photo,agente,sin_catalogar,,,,,apoyo,1,texto_exposiciones,
n.37,Olga C. Eusse González,agente,sin_catalogar,,,,,curador,1,texto_exposiciones,
n.38,Secretaría de Cultura de Cali,agente,sin_catalogar,,,,,apoyo,2,texto_exposiciones,
n.39,Benjamín Barney,agente,sin_catalogar,,,,,artista,1,texto_exposiciones,
n.40,Fernando Távora,agente,sin_catalogar,,,,,artista,1,texto_exposiciones,
n.41,José Antonio Coderch,agente,sin_catalogar,,,,,artista,1,texto_exposiciones,
n.42,Andrés Felipe Erazo Barco,agente,sin_catalogar,,,,,curador,1,texto_exposiciones,
n.43,Antonio Armesto Aira,agente,sin_catalogar,,,,,curador,1,texto_exposiciones,
n.44,Manuel Augusto Mendes Soares,agente,sin_catalogar,,,,,curador,1,texto_exposiciones,
n.45,Julieth Morales,agente,sin_catalogar,,,,,artista,1,texto_exposiciones,
n.46,Johan Samboní,agente,sin_catalogar,,,,,artista|curador,3,texto_exposiciones,
n.47,Christian Velásquez,agente,sin_catalogar,,,,,artista,1,texto_exposiciones,
n.48,María Belén Sáez de Ibarra,agente,sin_catalogar,,,,,curador,1,texto_exposiciones,
n.49,Semillero de Investigación Litoralidades,agente,sin_catalogar,,,,,apoyo,1,texto_exposiciones,
n.50,Museo de Memoria de Colombia,agente,sin_catalogar,,,,,apoyo,1,texto_exposiciones,
n.51,Mónica Vilá,agente,sin_catalogar,,,,,artista,1,texto_exposiciones,
n.52,Adriana Castellanos Olmedo,agente,sin_catalogar,,,,,curador,1,texto_exposiciones,
n.53,Solimán López,agente,sin_catalogar,,,,,artista,1,texto_exposiciones,
n.54,Parque Explora,agente,sin_catalogar,,,,,apoyo,2,texto_exposiciones,
n.55,Planetario de Bogotá,agente,sin_catalogar,,,,,apoyo,1,texto_exposiciones,
n.56,Casa de América,agente,sin_catalogar,,,,,apoyo,1,texto_exposiciones,
n.57,Mario Alvarez,agente,sin_catalogar,,,,,artista,1,texto_exposiciones,
n.58,Tatiana Cañón,agente,sin_catalogar,,,,,artista,1,texto_exposiciones,
n.59,Idamo Correal,agente,sin_catalogar,,,,,artista,1,texto_exposiciones,
n.60,Tatiana Díaz,agente,sin_catalogar,,,,,artista,1,texto_exposiciones,
n.61,Angélica Franco,agente,sin_catalogar,,,,,artista,1,texto_exposiciones,
n.62,Luisa Gallo,agente,sin_catalogar,,,,,artista,1,texto_exposiciones,
n.63,María Adelaida Garavito Velásquez,agente,sin_catalogar,,,,,artista,1,texto_exposiciones,
n.64,Natalia García,agente,sin_catalogar,,,,,artista,1,texto_exposiciones,
n.65,Sebastián García,agente,sin_catalogar,,,,,artista,1,texto_exposiciones,
n.66,María José González,agente,sin_catalogar,,,,,artista,1,texto_exposiciones,
n.67,Miguel Ángel Gutiérrez,agente,sin_catalogar,,,,,artista,1,texto_exposiciones,
n.68,Yaví Leal,agente,sin_catalogar,,,,,artista,1,texto_exposiciones,
n.69,Luisa Fernanda Moreno Osuna,agente,sin_catalogar,,,,,artista,1,texto_exposiciones,
n.70,Alexander Mueses,agente,sin_catalogar,,,,,artista,1,texto_exposiciones,
n.71,Mariana Ortíz Navarro,agente,sin_catalogar,,,,,artista,1,texto_exposiciones,
n.72,Luisa Rivera,agente,sin_catalogar,,,,,artista,1,texto_exposiciones,
n.73,Tomás Rubio,agente,sin_catalogar,,,,,artista,1,texto_exposiciones,
n.74,Paula Rodríguez,agente,sin_catalogar,,,,,artista,1,texto_exposiciones,
n.75,Stefany Ordóñez,agente,sin_catalogar,,,,,artista,1,texto_exposiciones,
n.76,Universidad El Bosque,agente,sin_catalogar,,,,,apoyo,1,texto_exposiciones,
n.77,David Vélez,agente,sin_catalogar,,,,,curador,1,texto_exposiciones,
n.78,Kadist,agente,sin_catalogar,,,,,apoyo,1,texto_exposiciones,
n.79,Espacio Odeón,agente,sin_catalogar,,,,,apoyo,1,texto_exposiciones,
n.80,Stephanie Montes,agente,sin_catalogar,,,,,artista,1,texto_exposiciones,
n.81,Línea Roja Producciones,agente,sin_catalogar,,,,,artista,1,texto_exposiciones,
n.82,Catalina Jaramillo Quijano,agente,sin_catalogar,,,,,artista,1,texto_exposiciones,
n.83,Luz Adriana Hoyos,agente,sin_catalogar,,,,,curador,1,texto_exposiciones,
n.84,Acumulaciones Taller,agente,sin_catalogar,,,,,artista,1,texto_exposiciones,
n.85,Paula Solarte,agente,sin_catalogar,,,,,artista,1,texto_exposiciones,
n.86,Biblioteca Pública Centro Cultural Comuna 1,agente,sin_catalogar,,,,,apoyo,1,texto_exposiciones,
n.87,Jose Ruiz Díaz,agente,sin_catalogar,,,,,artista,1,texto_exposiciones,
n.88,Laura Campaz,agente,sin_catalogar,,,,,artista,2,texto_exposiciones,
n.89,Colectivo Monómero,agente,sin_catalogar,,,,,artista,1,texto_exposiciones,
n.90,Dayana Camacho,agente,sin_catalogar,,,,,artista,1,texto_exposiciones,
n.91,Miguel Escobar,agente,sin_catalogar,,,,,artista,1,texto_exposiciones,
n.92,Pablo Wilson Córdoba Saa,agente,sin_catalogar,,,,,artista,1,texto_exposiciones,
n.93,BAT,agente,sin_catalogar,,,,,apoyo,2,texto_exposiciones,
n.94,Lina Saavedra de La Cruz,agente,sin_catalogar,,,,,curador,1,texto_exposiciones,
n.95,Adriana Castellanos Olmedos,agente,sin_catalogar,,,,,curador,1,texto_exposiciones,
n.96,Pavel Andrés Vernaza Ortiz,agente,sin_catalogar,,,,,curador,1,texto_exposiciones,
n.97,Sergio Lasso Estudio,agente,sin_catalogar,,,,,artista,1,texto_exposiciones,
n.98,Colectivo Deúniti,agente,sin_catalogar,,,,,artista,1,texto_exposiciones,
n.99,Eva Parra,agente,sin_catalogar,,,,,curador,1,texto_exposiciones,
n.100,Carlos Uribe,agente,sin_catalogar,,,,,curador,1,texto_exposiciones,
n.101,Fundación SURA,agente,sin_catalogar,,,,,apoyo,1,texto_exposiciones,
n.102,Ana González,agente,sin_catalogar,,,,,artista,1,texto_exposiciones,
n.103,Alejandra Ramírez,agente,sin_catalogar,,,,,artista,1,texto_exposiciones,
n.104,Juan Pablo Velásquez,agente,sin_catalogar,,,,,curador,1,texto_exposiciones,
n.105,MinCiencias,agente,sin_catalogar,,,,,apoyo,1,texto_exposiciones,
n.106,Adrien Chauvin Picard,agente,sin_catalogar,,,,,artista,1,texto_exposiciones,
n.107,Alix Quirama,agente,sin_catalogar,,,,,artista,1,texto_exposiciones,
n.108,Ani Ganzala,agente,sin_catalogar,,,,,artista,1,texto_exposiciones,
n.109,Camila Rodríguez Triana,agente,sin_catalogar,,,,,artista,1,texto_exposiciones,
n.110,Cecilia Vicuña,agente,sin_catalogar,,,,,artista,1,texto_exposiciones,
n.111,Costurero Dapa,agente,sin_catalogar,,,,,artista,1,texto_exposiciones,
n.112,Costurero Electrónico,agente,sin_catalogar,,,,,artista,1,texto_exposiciones,
n.113,Daniela Whaley,agente,sin_catalogar,,,,,artista,1,texto_exposiciones,
n.114,Edith Medina,agente,sin_catalogar,,,,,artista,1,texto_exposiciones,
n.115,Florencia Alonso,agente,sin_catalogar,,,,,artista,1,texto_exposiciones,
n.116,Holman Álvarez,agente,sin_catalogar,,,,,artista,1,texto_exposiciones,
n.117,Irma Sofía Poeter,agente,sin_catalogar,,,,,artista,1,texto_exposiciones,
n.118,Juana Gómez,agente,sin_catalogar,,,,,artista,1,texto_exposiciones,
n.119,Juliana Silva,agente,sin_catalogar,,,,,artista,1,texto_exposiciones,
n.120,Lilia Ziamou,agente,sin_catalogar,,,,,artista,1,texto_exposiciones,
n.121,Lina Puerta,agente,sin_catalogar,,,,,artista,1,texto_exposiciones,
n.122,María del Carmen Espinosa,agente,sin_catalogar,,,,,artista,1,texto_exposiciones,
n.123,María del Pilar Vergel,agente,sin_catalogar,,,,,artista,1,texto_exposiciones,
n.124,María José Durán Steinman,agente,sin_catalogar,,,,,artista,1,texto_exposiciones,
n.125,Mariana Guimaraes,agente,sin_catalogar,,,,,artista,1,texto_exposiciones,
n.126,Maritza Sánchez H,agente,sin_catalogar,,,,,artista,1,texto_exposiciones,
n.127,Miriam Martínez,agente,sin_catalogar,,,,,artista,1,texto_exposiciones,
n.128,Miriam Medrez,agente,sin_catalogar,,,,,artista,1,texto_exposiciones,
n.129,Ornella Ridone,agente,sin_catalogar,,,,,artista,1,texto_exposiciones,
n.130,Alianza 4U,agente,sin_catalogar,,,,,apoyo,1,texto_exposiciones,
n.131,Tecnocentro Cultural Somos Pacífico,agente,sin_catalogar,,,,,apoyo,1,texto_exposiciones,
n.132,Artolución,agente,sin_catalogar,,,,,apoyo,1,texto_exposiciones,
n.133,Gabriela Pinilla,agente,sin_catalogar,,,,,artista,1,texto_exposiciones,
n.134,Museo de Historia Natural de Londres,agente,sin_catalogar,,,,,apoyo,1,texto_exposiciones,
n.135,Forensic Architecture,agente,sin_catalogar,,,,,artista,1,texto_exposiciones,
n.136,Comisión de la Verdad,agente,sin_catalogar,,,,,apoyo,1,texto_exposiciones,
n.137,Diego Henao,agente,sin_catalogar,,,,,artista,1,texto_exposiciones,
n.138,María Astrid Ríos,agente,sin_catalogar,,,,,curador,1,texto_exposiciones,
n.139,Industrias Metálicas de Palmira,agente,sin_catalogar,,,,,apoyo,1,texto_exposiciones,
n.140,Boris Friedewald,agente,sin_catalogar,,,,,curador,1,texto_exposiciones,
n.141,ZKM,agente,sin_catalogar,,,,,apoyo,1,texto_exposiciones,
n.142,Erna von der Walde,agente,sin_catalogar,,,,,curador,1,texto_exposiciones,
n.143,Piedra Tijera Papel,agente,sin_catalogar,,,,,apoyo,1,texto_exposiciones,
n.144,"Ministerio de las Culturas, las Artes y los Saberes",agente,sin_catalogar,,,,,apoyo,1,texto_exposiciones,
n.145,Biblioteca Nacional de Colombia,agente,sin_catalogar,,,,,apoyo,1,texto_exposiciones,
n.146,Gerson Vargas,agente,sin_catalogar,,,,,artista,1,texto_exposiciones,
n.147,Mateo López,agente,sin_catalogar,,,,,artista,1,texto_exposiciones,
n.148,Julien Petit,agente,sin_catalogar,,,,,curador,1,texto_exposiciones,
n.149,Carlos Garaicoa,agente,sin_catalogar,,,,,artista,1,texto_exposiciones,
n.150,Le Corbusier,agente,sin_catalogar,,,,,artista,1,texto_exposiciones,
n.151,Fundación Sub/Liminal,agente,sin_catalogar,,,,,artista,1,texto_exposiciones,
n.152,Centro Nacional de Memoria Histórica,agente,sin_catalogar,,,,,apoyo,1,texto_exposiciones,
n.153,Museo Popular de Siloé,agente,sin_catalogar,,,,,artista,1,texto_exposiciones,
